id,type,label,degree
age:1–3,AgeBand,1–3,332
age:4–6,AgeBand,4–6,632
age:7–12,AgeBand,7–12,1392
age:13–17,AgeBand,13–17,1633
age:18–22,AgeBand,18–22,1697
age:23–26,AgeBand,23–26,2003
row:1,Row,S1,3
topic:Physical,Topic,Physical,11
sub:Physical|Motor Control,Subtopic,Motor Control,3
row:2,Row,S2,3
row:3,Row,S3,3
row:4,Row,S4,4
topic:Physical / Somatic,Topic,Physical / Somatic,1
sub:Physical / Somatic|Body Awareness,Subtopic,Body Awareness,1
state:tiredness,MindState,tiredness,211
row:5,Row,S5,3
topic:Cognitive,Topic,Cognitive,38
sub:Cognitive|Language Acquisition,Subtopic,Language Acquisition,3
row:6,Row,S6,3
row:7,Row,S7,3
sub:Cognitive|Object Permanence,Subtopic,Object Permanence,2
row:8,Row,S8,3
row:9,Row,S9,5
topic:Emotional,Topic,Emotional,59
sub:Emotional|Primary Emotions,Subtopic,Primary Emotions,6
state:joy,MindState,joy,169
state:playfulness,MindState,playfulness,81
row:10,Row,S10,4
state:anger,MindState,anger,594
row:11,Row,S11,4
state:fear,MindState,fear,699
row:12,Row,S12,4
state:disgust,MindState,disgust,10
row:13,Row,S13,4
state:sadness,MindState,sadness,226
row:14,Row,S14,4
state:surprise,MindState,surprise,107
row:15,Row,S15,4
sub:Emotional|Attachment Emotions,Subtopic,Attachment Emotions,3
state:trust,MindState,trust,1000
row:16,Row,S16,4
state:affection,MindState,affection,375
row:17,Row,S17,5
state:anxiety,MindState,anxiety,376
row:18,Row,S18,3
topic:Social / Mission,Topic,Social / Mission,7
sub:Social / Mission|Prosocial Care,Subtopic,Prosocial Care,16
row:19,Row,S19,3
topic:Habits & Ethics,Topic,Habits & Ethics,8
sub:Habits & Ethics|Early Routines,Subtopic,Early Routines,2
row:20,Row,S20,4
topic:Civic & Relational,Topic,Civic & Relational,9
sub:Civic & Relational|Filial Respect,Subtopic,Filial Respect,1
row:21,Row,S21,4
topic:Responsibility,Topic,Responsibility,6
sub:Responsibility|Spheres of Responsibility,Subtopic,Spheres of Responsibility,16
state:admiration,MindState,admiration,454
row:22,Row,S22,3
topic:Cognitive / Social,Topic,Cognitive / Social,3
sub:Cognitive / Social|Theory of Mind,Subtopic,Theory of Mind,3
row:23,Row,S23,3
row:24,Row,S24,4
row:25,Row,S25,4
topic:Social,Topic,Social,21
sub:Social|Cooperative Play,Subtopic,Cooperative Play,4
state:interest,MindState,interest,161
row:26,Row,S26,3
row:27,Row,S27,4
row:28,Row,S28,3
row:29,Row,S29,3
sub:Cognitive|Foundational Logic,Subtopic,Foundational Logic,3
row:30,Row,S30,4
state:resentment,MindState,resentment,244
row:31,Row,S31,3
row:32,Row,S32,3
topic:Creativity,Topic,Creativity,5
sub:Creativity|Imaginative Play,Subtopic,Imaginative Play,1
row:33,Row,S33,3
topic:Physical Literacy,Topic,Physical Literacy,2
sub:Physical Literacy|Body Boundaries,Subtopic,Body Boundaries,1
row:34,Row,S34,5
sub:Emotional|Self-Conscious Emotions,Subtopic,Self-Conscious Emotions,4
state:pride,MindState,pride,164
state:contentment,MindState,contentment,25
row:35,Row,S35,4
state:shame,MindState,shame,226
row:36,Row,S36,4
state:guilt,MindState,guilt,222
row:37,Row,S37,5
state:embarrassment,MindState,embarrassment,122
state:overwhelm,MindState,overwhelm,74
row:38,Row,S38,5
sub:Emotional|Early Empathic Emotions,Subtopic,Early Empathic Emotions,2
state:empathy,MindState,empathy,82
row:39,Row,S39,4
state:hurt,MindState,hurt,444
row:40,Row,S40,5
topic:Coping,Topic,Coping,9
sub:Coping|Emotional Regulation,Subtopic,Emotional Regulation,1
state:disappointment,MindState,disappointment,58
row:41,Row,S41,4
topic:Humor,Topic,Humor,2
sub:Humor|Early Humor,Subtopic,Early Humor,1
row:42,Row,S42,3
topic:Morality,Topic,Morality,11
sub:Morality|Moral Reasoning,Subtopic,Moral Reasoning,13
row:43,Row,S43,3
row:44,Row,S44,4
topic:Behavior,Topic,Behavior,7
sub:Behavior|Intelligent Decision-Making,Subtopic,Intelligent Decision-Making,13
row:45,Row,S45,3
sub:Habits & Ethics|Classroom Conduct,Subtopic,Classroom Conduct,1
row:46,Row,S46,4
sub:Civic & Relational|Relational Respect,Subtopic,Relational Respect,1
row:47,Row,S47,4
row:48,Row,S48,3
sub:Cognitive|Academic Fundamentals,Subtopic,Academic Fundamentals,3
row:49,Row,S49,3
row:50,Row,S50,3
row:51,Row,S51,4
topic:Critical Thinking,Topic,Critical Thinking,4
sub:Critical Thinking|Intellectual Virtues,Subtopic,Intellectual Virtues,1
state:curiosity,MindState,curiosity,132
row:52,Row,S52,4
sub:Social|Complex Social Dynamics,Subtopic,Complex Social Dynamics,4
row:53,Row,S53,3
row:54,Row,S54,3
row:55,Row,S55,3
row:56,Row,S56,3
topic:Advanced Communication,Topic,Advanced Communication,6
sub:Advanced Communication|Interpersonal Literacy,Subtopic,Interpersonal Literacy,1
row:57,Row,S57,3
sub:Cognitive|Rule-Based Logic,Subtopic,Rule-Based Logic,3
row:58,Row,S58,3
row:59,Row,S59,3
row:60,Row,S60,3
sub:Creativity|Artistic Expression,Subtopic,Artistic Expression,4
row:61,Row,S61,5
sub:Emotional|Social/Relational Emotions,Subtopic,Social/Relational Emotions,4
state:jealousy,MindState,jealousy,36
row:62,Row,S62,5
state:envy,MindState,envy,78
state:nostalgia,MindState,nostalgia,141
row:63,Row,S63,4
row:64,Row,S64,4
state:insecurity,MindState,insecurity,29
row:65,Row,S65,3
sub:Emotional|Moral Emotions,Subtopic,Moral Emotions,3
row:66,Row,S66,4
state:gratitude,MindState,gratitude,177
row:67,Row,S67,3
row:68,Row,S68,4
sub:Coping|Perseverance,Subtopic,Perseverance,1
state:determination,MindState,determination,39
row:69,Row,S69,3
sub:Humor|Social Wit,Subtopic,Social Wit,1
row:70,Row,S70,4
row:71,Row,S71,3
row:72,Row,S72,4
row:73,Row,S73,4
sub:Habits & Ethics|Academic Discipline,Subtopic,Academic Discipline,1
row:74,Row,S74,4
topic:Financial Literacy,Topic,Financial Literacy,10
sub:Financial Literacy|Resource Management,Subtopic,Resource Management,1
row:75,Row,S75,4
sub:Civic & Relational|Civic Identity,Subtopic,Civic Identity,1
row:76,Row,S76,4
row:77,Row,S77,3
sub:Cognitive|Abstract Thinking,Subtopic,Abstract Thinking,3
row:78,Row,S78,3
row:79,Row,S79,3
row:80,Row,S80,4
sub:Critical Thinking|Metacognitive Virtues,Subtopic,Metacognitive Virtues,1
row:81,Row,S81,3
topic:Identity,Topic,Identity,5
sub:Identity|Identity Formation,Subtopic,Identity Formation,3
row:82,Row,S82,3
row:83,Row,S83,3
row:84,Row,S84,3
sub:Social|Social Hierarchies,Subtopic,Social Hierarchies,3
row:85,Row,S85,4
row:86,Row,S86,3
row:87,Row,S87,4
sub:Advanced Communication|Conflict & Feedback,Subtopic,Conflict & Feedback,1
state:hostility,MindState,hostility,69
row:88,Row,S88,6
sub:Emotional|Complex/Abstract Emotions,Subtopic,Complex/Abstract Emotions,4
row:89,Row,S89,3
row:90,Row,S90,5
state:detachment,MindState,detachment,207
row:91,Row,S91,3
row:92,Row,S92,3
sub:Emotional|Intimate Emotions,Subtopic,Intimate Emotions,3
row:93,Row,S93,5
row:94,Row,S94,3
row:95,Row,S95,6
sub:Coping|Stress Regulation,Subtopic,Stress Regulation,1
state:calm,MindState,calm,532
state:relief from stress,MindState,relief from stress,72
row:96,Row,S96,3
row:97,Row,S97,3
topic:Moral Courage,Topic,Moral Courage,2
sub:Moral Courage|Conviction,Subtopic,Conviction,1
row:98,Row,S98,3
topic:Spiritual / Meaning,Topic,Spiritual / Meaning,4
sub:Spiritual / Meaning|Existential Inquiry,Subtopic,Existential Inquiry,1
row:99,Row,S99,3
row:100,Row,S100,3
row:101,Row,S101,3
sub:Habits & Ethics|Lifestyle & Digital Ethics,Subtopic,Lifestyle & Digital Ethics,1
row:102,Row,S102,4
sub:Civic & Relational|Civic Duty,Subtopic,Civic Duty,1
row:103,Row,S103,3
row:104,Row,S104,3
topic:Life Skills,Topic,Life Skills,4
sub:Life Skills|Self-Reliance,Subtopic,Self-Reliance,3
row:105,Row,S105,3
row:106,Row,S106,3
row:107,Row,S107,3
topic:Education / Career,Topic,Education / Career,3
sub:Education / Career|Specialization,Subtopic,Specialization,3
row:108,Row,S108,3
row:109,Row,S109,3
row:110,Row,S110,3
sub:Creativity|Innovation,Subtopic,Innovation,1
row:111,Row,S111,3
sub:Critical Thinking|Media Literacy,Subtopic,Media Literacy,1
row:112,Row,S112,4
sub:Advanced Communication|Professional Relations,Subtopic,Professional Relations,1
row:113,Row,S113,5
sub:Emotional|Transitional Emotions,Subtopic,Transitional Emotions,4
state:excitement,MindState,excitement,91
row:114,Row,S114,6
row:115,Row,S115,4
row:116,Row,S116,4
row:117,Row,S117,4
sub:Emotional|Resilience & Grief,Subtopic,Resilience & Grief,3
row:118,Row,S118,3
row:119,Row,S119,4
row:120,Row,S120,5
topic:Humor & Play,Topic,Humor & Play,1
sub:Humor & Play|Psychological Balance,Subtopic,Psychological Balance,1
state:amusement,MindState,amusement,166
row:121,Row,S121,3
sub:Physical Literacy|Health Stewardship,Subtopic,Health Stewardship,1
row:122,Row,S122,3
row:123,Row,S123,3
row:124,Row,S124,3
row:125,Row,S125,4
sub:Habits & Ethics|Workplace Conduct,Subtopic,Workplace Conduct,1
row:126,Row,S126,3
sub:Civic & Relational|Active Citizenship,Subtopic,Active Citizenship,1
row:127,Row,S127,3
row:128,Row,S128,3
topic:Biological / Cognitive,Topic,Biological / Cognitive,3
sub:Biological / Cognitive|Prefrontal Maturation,Subtopic,Prefrontal Maturation,3
row:129,Row,S129,3
row:130,Row,S130,3
row:131,Row,S131,3
sub:Critical Thinking|Intellectual Mastery,Subtopic,Intellectual Mastery,1
row:132,Row,S132,3
topic:Career / Life Skills,Topic,Career / Life Skills,3
sub:Career / Life Skills|Professional Adaptability,Subtopic,Professional Adaptability,3
row:133,Row,S133,3
row:134,Row,S134,3
row:135,Row,S135,3
sub:Cognitive|Long-Term Consequences,Subtopic,Long-Term Consequences,3
row:136,Row,S136,3
row:137,Row,S137,3
row:138,Row,S138,3
sub:Creativity|Strategic Innovation,Subtopic,Strategic Innovation,1
row:139,Row,S139,5
sub:Emotional|Existential Emotions,Subtopic,Existential Emotions,4
state:awe,MindState,awe,60
row:140,Row,S140,4
row:141,Row,S141,5
state:dread,MindState,dread,3
row:142,Row,S142,3
row:143,Row,S143,4
sub:Emotional|Mature Compassion,Subtopic,Mature Compassion,3
row:144,Row,S144,4
row:145,Row,S145,3
row:146,Row,S146,3
row:147,Row,S147,3
sub:Moral Courage|Executive Integrity,Subtopic,Executive Integrity,1
row:148,Row,S148,3
sub:Financial Literacy|Asset Strategy,Subtopic,Asset Strategy,1
row:149,Row,S149,3
row:150,Row,S150,3
row:151,Row,S151,4
sub:Habits & Ethics|Professional Mastery,Subtopic,Professional Mastery,1
row:152,Row,S152,3
sub:Civic & Relational|Institutional Leadership,Subtopic,Institutional Leadership,1
row:153,Row,S153,3
row:154,Row,S154,3
sub:Cognitive|Attention & Memory,Subtopic,Attention & Memory,1
row:155,Row,S155,3
sub:Social|Imitation,Subtopic,Imitation,1
row:156,Row,S156,4
sub:Emotional|Emotional Co-Regulation,Subtopic,Emotional Co-Regulation,1
row:157,Row,S157,3
sub:Cognitive|Causality,Subtopic,Causality,1
row:158,Row,S158,3
row:159,Row,S159,3
sub:Social|Self-Concept,Subtopic,Self-Concept,1
row:160,Row,S160,3
row:161,Row,S161,3
sub:Morality|Early Conscience,Subtopic,Early Conscience,1
row:162,Row,S162,3
topic:Cultural,Topic,Cultural,9
sub:Cultural|Cultural Immersion,Subtopic,Cultural Immersion,1
row:163,Row,S163,3
sub:Emotional|Temperament,Subtopic,Temperament,1
row:164,Row,S164,3
topic:Digital & Technology,Topic,Digital & Technology,18
sub:Digital & Technology|Early Screen Exposure,Subtopic,Early Screen Exposure,1
row:165,Row,S165,3
sub:Cognitive|Language & Narrative,Subtopic,Language & Narrative,1
row:166,Row,S166,3
sub:Cognitive|Curiosity,Subtopic,Curiosity,1
row:167,Row,S167,3
sub:Cognitive|Memory,Subtopic,Memory,1
row:168,Row,S168,4
sub:Emotional|Emotional Literacy,Subtopic,Emotional Literacy,1
row:169,Row,S169,8
sub:Emotional|Emotional Regulation,Subtopic,Emotional Regulation,1
row:170,Row,S170,3
sub:Social|Fairness,Subtopic,Fairness,1
row:171,Row,S171,4
sub:Morality|Honesty,Subtopic,Honesty,1
row:172,Row,S172,3
sub:Morality|Repair,Subtopic,Repair,1
row:173,Row,S173,4
sub:Social|Diversity Awareness,Subtopic,Diversity Awareness,1
row:174,Row,S174,5
topic:Safety,Topic,Safety,3
sub:Safety|Personal Safety,Subtopic,Personal Safety,1
row:175,Row,S175,3
sub:Physical|Health Habits,Subtopic,Health Habits,1
row:176,Row,S176,3
sub:Cultural|Cultural Identity,Subtopic,Cultural Identity,1
row:177,Row,S177,3
sub:Digital & Technology|Screen Habits,Subtopic,Screen Habits,1
row:178,Row,S178,3
sub:Cognitive|Executive Function,Subtopic,Executive Function,1
row:179,Row,S179,3
sub:Cognitive|Time Concept,Subtopic,Time Concept,1
row:180,Row,S180,3
sub:Social|Friendship,Subtopic,Friendship,1
row:181,Row,S181,4
sub:Emotional|Fear & Imagination,Subtopic,Fear & Imagination,1
row:182,Row,S182,4
row:183,Row,S183,4
topic:Ethics,Topic,Ethics,2
sub:Ethics|Care for Nature,Subtopic,Care for Nature,1
row:184,Row,S184,3
sub:Financial Literacy|Money Concepts,Subtopic,Money Concepts,1
row:185,Row,S185,3
sub:Cognitive|Learning Skills,Subtopic,Learning Skills,1
row:186,Row,S186,3
sub:Cognitive|Learning Mindset,Subtopic,Learning Mindset,1
row:187,Row,S187,4
sub:Cognitive|Reasoning,Subtopic,Reasoning,1
state:confusion,MindState,confusion,119
row:188,Row,S188,3
sub:Cognitive|Written Expression,Subtopic,Written Expression,1
row:189,Row,S189,3
sub:Cognitive|Multilingualism,Subtopic,Multilingualism,1
row:190,Row,S190,3
sub:Cognitive|Scientific Thinking,Subtopic,Scientific Thinking,1
row:191,Row,S191,4
sub:Digital & Technology|Online Safety,Subtopic,Online Safety,1
row:192,Row,S192,3
sub:Digital & Technology|Digital Literacy,Subtopic,Digital Literacy,1
row:193,Row,S193,3
sub:Digital & Technology|Screen Balance,Subtopic,Screen Balance,1
row:194,Row,S194,3
sub:Digital & Technology|AI Awareness,Subtopic,AI Awareness,1
row:195,Row,S195,3
sub:Emotional|Anger Management,Subtopic,Anger Management,1
row:196,Row,S196,5
sub:Emotional|Anxiety,Subtopic,Anxiety,1
row:197,Row,S197,5
sub:Emotional|Self-Worth,Subtopic,Self-Worth,1
row:198,Row,S198,3
sub:Social|Bullying,Subtopic,Bullying,1
row:199,Row,S199,4
sub:Social|Peer Pressure,Subtopic,Peer Pressure,1
row:200,Row,S200,3
sub:Social|Teamwork,Subtopic,Teamwork,1
row:201,Row,S201,4
sub:Social|Inclusion,Subtopic,Inclusion,1
state:shyness,MindState,shyness,74
row:202,Row,S202,4
sub:Social|Gender Respect,Subtopic,Gender Respect,1
row:203,Row,S203,3
sub:Morality|Integrity,Subtopic,Integrity,1
row:204,Row,S204,3
sub:Morality|Justice,Subtopic,Justice,1
row:205,Row,S205,4
sub:Physical|Puberty Education,Subtopic,Puberty Education,1
row:206,Row,S206,3
sub:Physical|Sports & Discipline,Subtopic,Sports & Discipline,1
row:207,Row,S207,3
sub:Physical|Nutrition,Subtopic,Nutrition,1
row:208,Row,S208,3
sub:Safety|Emergency Skills,Subtopic,Emergency Skills,1
row:209,Row,S209,4
sub:Safety|Body Safety,Subtopic,Body Safety,1
row:210,Row,S210,3
sub:Financial Literacy|Saving & Earning,Subtopic,Saving & Earning,1
row:211,Row,S211,3
sub:Cultural|Heritage,Subtopic,Heritage,1
row:212,Row,S212,4
sub:Cultural|Intercultural Respect,Subtopic,Intercultural Respect,1
row:213,Row,S213,4
topic:Spiritual,Topic,Spiritual,1
sub:Spiritual|Contemplative Practice,Subtopic,Contemplative Practice,1
row:214,Row,S214,3
topic:Vocational,Topic,Vocational,2
sub:Vocational|Interest Discovery,Subtopic,Interest Discovery,1
row:215,Row,S215,3
topic:Environment,Topic,Environment,3
sub:Environment|Sustainability,Subtopic,Sustainability,1
row:216,Row,S216,3
topic:Family,Topic,Family,5
sub:Family|Family Roles,Subtopic,Family Roles,1
row:217,Row,S217,3
sub:Cognitive|Learning Strategies,Subtopic,Learning Strategies,1
row:218,Row,S218,3
sub:Cognitive|Argumentation,Subtopic,Argumentation,1
row:219,Row,S219,4
sub:Cognitive|Quantitative Reasoning,Subtopic,Quantitative Reasoning,1
row:220,Row,S220,3
sub:Cognitive|Scientific Literacy,Subtopic,Scientific Literacy,1
row:221,Row,S221,4
sub:Advanced Communication|Public Speaking,Subtopic,Public Speaking,1
row:222,Row,S222,4
sub:Digital & Technology|Social Media Literacy,Subtopic,Social Media Literacy,1
row:223,Row,S223,3
sub:Digital & Technology|Digital Identity,Subtopic,Digital Identity,1
row:224,Row,S224,3
sub:Digital & Technology|AI Literacy,Subtopic,AI Literacy,4
row:225,Row,S225,4
sub:Digital & Technology|Cyber Safety,Subtopic,Cyber Safety,1
row:226,Row,S226,3
sub:Digital & Technology|Self-Regulation,Subtopic,Self-Regulation,1
row:227,Row,S227,3
sub:Emotional|Body Image,Subtopic,Body Image,1
row:228,Row,S228,3
sub:Emotional|Adolescent Mood,Subtopic,Adolescent Mood,1
row:229,Row,S229,5
sub:Family|Autonomy Negotiation,Subtopic,Autonomy Negotiation,1
row:230,Row,S230,4
sub:Emotional|Academic Pressure,Subtopic,Academic Pressure,1
row:231,Row,S231,4
topic:Relationships,Topic,Relationships,8
sub:Relationships|Sexual Health & Consent,Subtopic,Sexual Health & Consent,1
row:232,Row,S232,5
sub:Relationships|Relationship Quality,Subtopic,Relationship Quality,1
row:233,Row,S233,4
sub:Emotional|Grief,Subtopic,Grief,1
state:grief,MindState,grief,157
row:234,Row,S234,5
sub:Emotional|Solitude,Subtopic,Solitude,1
state:loneliness,MindState,loneliness,128
row:235,Row,S235,7
topic:Mental Health,Topic,Mental Health,3
sub:Mental Health|Mental Health Literacy,Subtopic,Mental Health Literacy,1
row:236,Row,S236,3
sub:Physical|Sleep & Recovery,Subtopic,Sleep & Recovery,1
row:237,Row,S237,3
topic:Health Risk,Topic,Health Risk,2
sub:Health Risk|Substance Risk,Subtopic,Substance Risk,1
row:238,Row,S238,4
sub:Vocational|Career Exploration,Subtopic,Career Exploration,1
row:239,Row,S239,4
sub:Financial Literacy|Money Basics,Subtopic,Money Basics,1
row:240,Row,S240,3
sub:Civic & Relational|Political Awareness,Subtopic,Political Awareness,1
row:241,Row,S241,3
sub:Ethics|Academic Honesty,Subtopic,Academic Honesty,1
row:242,Row,S242,3
topic:Leadership,Topic,Leadership,3
sub:Leadership|Initiative,Subtopic,Initiative,1
row:243,Row,S243,5
sub:Cultural|Identity Navigation,Subtopic,Identity Navigation,1
row:244,Row,S244,4
sub:Cultural|Intercultural Competence,Subtopic,Intercultural Competence,4
row:245,Row,S245,5
sub:Coping|Adversity,Subtopic,Adversity,4
state:hope,MindState,hope,84
row:246,Row,S246,3
topic:Individual Variation,Topic,Individual Variation,3
sub:Individual Variation|Neurodiversity,Subtopic,Neurodiversity,4
row:247,Row,S247,3
sub:Environment|Climate Awareness,Subtopic,Climate Awareness,1
row:248,Row,S248,3
sub:Physical|Fitness & Body Care,Subtopic,Fitness & Body Care,1
row:249,Row,S249,3
topic:Philosophy,Topic,Philosophy,1
sub:Philosophy|Worldviews,Subtopic,Worldviews,1
row:250,Row,S250,5
sub:Habits & Ethics|Perseverance,Subtopic,Perseverance,1
state:boredom,MindState,boredom,70
row:251,Row,S251,3
sub:Relationships|Romantic Partnership,Subtopic,Romantic Partnership,1
row:252,Row,S252,5
sub:Relationships|Intimacy,Subtopic,Intimacy,1
row:253,Row,S253,3
sub:Family|Adult Child,Subtopic,Adult Child,1
row:254,Row,S254,3
sub:Relationships|Friendship Maintenance,Subtopic,Friendship Maintenance,1
row:255,Row,S255,5
sub:Emotional|Isolation,Subtopic,Isolation,1
row:256,Row,S256,3
sub:Life Skills|Shared Living,Subtopic,Shared Living,1
row:257,Row,S257,6
sub:Mental Health|Burnout & Depression,Subtopic,Burnout & Depression,1
row:258,Row,S258,3
sub:Health Risk|Addiction,Subtopic,Addiction,1
row:259,Row,S259,3
sub:Identity|Values Clarification,Subtopic,Values Clarification,1
row:260,Row,S260,3
sub:Coping|Self-Compassion,Subtopic,Self-Compassion,1
row:261,Row,S261,4
sub:Coping|Attention Training,Subtopic,Attention Training,1
row:262,Row,S262,3
sub:Physical|Circadian & Lifestyle,Subtopic,Circadian & Lifestyle,1
row:263,Row,S263,3
row:264,Row,S264,3
sub:Digital & Technology|Digital Privacy,Subtopic,Digital Privacy,1
row:265,Row,S265,4
sub:Digital & Technology|Attention Economy,Subtopic,Attention Economy,1
row:266,Row,S266,3
sub:Digital & Technology|Online Reputation,Subtopic,Online Reputation,1
row:267,Row,S267,4
topic:Career,Topic,Career,8
sub:Career|Job Search,Subtopic,Job Search,1
row:268,Row,S268,3
sub:Career|Entrepreneurship,Subtopic,Entrepreneurship,4
row:269,Row,S269,3
sub:Career|Self-Directed Learning,Subtopic,Self-Directed Learning,1
row:270,Row,S270,3
sub:Career|Rejection Resilience,Subtopic,Rejection Resilience,1
row:271,Row,S271,4
sub:Career|Collaboration,Subtopic,Collaboration,1
row:272,Row,S272,3
sub:Leadership|Team Leadership,Subtopic,Team Leadership,1
row:273,Row,S273,4
sub:Financial Literacy|Credit & Debt,Subtopic,Credit & Debt,1
row:274,Row,S274,3
sub:Financial Literacy|Risk Cover,Subtopic,Risk Cover,1
row:275,Row,S275,3
sub:Financial Literacy|Investing,Subtopic,Investing,1
row:276,Row,S276,3
sub:Civic & Relational|Legal Literacy,Subtopic,Legal Literacy,1
row:277,Row,S277,3
topic:Health,Topic,Health,1
sub:Health|Healthcare Navigation,Subtopic,Healthcare Navigation,1
row:278,Row,S278,3
sub:Morality|Career Ethics,Subtopic,Career Ethics,1
row:279,Row,S279,4
row:280,Row,S280,3
sub:Spiritual / Meaning|Purpose,Subtopic,Purpose,1
row:281,Row,S281,3
row:282,Row,S282,4
sub:Individual Variation|Self-Advocacy,Subtopic,Self-Advocacy,1
row:283,Row,S283,5
sub:Advanced Communication|Assertiveness,Subtopic,Assertiveness,1
row:284,Row,S284,3
sub:Behavior|Habit Formation,Subtopic,Habit Formation,1
row:285,Row,S285,3
sub:Behavior|Life Choices,Subtopic,Life Choices,1
row:286,Row,S286,3
sub:Social / Mission|Volunteering,Subtopic,Volunteering,1
row:287,Row,S287,3
sub:Emotional|Emotional Intelligence,Subtopic,Emotional Intelligence,1
row:288,Row,S288,3
sub:Career|Career Growth,Subtopic,Career Growth,1
row:289,Row,S289,4
sub:Leadership|People Management,Subtopic,People Management,1
row:290,Row,S290,4
sub:Advanced Communication|Negotiation,Subtopic,Negotiation,1
row:291,Row,S291,3
row:292,Row,S292,3
sub:Career|Career Pivot,Subtopic,Career Pivot,1
row:293,Row,S293,4
topic:Professional Ethics,Topic,Professional Ethics,1
sub:Professional Ethics|Data & Conflict Ethics,Subtopic,Data & Conflict Ethics,1
row:294,Row,S294,3
sub:Relationships|Life Partnership,Subtopic,Life Partnership,1
row:295,Row,S295,3
sub:Relationships|Parenting Readiness,Subtopic,Parenting Readiness,1
row:296,Row,S296,3
sub:Family|Eldercare,Subtopic,Eldercare,1
row:297,Row,S297,4
sub:Family|Boundary Setting,Subtopic,Boundary Setting,1
row:298,Row,S298,4
sub:Relationships|Social Capital,Subtopic,Social Capital,1
row:299,Row,S299,4
sub:Coping|Adversity Resilience,Subtopic,Adversity Resilience,1
row:300,Row,S300,3
sub:Coping|Trauma Recovery,Subtopic,Trauma Recovery,1
row:301,Row,S301,3
sub:Mental Health|Professional Support,Subtopic,Professional Support,1
row:302,Row,S302,3
sub:Identity|Integrated Self,Subtopic,Integrated Self,1
row:303,Row,S303,3
sub:Cognitive|Judgment,Subtopic,Judgment,1
row:304,Row,S304,5
sub:Emotional|Emotional Mastery,Subtopic,Emotional Mastery,1
row:305,Row,S305,3
sub:Digital & Technology|AI Collaboration,Subtopic,AI Collaboration,1
row:306,Row,S306,3
sub:Digital & Technology|Information Integrity,Subtopic,Information Integrity,1
row:307,Row,S307,3
sub:Digital & Technology|Attention Sovereignty,Subtopic,Attention Sovereignty,1
row:308,Row,S308,3
sub:Financial Literacy|Long-Term Planning,Subtopic,Long-Term Planning,1
row:309,Row,S309,3
sub:Financial Literacy|Consumption Discipline,Subtopic,Consumption Discipline,1
row:310,Row,S310,3
sub:Civic & Relational|Civic Engagement,Subtopic,Civic Engagement,1
row:311,Row,S311,3
sub:Environment|Sustainable Living,Subtopic,Sustainable Living,1
row:312,Row,S312,3
sub:Cultural|Heritage Transmission,Subtopic,Heritage Transmission,1
row:313,Row,S313,5
sub:Spiritual / Meaning|Legacy & Mortality,Subtopic,Legacy & Mortality,1
row:314,Row,S314,3
sub:Spiritual / Meaning|Contemplative Practice,Subtopic,Contemplative Practice,1
row:315,Row,S315,3
sub:Physical|Preventive Health,Subtopic,Preventive Health,1
row:316,Row,S316,4
sub:Cultural|Global Mobility,Subtopic,Global Mobility,1
row:317,Row,S317,3
row:318,Row,S318,8
topic:Situational Awareness,Topic,Situational Awareness,1744
sub:Situational Awareness|Caregiver leaves the room,Subtopic,Caregiver leaves the room,12
stance:attachment distress,Stance,attachment distress,3
cp:mother,Counterpart,mother,12
row:319,Row,S319,8
stance:fear,Stance,fear,327
cp:stranger,Counterpart,stranger,28
row:320,Row,S320,7
sub:Situational Awareness|Sibling takes a toy,Subtopic,Sibling takes a toy,10
stance:anger,Stance,anger,210
cp:older sibling,Counterpart,older sibling,8
row:321,Row,S321,6
stance:tolerance,Stance,tolerance,3
cp:younger sibling,Counterpart,younger sibling,4
row:322,Row,S322,6
sub:Situational Awareness|Elder offers affection,Subtopic,Elder offers affection,4
stance:affection,Stance,affection,108
cp:grandparent,Counterpart,grandparent,48
row:323,Row,S323,6
stance:shyness,Stance,shyness,12
cp:unfamiliar relative,Counterpart,unfamiliar relative,2
row:324,Row,S324,7
sub:Situational Awareness|Caregiver says no,Subtopic,Caregiver says no,6
cp:parent,Counterpart,parent,382
row:325,Row,S325,5
sub:Situational Awareness|Toy dispute during play,Subtopic,Toy dispute during play,20
stance:argument,Stance,argument,105
cp:friend,Counterpart,friend,388
row:326,Row,S326,6
stance:generosity,Stance,generosity,30
row:327,Row,S327,7
stance:hurt,Stance,hurt,21
cp:excluded child,Counterpart,excluded child,2
row:328,Row,S328,6
cp:bully,Counterpart,bully,54
row:329,Row,S329,6
sub:Situational Awareness|Teacher corrects behaviour,Subtopic,Teacher corrects behaviour,16
stance:respect,Stance,respect,117
cp:teacher,Counterpart,teacher,128
row:330,Row,S330,6
row:331,Row,S331,8
stance:defiance,Stance,defiance,6
row:332,Row,S332,5
sub:Situational Awareness|Parent refuses a request,Subtopic,Parent refuses a request,10
stance:bargaining,Stance,bargaining,9
row:333,Row,S333,5
sub:Situational Awareness|Younger sibling cries,Subtopic,Younger sibling cries,10
stance:compassion,Stance,compassion,144
cp:sibling,Counterpart,sibling,118
row:334,Row,S334,6
stance:jealousy,Stance,jealousy,51
row:335,Row,S335,6
sub:Situational Awareness|Receiving a disappointing gift,Subtopic,Receiving a disappointing gift,8
stance:gratitude,Stance,gratitude,132
cp:relative,Counterpart,relative,22
row:336,Row,S336,8
sub:Situational Awareness|Seeing someone else hurt,Subtopic,Seeing someone else hurt,2
row:337,Row,S337,7
sub:Situational Awareness|Praying or ritual at home,Subtopic,Praying or ritual at home,10
stance:worship,Stance,worship,57
cp:family deity,Counterpart,family deity,2
row:338,Row,S338,5
sub:Situational Awareness|Rule dispute in a game,Subtopic,Rule dispute in a game,6
row:339,Row,S339,5
stance:compromise,Stance,compromise,3
row:340,Row,S340,7
stance:hostility,Stance,hostility,3
cp:rival,Counterpart,rival,34
row:341,Row,S341,8
sub:Situational Awareness|Classmate wins the prize,Subtopic,Classmate wins the prize,6
stance:envy,Stance,envy,174
cp:best friend,Counterpart,best friend,50
row:342,Row,S342,8
row:343,Row,S343,6
stance:admiration,Stance,admiration,84
cp:classmate,Counterpart,classmate,88
row:344,Row,S344,6
sub:Situational Awareness|Teacher gives feedback,Subtopic,Teacher gives feedback,4
row:345,Row,S345,6
stance:resentment,Stance,resentment,114
row:346,Row,S346,7
sub:Situational Awareness|Elder gives advice,Subtopic,Elder gives advice,4
row:347,Row,S347,6
row:348,Row,S348,5
sub:Situational Awareness|Witnessing cheating in an exam,Subtopic,Witnessing cheating in an exam,4
stance:loyalty,Stance,loyalty,132
row:349,Row,S349,7
row:350,Row,S350,9
sub:Situational Awareness|Being teased by peers,Subtopic,Being teased by peers,6
cp:peers,Counterpart,peers,10
row:351,Row,S351,7
stance:hatred,Stance,hatred,51
row:352,Row,S352,7
row:353,Row,S353,5
sub:Situational Awareness|Sibling rivalry,Subtopic,Sibling rivalry,2
stance:rivalry,Stance,rivalry,63
row:354,Row,S354,8
sub:Situational Awareness|Festival or prayer,Subtopic,Festival or prayer,20
cp:god,Counterpart,god,40
row:355,Row,S355,6
row:356,Row,S356,7
cp:other faith,Counterpart,other faith,2
row:357,Row,S357,8
sub:Situational Awareness|Getting lost or in danger,Subtopic,Getting lost or in danger,2
stance:trust,Stance,trust,198
cp:trusted adult,Counterpart,trusted adult,4
row:358,Row,S358,6
sub:Situational Awareness|Parent sets a restriction,Subtopic,Parent sets a restriction,22
row:359,Row,S359,6
stance:deceit,Stance,deceit,45
row:360,Row,S360,6
stance:silent withdrawal,Stance,silent withdrawal,3
row:361,Row,S361,7
row:362,Row,S362,5
sub:Situational Awareness|Romantic feelings arise,Subtopic,Romantic feelings arise,24
stance:obsession,Stance,obsession,42
cp:crush,Counterpart,crush,56
row:363,Row,S363,6
stance:rejection,Stance,rejection,99
row:364,Row,S364,10
stance:coercion,Stance,coercion,150
cp:partner,Counterpart,partner,144
row:365,Row,S365,7
row:366,Row,S366,7
sub:Situational Awareness|Friend betrays a secret,Subtopic,Friend betrays a secret,20
row:367,Row,S367,5
stance:forgiveness,Stance,forgiveness,63
row:368,Row,S368,6
stance:grief,Stance,grief,87
row:369,Row,S369,6
sub:Situational Awareness|Teacher seems unfair,Subtopic,Teacher seems unfair,26
stance:dissent,Stance,dissent,6
row:370,Row,S370,6
sub:Situational Awareness|Admiring a celebrity or leader,Subtopic,Admiring a celebrity or leader,20
cp:idol,Counterpart,idol,8
row:371,Row,S371,5
stance:disillusionment,Stance,disillusionment,96
row:372,Row,S372,5
sub:Situational Awareness|Competing for a place,Subtopic,Competing for a place,4
row:373,Row,S373,5
row:374,Row,S374,5
sub:Situational Awareness|Group chat argument,Subtopic,Group chat argument,16
stance:public shaming,Stance,public shaming,3
cp:peer group,Counterpart,peer group,18
row:375,Row,S375,6
stance:provocation,Stance,provocation,3
cp:online stranger,Counterpart,online stranger,38
row:376,Row,S376,7
sub:Situational Awareness|Questioning family faith,Subtopic,Questioning family faith,20
stance:doubt,Stance,doubt,9
state:doubt,MindState,doubt,134
row:377,Row,S377,6
state:contempt,MindState,contempt,64
row:378,Row,S378,7
sub:Situational Awareness|Friend in crisis,Subtopic,Friend in crisis,18
stance:protectiveness,Stance,protectiveness,90
row:379,Row,S379,7
sub:Situational Awareness|Family conflict at home,Subtopic,Family conflict at home,2
cp:parents,Counterpart,parents,46
row:380,Row,S380,7
sub:Situational Awareness|Critical feedback at work,Subtopic,Critical feedback at work,6
cp:boss,Counterpart,boss,58
row:381,Row,S381,8
state:humiliation,MindState,humiliation,44
row:382,Row,S382,8
row:383,Row,S383,6
sub:Situational Awareness|Colleague takes credit,Subtopic,Colleague takes credit,10
cp:colleague,Counterpart,colleague,64
row:384,Row,S384,7
row:385,Row,S385,6
sub:Situational Awareness|Partner disagrees strongly,Subtopic,Partner disagrees strongly,6
row:386,Row,S386,7
row:387,Row,S387,7
stance:contempt,Stance,contempt,102
row:388,Row,S388,8
sub:Situational Awareness|Relationship ends,Subtopic,Relationship ends,28
cp:ex-partner,Counterpart,ex-partner,28
row:389,Row,S389,6
row:390,Row,S390,7
sub:Situational Awareness|Roommate breaks agreements,Subtopic,Roommate breaks agreements,18
cp:roommate,Counterpart,roommate,18
row:391,Row,S391,9
sub:Situational Awareness|Parents pressure on career or marriage,Subtopic,Parents pressure on career or marriage,26
stance:guilt,Stance,guilt,186
row:392,Row,S392,6
row:393,Row,S393,6
sub:Situational Awareness|Meeting a mentor,Subtopic,Meeting a mentor,8
cp:mentor,Counterpart,mentor,46
row:394,Row,S394,7
sub:Situational Awareness|Following a spiritual teacher,Subtopic,Following a spiritual teacher,14
cp:guru,Counterpart,guru,18
row:395,Row,S395,6
sub:Situational Awareness|Debating politics,Subtopic,Debating politics,16
cp:ideological opponent,Counterpart,ideological opponent,12
row:396,Row,S396,6
stance:curiosity,Stance,curiosity,54
row:397,Row,S397,9
sub:Situational Awareness|Friend succeeds when you are struggling,Subtopic,Friend succeeds when you are struggling,12
row:398,Row,S398,6
sub:Situational Awareness|Facing exam or job failure,Subtopic,Facing exam or job failure,6
stance:shame,Stance,shame,144
cp:self,Counterpart,self,244
row:399,Row,S399,5
sub:Situational Awareness|Marital or partner conflict,Subtopic,Marital or partner conflict,30
cp:spouse,Counterpart,spouse,64
row:400,Row,S400,8
row:401,Row,S401,7
row:402,Row,S402,6
sub:Situational Awareness|Aging parent needs care,Subtopic,Aging parent needs care,20
row:403,Row,S403,7
row:404,Row,S404,6
sub:Situational Awareness|In-law expectations,Subtopic,In-law expectations,18
cp:in-laws,Counterpart,in-laws,16
row:405,Row,S405,5
sub:Situational Awareness|In-laws expectations,Subtopic,In-laws expectations,2
row:406,Row,S406,5
sub:Situational Awareness|Junior underperforms,Subtopic,Junior underperforms,20
stance:patience  accountability,Stance,patience  accountability,6
cp:junior,Counterpart,junior,42
row:407,Row,S407,6
row:408,Row,S408,6
sub:Situational Awareness|Manager decides unfairly,Subtopic,Manager decides unfairly,20
cp:manager,Counterpart,manager,24
row:409,Row,S409,6
row:410,Row,S410,7
sub:Situational Awareness|Co-founder or partner betrays trust,Subtopic,Co-founder or partner betrays trust,24
cp:business partner,Counterpart,business partner,24
row:411,Row,S411,6
row:412,Row,S412,5
sub:Situational Awareness|Competitor wins a deal,Subtopic,Competitor wins a deal,10
cp:rival company,Counterpart,rival company,10
row:413,Row,S413,5
row:414,Row,S414,7
sub:Situational Awareness|Becoming a parent,Subtopic,Becoming a parent,20
cp:child,Counterpart,child,30
row:415,Row,S415,7
row:416,Row,S416,10
sub:Situational Awareness|Death of a loved one,Subtopic,Death of a loved one,20
cp:grandparent or parent,Counterpart,grandparent or parent,4
state:relief,MindState,relief,102
row:417,Row,S417,6
cp:family,Counterpart,family,68
row:418,Row,S418,5
sub:Situational Awareness|Devotional life,Subtopic,Devotional life,10
cp:guru or god,Counterpart,guru or god,2
row:419,Row,S419,6
stance:acceptance,Stance,acceptance,93
cp:faith community,Counterpart,faith community,22
row:420,Row,S420,6
sub:Situational Awareness|Facing injustice at work,Subtopic,Facing injustice at work,8
cp:institution,Counterpart,institution,30
row:421,Row,S421,6
sub:Situational Awareness|Old friend drifts away,Subtopic,Old friend drifts away,18
row:422,Row,S422,9
sub:Situational Awareness|Stranger asks for help,Subtopic,Stranger asks for help,6
row:423,Row,S423,7
sub:Situational Awareness|Public criticism online,Subtopic,Public criticism online,18
cp:critic,Counterpart,critic,4
row:424,Row,S424,7
view:Actor,View,Actor,2410
row:425,Row,S425,9
row:426,Row,S426,7
view:Receiver,View,Receiver,1072
stance:neglect,Stance,neglect,27
row:427,Row,S427,7
cp:new daycare teacher,Counterpart,new daycare teacher,2
row:428,Row,S428,9
sub:Situational Awareness|Caregiver returns,Subtopic,Caregiver returns,6
row:429,Row,S429,6
stance:dependence,Stance,dependence,120
cp:father,Counterpart,father,2
row:430,Row,S430,7
stance:indifference,Stance,indifference,60
row:431,Row,S431,9
sub:Situational Awareness|Meeting a stranger,Subtopic,Meeting a stranger,18
row:432,Row,S432,9
cp:friendly visitor,Counterpart,friendly visitor,2
row:433,Row,S433,7
cp:unknown adult,Counterpart,unknown adult,2
row:434,Row,S434,8
row:435,Row,S435,6
row:436,Row,S436,9
row:437,Row,S437,7
sub:Situational Awareness|New baby arrives,Subtopic,New baby arrives,18
cp:newborn sibling,Counterpart,newborn sibling,2
row:438,Row,S438,7
row:439,Row,S439,8
row:440,Row,S440,6
sub:Situational Awareness|Playing near peers,Subtopic,Playing near peers,8
cp:peer,Counterpart,peer,46
row:441,Row,S441,10
row:442,Row,S442,9
row:443,Row,S443,7
row:444,Row,S444,8
sub:Situational Awareness|Mealtime,Subtopic,Mealtime,6
row:445,Row,S445,8
row:446,Row,S446,8
row:447,Row,S447,7
sub:Situational Awareness|Bedtime,Subtopic,Bedtime,6
row:448,Row,S448,8
cp:darkness,Counterpart,darkness,4
row:449,Row,S449,10
row:450,Row,S450,7
sub:Situational Awareness|Toilet training,Subtopic,Toilet training,6
stance:pride,Stance,pride,120
row:451,Row,S451,10
row:452,Row,S452,6
row:453,Row,S453,6
sub:Situational Awareness|Screen time,Subtopic,Screen time,6
cp:screen,Counterpart,screen,10
row:454,Row,S454,10
row:455,Row,S455,6
row:456,Row,S456,9
sub:Situational Awareness|Animals,Subtopic,Animals,4
cp:dog,Counterpart,dog,2
row:457,Row,S457,9
cp:cow or pet,Counterpart,cow or pet,2
row:458,Row,S458,10
sub:Situational Awareness|Being scolded,Subtopic,Being scolded,6
row:459,Row,S459,8
row:460,Row,S460,10
row:461,Row,S461,7
sub:Situational Awareness|Being praised,Subtopic,Being praised,4
row:462,Row,S462,9
row:463,Row,S463,8
sub:Situational Awareness|Being ignored,Subtopic,Being ignored,4
row:464,Row,S464,8
row:465,Row,S465,8
sub:Situational Awareness|Being soothed,Subtopic,Being soothed,4
row:466,Row,S466,7
row:467,Row,S467,8
sub:Situational Awareness|Family prayer ritual,Subtopic,Family prayer ritual,6
row:468,Row,S468,8
stance:awe,Stance,awe,18
row:469,Row,S469,8
row:470,Row,S470,8
sub:Situational Awareness|Hurt or illness,Subtopic,Hurt or illness,6
row:471,Row,S471,7
cp:doctor,Counterpart,doctor,14
row:472,Row,S472,10
row:473,Row,S473,8
sub:Situational Awareness|Loud angry adults,Subtopic,Loud angry adults,4
row:474,Row,S474,10
stance:shouting,Stance,shouting,3
cp:adult,Counterpart,adult,6
row:475,Row,S475,8
row:476,Row,S476,7
row:477,Row,S477,8
row:478,Row,S478,9
row:479,Row,S479,7
row:480,Row,S480,7
row:481,Row,S481,7
row:482,Row,S482,7
row:483,Row,S483,7
sub:Situational Awareness|Sharing snack or toys,Subtopic,Sharing snack or toys,12
row:484,Row,S484,9
row:485,Row,S485,8
row:486,Row,S486,8
row:487,Row,S487,8
stance:fairness,Stance,fairness,18
row:488,Row,S488,7
row:489,Row,S489,7
row:490,Row,S490,8
row:491,Row,S491,7
row:492,Row,S492,8
row:493,Row,S493,10
stance:humiliation,Stance,humiliation,33
row:494,Row,S494,9
sub:Situational Awareness|Getting praised,Subtopic,Getting praised,10
row:495,Row,S495,10
row:496,Row,S496,9
row:497,Row,S497,9
row:498,Row,S498,10
row:499,Row,S499,9
sub:Situational Awareness|Tantrum and limits,Subtopic,Tantrum and limits,12
row:500,Row,S500,9
stance:firmness,Stance,firmness,3
row:501,Row,S501,11
row:502,Row,S502,8
row:503,Row,S503,11
stance:calm,Stance,calm,3
row:504,Row,S504,9
row:505,Row,S505,9
row:506,Row,S506,7
row:507,Row,S507,10
row:508,Row,S508,7
stance:manipulation,Stance,manipulation,141
row:509,Row,S509,7
row:510,Row,S510,6
row:511,Row,S511,8
stance:annoyance,Stance,annoyance,3
row:512,Row,S512,8
cp:baby,Counterpart,baby,4
row:513,Row,S513,9
row:514,Row,S514,8
row:515,Row,S515,9
row:516,Row,S516,8
row:517,Row,S517,7
sub:Situational Awareness|Sibling fight,Subtopic,Sibling fight,12
row:518,Row,S518,8
row:519,Row,S519,7
row:520,Row,S520,7
row:521,Row,S521,7
row:522,Row,S522,7
stance:blame,Stance,blame,15
row:523,Row,S523,9
sub:Situational Awareness|Making a friend,Subtopic,Making a friend,10
row:524,Row,S524,8
row:525,Row,S525,7
row:526,Row,S526,7
row:527,Row,S527,8
row:528,Row,S528,6
sub:Situational Awareness|Left out of a game,Subtopic,Left out of a game,10
row:529,Row,S529,7
row:530,Row,S530,8
row:531,Row,S531,7
cp:group,Counterpart,group,16
row:532,Row,S532,9
row:533,Row,S533,8
sub:Situational Awareness|Being bullied,Subtopic,Being bullied,12
row:534,Row,S534,10
row:535,Row,S535,7
row:536,Row,S536,8
row:537,Row,S537,8
stance:aggression,Stance,aggression,3
row:538,Row,S538,6
row:539,Row,S539,8
sub:Situational Awareness|Telling a lie,Subtopic,Telling a lie,12
row:540,Row,S540,8
row:541,Row,S541,8
row:542,Row,S542,9
stance:betrayal,Stance,betrayal,63
row:543,Row,S543,8
stance:imagination,Stance,imagination,3
row:544,Row,S544,8
row:545,Row,S545,10
sub:Situational Awareness|Cheating in a game,Subtopic,Cheating in a game,10
row:546,Row,S546,7
row:547,Row,S547,7
row:548,Row,S548,7
row:549,Row,S549,7
row:550,Row,S550,10
row:551,Row,S551,7
stance:honesty,Stance,honesty,21
row:552,Row,S552,9
row:553,Row,S553,8
sub:Situational Awareness|Giving a gift,Subtopic,Giving a gift,14
row:554,Row,S554,8
row:555,Row,S555,7
row:556,Row,S556,9
sub:Situational Awareness|Being sick,Subtopic,Being sick,10
row:557,Row,S557,9
row:558,Row,S558,9
row:559,Row,S559,8
row:560,Row,S560,8
row:561,Row,S561,8
sub:Situational Awareness|Pet dies,Subtopic,Pet dies,10
cp:pet,Counterpart,pet,6
row:562,Row,S562,9
stance:comfort,Stance,comfort,27
row:563,Row,S563,8
row:564,Row,S564,8
row:565,Row,S565,7
row:566,Row,S566,9
sub:Situational Awareness|Grandparent dies,Subtopic,Grandparent dies,10
row:567,Row,S567,10
row:568,Row,S568,7
row:569,Row,S569,9
row:570,Row,S570,8
row:571,Row,S571,8
sub:Situational Awareness|Festival celebration,Subtopic,Festival celebration,10
row:572,Row,S572,10
stance:joy,Stance,joy,3
cp:cousin,Counterpart,cousin,16
row:573,Row,S573,8
row:574,Row,S574,8
stance:hospitality,Stance,hospitality,3
cp:neighbour,Counterpart,neighbour,12
row:575,Row,S575,7
stance:duty,Stance,duty,6
row:576,Row,S576,9
row:577,Row,S577,8
row:578,Row,S578,7
stance:obedience,Stance,obedience,9
row:579,Row,S579,7
row:580,Row,S580,7
sub:Situational Awareness|Watching screens,Subtopic,Watching screens,10
row:581,Row,S581,9
row:582,Row,S582,8
row:583,Row,S583,8
cp:celebrity,Counterpart,celebrity,6
row:584,Row,S584,8
row:585,Row,S585,9
row:586,Row,S586,9
row:587,Row,S587,8
row:588,Row,S588,10
cp:authority,Counterpart,authority,16
row:589,Row,S589,8
row:590,Row,S590,7
sub:Situational Awareness|Safety rules,Subtopic,Safety rules,10
row:591,Row,S591,9
row:592,Row,S592,8
row:593,Row,S593,9
row:594,Row,S594,9
row:595,Row,S595,7
sub:Situational Awareness|Handling money,Subtopic,Handling money,10
row:596,Row,S596,7
cp:shopkeeper,Counterpart,shopkeeper,6
row:597,Row,S597,7
row:598,Row,S598,7
row:599,Row,S599,8
row:600,Row,S600,9
sub:Situational Awareness|Being helped,Subtopic,Being helped,8
row:601,Row,S601,8
stance:indebtedness,Stance,indebtedness,30
row:602,Row,S602,10
row:603,Row,S603,8
row:604,Row,S604,7
sub:Situational Awareness|Helping others,Subtopic,Helping others,8
row:605,Row,S605,9
row:606,Row,S606,8
row:607,Row,S607,7
stance:approval,Stance,approval,3
row:608,Row,S608,10
sub:Situational Awareness|Feeling afraid,Subtopic,Feeling afraid,10
row:609,Row,S609,8
row:610,Row,S610,8
row:611,Row,S611,8
row:612,Row,S612,9
stance:mockery,Stance,mockery,60
row:613,Row,S613,8
sub:Situational Awareness|Feeling proud,Subtopic,Feeling proud,8
row:614,Row,S614,8
row:615,Row,S615,10
row:616,Row,S616,7
row:617,Row,S617,8
sub:Situational Awareness|Feeling embarrassed,Subtopic,Feeling embarrassed,10
row:618,Row,S618,8
row:619,Row,S619,9
row:620,Row,S620,9
row:621,Row,S621,10
row:622,Row,S622,9
sub:Situational Awareness|Being compared,Subtopic,Being compared,8
row:623,Row,S623,9
row:624,Row,S624,7
row:625,Row,S625,8
row:626,Row,S626,9
sub:Situational Awareness|First day at school,Subtopic,First day at school,6
row:627,Row,S627,7
row:628,Row,S628,9
row:629,Row,S629,8
sub:Situational Awareness|Best friend's new friend,Subtopic,Best friend's new friend,20
row:630,Row,S630,7
row:631,Row,S631,8
row:632,Row,S632,7
row:633,Row,S633,7
stance:insecurity,Stance,insecurity,18
cp:new friend,Counterpart,new friend,4
row:634,Row,S634,7
row:635,Row,S635,7
row:636,Row,S636,10
stance:possessiveness,Stance,possessiveness,9
row:637,Row,S637,9
row:638,Row,S638,7
row:639,Row,S639,10
sub:Situational Awareness|Being bullied at school,Subtopic,Being bullied at school,24
row:640,Row,S640,7
row:641,Row,S641,8
row:642,Row,S642,8
row:643,Row,S643,9
row:644,Row,S644,7
row:645,Row,S645,7
row:646,Row,S646,9
stance:understanding,Stance,understanding,9
row:647,Row,S647,8
row:648,Row,S648,8
stance:loneliness,Stance,loneliness,36
row:649,Row,S649,9
cp:online peers,Counterpart,online peers,2
row:650,Row,S650,7
stance:empowerment,Stance,empowerment,3
row:651,Row,S651,9
sub:Situational Awareness|Being a bully,Subtopic,Being a bully,16
cp:target,Counterpart,target,10
row:652,Row,S652,9
row:653,Row,S653,7
stance:imitation,Stance,imitation,6
cp:older kids,Counterpart,older kids,2
row:654,Row,S654,8
row:655,Row,S655,7
stance:accountability,Stance,accountability,6
row:656,Row,S656,8
row:657,Row,S657,8
row:658,Row,S658,7
stance:encouragement,Stance,encouragement,9
cp:bystander,Counterpart,bystander,8
row:659,Row,S659,7
sub:Situational Awareness|Bystander to bullying,Subtopic,Bystander to bullying,16
row:660,Row,S660,8
row:661,Row,S661,7
row:662,Row,S662,7
stance:complicity,Stance,complicity,6
row:663,Row,S663,7
row:664,Row,S664,8
row:665,Row,S665,7
row:666,Row,S666,6
row:667,Row,S667,9
sub:Situational Awareness|Parents fighting or separating,Subtopic,Parents fighting or separating,24
row:668,Row,S668,9
row:669,Row,S669,9
row:670,Row,S670,7
row:671,Row,S671,8
row:672,Row,S672,7
stance:hope,Stance,hope,9
row:673,Row,S673,8
row:674,Row,S674,8
row:675,Row,S675,9
row:676,Row,S676,7
row:677,Row,S677,9
stance:relief,Stance,relief,3
row:678,Row,S678,10
cp:new step-parent,Counterpart,new step-parent,2
row:679,Row,S679,8
sub:Situational Awareness|Sibling takes my things,Subtopic,Sibling takes my things,20
row:680,Row,S680,7
row:681,Row,S681,8
row:682,Row,S682,7
stance:favouritism,Stance,favouritism,24
row:683,Row,S683,9
row:684,Row,S684,6
row:685,Row,S685,7
row:686,Row,S686,7
stance:tattling,Stance,tattling,3
row:687,Row,S687,7
row:688,Row,S688,7
row:689,Row,S689,8
sub:Situational Awareness|First crush,Subtopic,First crush,20
row:690,Row,S690,7
stance:secrecy,Stance,secrecy,3
row:691,Row,S691,8
row:692,Row,S692,7
row:693,Row,S693,7
row:694,Row,S694,9
cp:friends,Counterpart,friends,12
row:695,Row,S695,6
stance:idealisation,Stance,idealisation,3
row:696,Row,S696,11
row:697,Row,S697,7
row:698,Row,S698,8
row:699,Row,S699,8
sub:Situational Awareness|Told a secret,Subtopic,Told a secret,20
row:700,Row,S700,7
stance:temptation,Stance,temptation,24
row:701,Row,S701,8
row:702,Row,S702,8
stance:burden,Stance,burden,3
row:703,Row,S703,9
row:704,Row,S704,11
stance:openness,Stance,openness,3
row:705,Row,S705,6
stance:bribery,Stance,bribery,6
row:706,Row,S706,8
row:707,Row,S707,8
row:708,Row,S708,8
row:709,Row,S709,9
sub:Situational Awareness|Gossip about a classmate,Subtopic,Gossip about a classmate,20
row:710,Row,S710,7
stance:spite,Stance,spite,3
row:711,Row,S711,8
row:712,Row,S712,7
row:713,Row,S713,8
row:714,Row,S714,7
row:715,Row,S715,8
row:716,Row,S716,6
row:717,Row,S717,8
row:718,Row,S718,8
row:719,Row,S719,10
sub:Situational Awareness|Losing a match,Subtopic,Losing a match,14
cp:opponent,Counterpart,opponent,12
row:720,Row,S720,7
row:721,Row,S721,7
stance:sportsmanship,Stance,sportsmanship,3
row:722,Row,S722,8
cp:coach,Counterpart,coach,10
row:723,Row,S723,7
row:724,Row,S724,8
cp:teammate,Counterpart,teammate,6
row:725,Row,S725,8
row:726,Row,S726,10
sub:Situational Awareness|Winning a match,Subtopic,Winning a match,6
row:727,Row,S727,8
row:728,Row,S728,7
row:729,Row,S729,6
sub:Situational Awareness|Cheating to win a game,Subtopic,Cheating to win a game,6
row:730,Row,S730,7
row:731,Row,S731,8
row:732,Row,S732,7
sub:Situational Awareness|Group project unfair work,Subtopic,Group project unfair work,12
cp:group mate,Counterpart,group mate,10
row:733,Row,S733,6
stance:laziness,Stance,laziness,3
row:734,Row,S734,6
stance:bossiness,Stance,bossiness,3
row:735,Row,S735,7
row:736,Row,S736,8
row:737,Row,S737,7
row:738,Row,S738,8
sub:Situational Awareness|Receiving a gift,Subtopic,Receiving a gift,10
row:739,Row,S739,9
row:740,Row,S740,7
row:741,Row,S741,9
row:742,Row,S742,8
cp:older stranger,Counterpart,older stranger,2
row:743,Row,S743,7
row:744,Row,S744,7
row:745,Row,S745,8
row:746,Row,S746,7
sub:Situational Awareness|Favour asked by friend,Subtopic,Favour asked by friend,8
row:747,Row,S747,7
row:748,Row,S748,7
row:749,Row,S749,6
stance:exploitation,Stance,exploitation,54
row:750,Row,S750,7
sub:Situational Awareness|New school after move,Subtopic,New school after move,18
cp:new classmates,Counterpart,new classmates,6
row:751,Row,S751,8
cp:old friends,Counterpart,old friends,2
row:752,Row,S752,8
row:753,Row,S753,7
row:754,Row,S754,8
row:755,Row,S755,8
row:756,Row,S756,6
stance:reinvention,Stance,reinvention,3
row:757,Row,S757,8
stance:fading,Stance,fading,3
cp:old friend,Counterpart,old friend,4
row:758,Row,S758,6
row:759,Row,S759,7
sub:Situational Awareness|Grandparent falls ill,Subtopic,Grandparent falls ill,18
row:760,Row,S760,8
row:761,Row,S761,7
row:762,Row,S762,8
row:763,Row,S763,10
row:764,Row,S764,9
row:765,Row,S765,7
row:766,Row,S766,8
row:767,Row,S767,8
row:768,Row,S768,8
sub:Situational Awareness|Parent or sibling ill,Subtopic,Parent or sibling ill,6
row:769,Row,S769,8
row:770,Row,S770,10
row:771,Row,S771,9
sub:Situational Awareness|Cousins visit,Subtopic,Cousins visit,10
stance:excitement,Stance,excitement,6
row:772,Row,S772,7
stance:comparison,Stance,comparison,36
row:773,Row,S773,6
row:774,Row,S774,6
row:775,Row,S775,7
row:776,Row,S776,8
sub:Situational Awareness|Clique excludes me,Subtopic,Clique excludes me,28
row:777,Row,S777,8
row:778,Row,S778,10
stance:power,Stance,power,12
cp:group leader,Counterpart,group leader,2
row:779,Row,S779,8
stance:conformity,Stance,conformity,3
row:780,Row,S780,6
row:781,Row,S781,7
cp:former friend,Counterpart,former friend,2
row:782,Row,S782,10
sub:Situational Awareness|Teacher as a person,Subtopic,Teacher as a person,12
row:783,Row,S783,8
row:784,Row,S784,6
row:785,Row,S785,7
row:786,Row,S786,7
row:787,Row,S787,8
row:788,Row,S788,8
sub:Situational Awareness|Grandparent stories,Subtopic,Grandparent stories,6
row:789,Row,S789,7
row:790,Row,S790,7
stance:indulgence,Stance,indulgence,3
row:791,Row,S791,9
sub:Situational Awareness|Friend breaks a promise,Subtopic,Friend breaks a promise,8
row:792,Row,S792,7
row:793,Row,S793,8
row:794,Row,S794,7
stance:distrust,Stance,distrust,27
row:795,Row,S795,8
sub:Situational Awareness|Blamed for something I did not do,Subtopic,Blamed for something I did not do,6
row:796,Row,S796,7
row:797,Row,S797,8
state:regret,MindState,regret,44
row:798,Row,S798,8
sub:Situational Awareness|Being left out of a party,Subtopic,Being left out of a party,2
row:799,Row,S799,7
sub:Situational Awareness|Breaking a school rule,Subtopic,Breaking a school rule,16
row:800,Row,S800,7
row:801,Row,S801,9
row:802,Row,S802,10
row:803,Row,S803,6
row:804,Row,S804,8
row:805,Row,S805,9
cp:prefect or monitor,Counterpart,prefect or monitor,2
row:806,Row,S806,10
row:807,Row,S807,8
sub:Situational Awareness|Punished unfairly,Subtopic,Punished unfairly,14
row:808,Row,S808,8
row:809,Row,S809,7
row:810,Row,S810,7
stance:powerlessness,Stance,powerlessness,3
row:811,Row,S811,7
row:812,Row,S812,9
row:813,Row,S813,7
stance:defensiveness,Stance,defensiveness,6
row:814,Row,S814,9
sub:Situational Awareness|Exam results day,Subtopic,Exam results day,14
row:815,Row,S815,8
row:816,Row,S816,9
row:817,Row,S817,8
row:818,Row,S818,8
row:819,Row,S819,8
row:820,Row,S820,7
row:821,Row,S821,6
sub:Situational Awareness|Tempted to cheat,Subtopic,Tempted to cheat,14
row:822,Row,S822,7
row:823,Row,S823,8
row:824,Row,S824,7
row:825,Row,S825,7
row:826,Row,S826,8
row:827,Row,S827,7
row:828,Row,S828,7
sub:Situational Awareness|Finding lost money,Subtopic,Finding lost money,12
row:829,Row,S829,9
row:830,Row,S830,7
row:831,Row,S831,8
row:832,Row,S832,8
row:833,Row,S833,7
cp:owner,Counterpart,owner,2
row:834,Row,S834,7
row:835,Row,S835,8
row:836,Row,S836,8
cp:priest or religious teacher,Counterpart,priest or religious teacher,2
row:837,Row,S837,7
row:838,Row,S838,10
row:839,Row,S839,8
row:840,Row,S840,9
row:841,Row,S841,8
sub:Situational Awareness|Friend's different faith,Subtopic,Friend's different faith,12
row:842,Row,S842,7
row:843,Row,S843,8
row:844,Row,S844,9
row:845,Row,S845,7
stance:prejudice,Stance,prejudice,30
row:846,Row,S846,6
row:847,Row,S847,8
sub:Situational Awareness|National anthem and flag,Subtopic,National anthem and flag,14
cp:nation,Counterpart,nation,2
row:848,Row,S848,8
cp:school,Counterpart,school,4
row:849,Row,S849,8
row:850,Row,S850,8
cp:freedom fighter or soldier,Counterpart,freedom fighter or soldier,2
row:851,Row,S851,8
row:852,Row,S852,9
stance:confusion,Stance,confusion,18
cp:society,Counterpart,society,2
row:853,Row,S853,8
cp:public place,Counterpart,public place,2
row:854,Row,S854,7
sub:Situational Awareness|Pocket money,Subtopic,Pocket money,14
row:855,Row,S855,7
stance:impulse,Stance,impulse,3
row:856,Row,S856,7
row:857,Row,S857,7
row:858,Row,S858,7
row:859,Row,S859,7
row:860,Row,S860,7
row:861,Row,S861,8
sub:Situational Awareness|Online game with strangers,Subtopic,Online game with strangers,16
stance:friendship,Stance,friendship,12
row:862,Row,S862,7
row:863,Row,S863,8
row:864,Row,S864,7
row:865,Row,S865,6
cp:game,Counterpart,game,4
row:866,Row,S866,8
row:867,Row,S867,6
row:868,Row,S868,7
row:869,Row,S869,9
sub:Situational Awareness|Chatting with an online stranger,Subtopic,Chatting with an online stranger,12
row:870,Row,S870,7
stance:flattery,Stance,flattery,6
row:871,Row,S871,9
row:872,Row,S872,9
row:873,Row,S873,8
row:874,Row,S874,8
stance:cruelty,Stance,cruelty,3
row:875,Row,S875,8
sub:Situational Awareness|Asking an AI assistant,Subtopic,Asking an AI assistant,14
cp:ai assistant,Counterpart,ai assistant,20
row:876,Row,S876,7
row:877,Row,S877,7
row:878,Row,S878,9
row:879,Row,S879,7
row:880,Row,S880,8
row:881,Row,S881,9
row:882,Row,S882,6
sub:Situational Awareness|Ads and buying pressure,Subtopic,Ads and buying pressure,12
stance:desire,Stance,desire,3
cp:advertiser,Counterpart,advertiser,4
row:883,Row,S883,6
stance:persuasion,Stance,persuasion,3
row:884,Row,S884,6
row:885,Row,S885,7
row:886,Row,S886,9
cp:influencer,Counterpart,influencer,18
row:887,Row,S887,7
row:888,Row,S888,9
sub:Situational Awareness|Too much screen time,Subtopic,Too much screen time,14
row:889,Row,S889,8
row:890,Row,S890,8
stance:boredom,Stance,boredom,3
row:891,Row,S891,6
row:892,Row,S892,7
row:893,Row,S893,10
row:894,Row,S894,8
row:895,Row,S895,8
sub:Situational Awareness|Death of a pet,Subtopic,Death of a pet,10
row:896,Row,S896,8
row:897,Row,S897,6
stance:insensitivity,Stance,insensitivity,3
row:898,Row,S898,8
row:899,Row,S899,8
row:900,Row,S900,8
sub:Situational Awareness|Death of a grandparent,Subtopic,Death of a grandparent,12
row:901,Row,S901,10
row:902,Row,S902,8
row:903,Row,S903,7
row:904,Row,S904,11
stance:numbness,Stance,numbness,9
row:905,Row,S905,7
stance:support,Stance,support,12
row:906,Row,S906,6
sub:Situational Awareness|Rich and poor classmates,Subtopic,Rich and poor classmates,14
stance:pity,Stance,pity,6
cp:poorer classmate,Counterpart,poorer classmate,4
row:907,Row,S907,7
cp:wealthier classmate,Counterpart,wealthier classmate,4
row:908,Row,S908,8
stance:arrogance,Stance,arrogance,3
row:909,Row,S909,8
row:910,Row,S910,8
cp:domestic helper,Counterpart,domestic helper,2
row:911,Row,S911,8
cp:beggar,Counterpart,beggar,2
row:912,Row,S912,8
row:913,Row,S913,7
sub:Situational Awareness|Witnessing prejudice,Subtopic,Witnessing prejudice,14
row:914,Row,S914,8
row:915,Row,S915,8
cp:girl or boy,Counterpart,girl or boy,2
row:916,Row,S916,8
stance:discrimination,Stance,discrimination,6
cp:servant or neighbour,Counterpart,servant or neighbour,2
row:917,Row,S917,7
row:918,Row,S918,7
row:919,Row,S919,8
row:920,Row,S920,8
sub:Situational Awareness|Caring for the environment,Subtopic,Caring for the environment,14
cp:nature,Counterpart,nature,2
row:921,Row,S921,7
cp:animals,Counterpart,animals,2
row:922,Row,S922,7
stance:habit,Stance,habit,3
row:923,Row,S923,8
row:924,Row,S924,8
row:925,Row,S925,9
cp:farmer or worker,Counterpart,farmer or worker,2
row:926,Row,S926,8
cp:animal,Counterpart,animal,2
row:927,Row,S927,7
sub:Situational Awareness|Failing a test,Subtopic,Failing a test,12
row:928,Row,S928,7
row:929,Row,S929,6
row:930,Row,S930,9
row:931,Row,S931,7
row:932,Row,S932,7
stance:determination,Stance,determination,3
row:933,Row,S933,8
sub:Situational Awareness|Scary things and fear,Subtopic,Scary things and fear,10
row:934,Row,S934,9
row:935,Row,S935,8
row:936,Row,S936,9
stance:bravery,Stance,bravery,3
row:937,Row,S937,9
stance:intimidation,Stance,intimidation,6
cp:older child,Counterpart,older child,2
row:938,Row,S938,8
sub:Situational Awareness|Shame after a mistake,Subtopic,Shame after a mistake,10
row:939,Row,S939,8
row:940,Row,S940,7
row:941,Row,S941,7
stance:scolding,Stance,scolding,3
row:942,Row,S942,8
stance:hiding,Stance,hiding,3
row:943,Row,S943,8
sub:Situational Awareness|Talent and comparison,Subtopic,Talent and comparison,14
row:944,Row,S944,7
row:945,Row,S945,6
row:946,Row,S946,9
row:947,Row,S947,9
row:948,Row,S948,7
row:949,Row,S949,7
row:950,Row,S950,7
sub:Situational Awareness|Body and self-image,Subtopic,Body and self-image,12
row:951,Row,S951,8
row:952,Row,S952,6
cp:media,Counterpart,media,2
row:953,Row,S953,7
row:954,Row,S954,7
row:955,Row,S955,9
row:956,Row,S956,8
sub:Situational Awareness|Honesty when unobserved,Subtopic,Honesty when unobserved,12
row:957,Row,S957,6
row:958,Row,S958,7
row:959,Row,S959,7
row:960,Row,S960,7
stance:dare,Stance,dare,3
row:961,Row,S961,7
row:962,Row,S962,10
sub:Situational Awareness|Authority and police,Subtopic,Authority and police,12
cp:police officer,Counterpart,police officer,4
row:963,Row,S963,8
row:964,Row,S964,8
cp:traffic rules,Counterpart,traffic rules,2
row:965,Row,S965,8
stance:unfairness,Stance,unfairness,3
cp:elder or official,Counterpart,elder or official,2
row:966,Row,S966,7
cp:security guard,Counterpart,security guard,2
row:967,Row,S967,7
stance:blind obedience,Stance,blind obedience,3
row:968,Row,S968,10
row:969,Row,S969,8
row:970,Row,S970,9
row:971,Row,S971,7
row:972,Row,S972,7
row:973,Row,S973,7
row:974,Row,S974,7
row:975,Row,S975,10
sub:Situational Awareness|Parent compares me,Subtopic,Parent compares me,12
row:976,Row,S976,7
row:977,Row,S977,8
row:978,Row,S978,10
row:979,Row,S979,8
row:980,Row,S980,7
row:981,Row,S981,8
sub:Situational Awareness|Parents are divorcing,Subtopic,Parents are divorcing,16
row:982,Row,S982,8
row:983,Row,S983,9
row:984,Row,S984,7
row:985,Row,S985,9
row:986,Row,S986,8
row:987,Row,S987,7
row:988,Row,S988,8
row:989,Row,S989,8
sub:Situational Awareness|Parent favours sibling,Subtopic,Parent favours sibling,14
row:990,Row,S990,7
row:991,Row,S991,7
row:992,Row,S992,7
row:993,Row,S993,7
row:994,Row,S994,7
stance:solidarity,Stance,solidarity,15
row:995,Row,S995,7
row:996,Row,S996,6
sub:Situational Awareness|Sibling conflict at home,Subtopic,Sibling conflict at home,12
row:997,Row,S997,6
row:998,Row,S998,9
row:999,Row,S999,7
row:1000,Row,S1000,7
row:1001,Row,S1001,8
row:1002,Row,S1002,9
row:1003,Row,S1003,9
row:1004,Row,S1004,8
stance:revenge fantasy,Stance,revenge fantasy,3
row:1005,Row,S1005,8
row:1006,Row,S1006,7
row:1007,Row,S1007,9
stance:gossip,Stance,gossip,9
row:1008,Row,S1008,8
row:1009,Row,S1009,7
stance:longing,Stance,longing,9
cp:clique,Counterpart,clique,8
row:1010,Row,S1010,10
row:1011,Row,S1011,9
row:1012,Row,S1012,9
cp:clique leader,Counterpart,clique leader,4
row:1013,Row,S1013,7
row:1014,Row,S1014,9
cp:clique member,Counterpart,clique member,2
row:1015,Row,S1015,7
row:1016,Row,S1016,8
row:1017,Row,S1017,6
row:1018,Row,S1018,7
row:1019,Row,S1019,7
row:1020,Row,S1020,6
row:1021,Row,S1021,8
row:1022,Row,S1022,8
row:1023,Row,S1023,7
row:1024,Row,S1024,9
sub:Situational Awareness|Partner controls my choices,Subtopic,Partner controls my choices,14
row:1025,Row,S1025,7
row:1026,Row,S1026,8
row:1027,Row,S1027,9
row:1028,Row,S1028,8
row:1029,Row,S1029,7
row:1030,Row,S1030,7
row:1031,Row,S1031,9
sub:Situational Awareness|Breakup happens,Subtopic,Breakup happens,14
cp:ex,Counterpart,ex,32
row:1032,Row,S1032,7
row:1033,Row,S1033,6
row:1034,Row,S1034,9
row:1035,Row,S1035,7
row:1036,Row,S1036,8
row:1037,Row,S1037,9
row:1038,Row,S1038,7
sub:Situational Awareness|Being ghosted,Subtopic,Being ghosted,26
row:1039,Row,S1039,9
row:1040,Row,S1040,6
stance:cowardice,Stance,cowardice,3
row:1041,Row,S1041,8
row:1042,Row,S1042,7
row:1043,Row,S1043,6
row:1044,Row,S1044,8
stance:pile-on,Stance,pile-on,3
row:1045,Row,S1045,8
row:1046,Row,S1046,8
row:1047,Row,S1047,7
cp:group admin,Counterpart,group admin,2
row:1048,Row,S1048,8
stance:silence,Stance,silence,3
row:1049,Row,S1049,8
cp:rumour,Counterpart,rumour,2
row:1050,Row,S1050,8
sub:Situational Awareness|Bullying at school,Subtopic,Bullying at school,18
row:1051,Row,S1051,9
row:1052,Row,S1052,8
row:1053,Row,S1053,8
row:1054,Row,S1054,9
row:1055,Row,S1055,7
stance:courage,Stance,courage,3
cp:defender,Counterpart,defender,2
row:1056,Row,S1056,8
stance:followers,Stance,followers,3
row:1057,Row,S1057,9
row:1058,Row,S1058,10
row:1059,Row,S1059,7
row:1060,Row,S1060,7
row:1061,Row,S1061,7
stance:crush,Stance,crush,3
row:1062,Row,S1062,6
row:1063,Row,S1063,10
row:1064,Row,S1064,7
row:1065,Row,S1065,7
row:1066,Row,S1066,8
row:1067,Row,S1067,7
cp:principal,Counterpart,principal,2
row:1068,Row,S1068,8
row:1069,Row,S1069,8
row:1070,Row,S1070,6
row:1071,Row,S1071,6
sub:Situational Awareness|Coach or mentor guides me,Subtopic,Coach or mentor guides me,12
row:1072,Row,S1072,9
row:1073,Row,S1073,6
row:1074,Row,S1074,7
row:1075,Row,S1075,7
row:1076,Row,S1076,6
cp:mentee,Counterpart,mentee,4
row:1077,Row,S1077,7
sub:Situational Awareness|Peer pressure to fit in,Subtopic,Peer pressure to fit in,12
row:1078,Row,S1078,8
row:1079,Row,S1079,9
row:1080,Row,S1080,7
row:1081,Row,S1081,6
row:1082,Row,S1082,8
row:1083,Row,S1083,8
sub:Situational Awareness|Family money or illness trouble,Subtopic,Family money or illness trouble,14
row:1084,Row,S1084,8
row:1085,Row,S1085,7
row:1086,Row,S1086,7
row:1087,Row,S1087,8
row:1088,Row,S1088,8
row:1089,Row,S1089,7
row:1090,Row,S1090,7
sub:Situational Awareness|Popular or outcast status,Subtopic,Popular or outcast status,16
cp:classmates,Counterpart,classmates,16
row:1091,Row,S1091,6
row:1092,Row,S1092,8
row:1093,Row,S1093,8
row:1094,Row,S1094,8
row:1095,Row,S1095,7
row:1096,Row,S1096,7
row:1097,Row,S1097,6
row:1098,Row,S1098,6
sub:Situational Awareness|Friend cheats and I know,Subtopic,Friend cheats and I know,10
row:1099,Row,S1099,7
row:1100,Row,S1100,7
row:1101,Row,S1101,7
row:1102,Row,S1102,6
row:1103,Row,S1103,8
sub:Situational Awareness|Rival gets my place,Subtopic,Rival gets my place,14
row:1104,Row,S1104,7
row:1105,Row,S1105,8
row:1106,Row,S1106,6
stance:gloating,Stance,gloating,3
row:1107,Row,S1107,6
stance:being envied,Stance,being envied,6
row:1108,Row,S1108,8
row:1109,Row,S1109,8
row:1110,Row,S1110,9
sub:Situational Awareness|Parent expects a career path,Subtopic,Parent expects a career path,10
row:1111,Row,S1111,8
row:1112,Row,S1112,7
row:1113,Row,S1113,6
stance:sacrifice,Stance,sacrifice,3
row:1114,Row,S1114,7
row:1115,Row,S1115,10
sub:Situational Awareness|Friend shares a heavy secret,Subtopic,Friend shares a heavy secret,12
row:1116,Row,S1116,10
row:1117,Row,S1117,7
row:1118,Row,S1118,7
row:1119,Row,S1119,7
row:1120,Row,S1120,7
row:1121,Row,S1121,8
sub:Situational Awareness|Consent and boundaries,Subtopic,Consent and boundaries,8
stance:boundary,Stance,boundary,6
row:1122,Row,S1122,7
row:1123,Row,S1123,8
cp:older teen,Counterpart,older teen,2
row:1124,Row,S1124,6
row:1125,Row,S1125,8
sub:Situational Awareness|Board exam pressure,Subtopic,Board exam pressure,18
row:1126,Row,S1126,9
row:1127,Row,S1127,8
row:1128,Row,S1128,7
row:1129,Row,S1129,7
row:1130,Row,S1130,8
cp:coaching institute,Counterpart,coaching institute,2
row:1131,Row,S1131,8
row:1132,Row,S1132,7
row:1133,Row,S1133,8
row:1134,Row,S1134,7
sub:Situational Awareness|Choosing a stream or career,Subtopic,Choosing a stream or career,18
row:1135,Row,S1135,7
row:1136,Row,S1136,8
row:1137,Row,S1137,7
row:1138,Row,S1138,7
row:1139,Row,S1139,7
row:1140,Row,S1140,7
row:1141,Row,S1141,7
stance:ambition,Stance,ambition,6
row:1142,Row,S1142,6
row:1143,Row,S1143,8
sub:Situational Awareness|Police stop or questioning,Subtopic,Police stop or questioning,14
cp:police,Counterpart,police,24
row:1144,Row,S1144,6
row:1145,Row,S1145,10
row:1146,Row,S1146,9
row:1147,Row,S1147,7
row:1148,Row,S1148,9
row:1149,Row,S1149,8
row:1150,Row,S1150,7
row:1151,Row,S1151,8
row:1152,Row,S1152,9
row:1153,Row,S1153,7
row:1154,Row,S1154,8
row:1155,Row,S1155,7
row:1156,Row,S1156,8
stance:non-belief,Stance,non-belief,3
row:1157,Row,S1157,8
row:1158,Row,S1158,7
sub:Situational Awareness|Following an online preacher,Subtopic,Following an online preacher,14
cp:online preacher,Counterpart,online preacher,10
row:1159,Row,S1159,7
row:1160,Row,S1160,10
row:1161,Row,S1161,8
row:1162,Row,S1162,9
row:1163,Row,S1163,8
row:1164,Row,S1164,8
row:1165,Row,S1165,7
sub:Situational Awareness|Political or ideological argument,Subtopic,Political or ideological argument,14
cp:political opponent,Counterpart,political opponent,14
row:1166,Row,S1166,8
row:1167,Row,S1167,7
row:1168,Row,S1168,9
row:1169,Row,S1169,6
row:1170,Row,S1170,7
row:1171,Row,S1171,7
row:1172,Row,S1172,8
sub:Situational Awareness|Joining a protest or cause,Subtopic,Joining a protest or cause,14
stance:idealism,Stance,idealism,3
cp:cause,Counterpart,cause,6
row:1173,Row,S1173,7
row:1174,Row,S1174,7
cp:organiser,Counterpart,organiser,2
row:1175,Row,S1175,8
row:1176,Row,S1176,8
row:1177,Row,S1177,7
stance:burnout,Stance,burnout,3
row:1178,Row,S1178,6
row:1179,Row,S1179,7
row:1180,Row,S1180,7
stance:parasocial attachment,Stance,parasocial attachment,6
row:1181,Row,S1181,7
row:1182,Row,S1182,6
row:1183,Row,S1183,7
cp:fan group,Counterpart,fan group,2
row:1184,Row,S1184,7
row:1185,Row,S1185,7
stance:inspiration,Stance,inspiration,3
row:1186,Row,S1186,8
cp:leader,Counterpart,leader,8
row:1187,Row,S1187,7
sub:Situational Awareness|Scrolling social media comparison,Subtopic,Scrolling social media comparison,16
row:1188,Row,S1188,7
row:1189,Row,S1189,6
cp:algorithm,Counterpart,algorithm,2
row:1190,Row,S1190,8
row:1191,Row,S1191,6
row:1192,Row,S1192,7
row:1193,Row,S1193,7
stance:addiction,Stance,addiction,3
row:1194,Row,S1194,8
row:1195,Row,S1195,7
sub:Situational Awareness|Chatting with an AI chatbot,Subtopic,Chatting with an AI chatbot,16
cp:ai chatbot,Counterpart,ai chatbot,12
row:1196,Row,S1196,6
row:1197,Row,S1197,6
row:1198,Row,S1198,7
row:1199,Row,S1199,7
stance:companionship,Stance,companionship,3
row:1200,Row,S1200,6
stance:privacy,Stance,privacy,6
row:1201,Row,S1201,8
row:1202,Row,S1202,8
row:1203,Row,S1203,8
sub:Situational Awareness|Online stranger asks for secrets,Subtopic,Online stranger asks for secrets,16
row:1204,Row,S1204,8
row:1205,Row,S1205,7
stance:scam,Stance,scam,3
row:1206,Row,S1206,10
row:1207,Row,S1207,8
row:1208,Row,S1208,8
row:1209,Row,S1209,8
row:1210,Row,S1210,7
row:1211,Row,S1211,8
sub:Situational Awareness|Cyberbullying targets you,Subtopic,Cyberbullying targets you,16
row:1212,Row,S1212,6
cp:anonymous account,Counterpart,anonymous account,2
row:1213,Row,S1213,6
row:1214,Row,S1214,7
row:1215,Row,S1215,7
row:1216,Row,S1216,7
row:1217,Row,S1217,7
stance:perpetrator,Stance,perpetrator,3
row:1218,Row,S1218,7
row:1219,Row,S1219,7
sub:Situational Awareness|Friends offer substances,Subtopic,Friends offer substances,14
cp:friend group,Counterpart,friend group,4
row:1220,Row,S1220,7
row:1221,Row,S1221,7
cp:older peer,Counterpart,older peer,2
row:1222,Row,S1222,9
stance:coping,Stance,coping,3
row:1223,Row,S1223,7
row:1224,Row,S1224,7
row:1225,Row,S1225,9
row:1226,Row,S1226,7
sub:Situational Awareness|Body image worries,Subtopic,Body image worries,16
row:1227,Row,S1227,6
row:1228,Row,S1228,8
row:1229,Row,S1229,7
row:1230,Row,S1230,6
stance:criticism,Stance,criticism,6
row:1231,Row,S1231,7
row:1232,Row,S1232,8
row:1233,Row,S1233,6
row:1234,Row,S1234,7
sub:Situational Awareness|Identity and belonging,Subtopic,Identity and belonging,16
row:1235,Row,S1235,9
row:1236,Row,S1236,7
row:1237,Row,S1237,7
row:1238,Row,S1238,6
row:1239,Row,S1239,7
row:1240,Row,S1240,8
row:1241,Row,S1241,8
row:1242,Row,S1242,8
sub:Situational Awareness|Facing prejudice or discrimination,Subtopic,Facing prejudice or discrimination,16
row:1243,Row,S1243,7
row:1244,Row,S1244,6
row:1245,Row,S1245,6
row:1246,Row,S1246,7
row:1247,Row,S1247,7
cp:migrant classmate,Counterpart,migrant classmate,2
row:1248,Row,S1248,7
row:1249,Row,S1249,7
row:1250,Row,S1250,9
sub:Situational Awareness|Family money trouble,Subtopic,Family money trouble,16
row:1251,Row,S1251,7
row:1252,Row,S1252,8
row:1253,Row,S1253,7
stance:responsibility,Stance,responsibility,6
row:1254,Row,S1254,8
row:1255,Row,S1255,7
row:1256,Row,S1256,8
row:1257,Row,S1257,6
row:1258,Row,S1258,9
sub:Situational Awareness|Grief after a loss,Subtopic,Grief after a loss,16
row:1259,Row,S1259,9
row:1260,Row,S1260,9
row:1261,Row,S1261,9
row:1262,Row,S1262,8
row:1263,Row,S1263,6
row:1264,Row,S1264,8
row:1265,Row,S1265,6
row:1266,Row,S1266,8
sub:Situational Awareness|Failing publicly,Subtopic,Failing publicly,16
row:1267,Row,S1267,7
row:1268,Row,S1268,8
row:1269,Row,S1269,7
row:1270,Row,S1270,6
stance:resilience,Stance,resilience,3
row:1271,Row,S1271,7
row:1272,Row,S1272,8
stance:perfectionism,Stance,perfectionism,9
row:1273,Row,S1273,8
row:1274,Row,S1274,7
sub:Situational Awareness|Reporting wrongdoing at school,Subtopic,Reporting wrongdoing at school,16
row:1275,Row,S1275,7
row:1276,Row,S1276,7
row:1277,Row,S1277,7
row:1278,Row,S1278,8
row:1279,Row,S1279,8
stance:moral courage,Stance,moral courage,3
row:1280,Row,S1280,7
row:1281,Row,S1281,8
row:1282,Row,S1282,6
sub:Situational Awareness|Self-hatred after a mistake,Subtopic,Self-hatred after a mistake,14
row:1283,Row,S1283,7
row:1284,Row,S1284,6
row:1285,Row,S1285,8
row:1286,Row,S1286,8
row:1287,Row,S1287,6
row:1288,Row,S1288,8
row:1289,Row,S1289,6
sub:Situational Awareness|Falling for a crush,Subtopic,Falling for a crush,20
stance:attraction,Stance,attraction,6
row:1290,Row,S1290,7
row:1291,Row,S1291,9
row:1292,Row,S1292,7
row:1293,Row,S1293,7
row:1294,Row,S1294,6
row:1295,Row,S1295,7
row:1296,Row,S1296,6
row:1297,Row,S1297,9
row:1298,Row,S1298,7
stance:caste religion or family barrier,Stance,caste religion or family barrier,3
row:1299,Row,S1299,7
sub:Situational Awareness|Committed romantic relationship,Subtopic,Committed romantic relationship,28
row:1300,Row,S1300,7
row:1301,Row,S1301,7
row:1302,Row,S1302,7
row:1303,Row,S1303,7
row:1304,Row,S1304,7
row:1305,Row,S1305,7
row:1306,Row,S1306,8
row:1307,Row,S1307,6
stance:long distance strain,Stance,long distance strain,3
row:1308,Row,S1308,6
row:1309,Row,S1309,9
stance:growing apart,Stance,growing apart,3
row:1310,Row,S1310,9
stance:money and gifts,Stance,money and gifts,3
row:1311,Row,S1311,7
stance:public display and social media,Stance,public display and social media,3
row:1312,Row,S1312,6
stance:marriage talk and family,Stance,marriage talk and family,3
row:1313,Row,S1313,9
sub:Situational Awareness|Partner jealous or possessive,Subtopic,Partner jealous or possessive,22
row:1314,Row,S1314,9
row:1315,Row,S1315,8
row:1316,Row,S1316,8
row:1317,Row,S1317,8
row:1318,Row,S1318,7
row:1319,Row,S1319,9
row:1320,Row,S1320,9
row:1321,Row,S1321,8
row:1322,Row,S1322,8
cp:ex's new partner,Counterpart,ex's new partner,2
row:1323,Row,S1323,8
cp:friend of partner,Counterpart,friend of partner,2
row:1324,Row,S1324,10
sub:Situational Awareness|Infidelity in relationship,Subtopic,Infidelity in relationship,22
row:1325,Row,S1325,9
stance:cheating,Stance,cheating,3
row:1326,Row,S1326,10
row:1327,Row,S1327,7
row:1328,Row,S1328,8
row:1329,Row,S1329,6
stance:complicity and dilemma,Stance,complicity and dilemma,3
cp:friend who cheats,Counterpart,friend who cheats,2
row:1330,Row,S1330,7
stance:being the other person,Stance,being the other person,6
cp:third person,Counterpart,third person,4
row:1331,Row,S1331,8
row:1332,Row,S1332,6
stance:emotional cheating,Stance,emotional cheating,3
row:1333,Row,S1333,8
row:1334,Row,S1334,9
stance:public shaming after cheating,Stance,public shaming after cheating,3
row:1335,Row,S1335,8
stance:being dumped,Stance,being dumped,3
row:1336,Row,S1336,9
stance:ending it,Stance,ending it,3
row:1337,Row,S1337,9
row:1338,Row,S1338,6
stance:contact and boundaries,Stance,contact and boundaries,3
row:1339,Row,S1339,8
stance:staying friends,Stance,staying friends,3
row:1340,Row,S1340,9
row:1341,Row,S1341,7
stance:being stalked or harassed,Stance,being stalked or harassed,3
row:1342,Row,S1342,8
row:1343,Row,S1343,9
row:1344,Row,S1344,7
row:1345,Row,S1345,7
stance:meeting again by chance,Stance,meeting again by chance,3
row:1346,Row,S1346,8
row:1347,Row,S1347,8
sub:Situational Awareness|Intimacy boundaries and consent,Subtopic,Intimacy boundaries and consent,22
row:1348,Row,S1348,10
row:1349,Row,S1349,8
stance:setting boundaries,Stance,setting boundaries,3
row:1350,Row,S1350,8
row:1351,Row,S1351,7
row:1352,Row,S1352,6
stance:alcohol and parties,Stance,alcohol and parties,3
row:1353,Row,S1353,7
row:1354,Row,S1354,7
stance:unwanted advances,Stance,unwanted advances,3
row:1355,Row,S1355,8
stance:learning that a friend crossed a boundary,Stance,learning that a friend crossed a boundary,3
row:1356,Row,S1356,6
stance:being accused of crossing a line,Stance,being accused of crossing a line,3
row:1357,Row,S1357,8
stance:talking about expectations,Stance,talking about expectations,3
row:1358,Row,S1358,6
sub:Situational Awareness|Friend drifting away,Subtopic,Friend drifting away,22
stance:drifting apart,Stance,drifting apart,6
row:1359,Row,S1359,9
row:1360,Row,S1360,7
stance:feeling replaced,Stance,feeling replaced,3
row:1361,Row,S1361,6
row:1362,Row,S1362,7
row:1363,Row,S1363,8
row:1364,Row,S1364,7
stance:being the one who always reaches out,Stance,being the one who always reaches out,3
row:1365,Row,S1365,6
stance:old friend and new self,Stance,old friend and new self,3
row:1366,Row,S1366,7
row:1367,Row,S1367,7
stance:borrowing money,Stance,borrowing money,3
row:1368,Row,S1368,6
stance:asking a friend for money,Stance,asking a friend for money,3
row:1369,Row,S1369,8
sub:Situational Awareness|Friend betrays trust,Subtopic,Friend betrays trust,18
row:1370,Row,S1370,6
row:1371,Row,S1371,9
row:1372,Row,S1372,6
row:1373,Row,S1373,7
row:1374,Row,S1374,8
stance:being used for notes money or contacts,Stance,being used for notes money or contacts,3
row:1375,Row,S1375,9
row:1376,Row,S1376,7
row:1377,Row,S1377,7
row:1378,Row,S1378,7
row:1379,Row,S1379,7
row:1380,Row,S1380,8
row:1381,Row,S1381,6
row:1382,Row,S1382,6
stance:being envied as the one who is struggling,Stance,being envied as the one who is struggling,3
row:1383,Row,S1383,9
row:1384,Row,S1384,7
row:1385,Row,S1385,7
row:1386,Row,S1386,6
row:1387,Row,S1387,7
row:1388,Row,S1388,9
row:1389,Row,S1389,7
stance:financial split,Stance,financial split,3
row:1390,Row,S1390,6
stance:mental strain,Stance,mental strain,3
row:1391,Row,S1391,9
row:1392,Row,S1392,8
row:1393,Row,S1393,7
stance:arranged marriage meeting,Stance,arranged marriage meeting,3
row:1394,Row,S1394,8
stance:disapproval of your partner,Stance,disapproval of your partner,3
row:1395,Row,S1395,8
stance:career they choose,Stance,career they choose,3
row:1396,Row,S1396,8
row:1397,Row,S1397,8
row:1398,Row,S1398,9
row:1399,Row,S1399,8
row:1400,Row,S1400,7
row:1401,Row,S1401,8
row:1402,Row,S1402,8
sub:Situational Awareness|Parents control money or freedom,Subtopic,Parents control money or freedom,16
row:1403,Row,S1403,6
row:1404,Row,S1404,9
stance:curfew and safety,Stance,curfew and safety,3
row:1405,Row,S1405,8
row:1406,Row,S1406,7
stance:financial burden on family,Stance,financial burden on family,3
row:1407,Row,S1407,7
stance:sending money home,Stance,sending money home,3
row:1408,Row,S1408,7
row:1409,Row,S1409,6
stance:emotional distance,Stance,emotional distance,9
row:1410,Row,S1410,7
sub:Situational Awareness|Sibling rivalry and support,Subtopic,Sibling rivalry and support,14
row:1411,Row,S1411,9
row:1412,Row,S1412,6
row:1413,Row,S1413,6
row:1414,Row,S1414,7
row:1415,Row,S1415,6
row:1416,Row,S1416,7
row:1417,Row,S1417,8
sub:Situational Awareness|Professor or mentor guidance,Subtopic,Professor or mentor guidance,20
cp:professor,Counterpart,professor,12
row:1418,Row,S1418,7
row:1419,Row,S1419,7
row:1420,Row,S1420,6
row:1421,Row,S1421,7
row:1422,Row,S1422,7
stance:recommendation letter,Stance,recommendation letter,3
row:1423,Row,S1423,7
row:1424,Row,S1424,6
row:1425,Row,S1425,7
row:1426,Row,S1426,7
stance:inappropriate behaviour,Stance,inappropriate behaviour,3
row:1427,Row,S1427,7
cp:senior,Counterpart,senior,2
row:1428,Row,S1428,7
stance:being mentored critically,Stance,being mentored critically,3
row:1429,Row,S1429,6
stance:becoming one,Stance,becoming one,3
row:1430,Row,S1430,7
sub:Situational Awareness|First job relationships,Subtopic,First job relationships,26
row:1431,Row,S1431,7
row:1432,Row,S1432,7
row:1433,Row,S1433,7
row:1434,Row,S1434,7
row:1435,Row,S1435,6
stance:being disliked,Stance,being disliked,3
row:1436,Row,S1436,7
row:1437,Row,S1437,6
row:1438,Row,S1438,7
stance:office politics,Stance,office politics,3
row:1439,Row,S1439,7
row:1440,Row,S1440,6
stance:being taken advantage of,Stance,being taken advantage of,3
cp:intern,Counterpart,intern,4
row:1441,Row,S1441,6
stance:mentoring,Stance,mentoring,6
row:1442,Row,S1442,6
stance:harassment,Stance,harassment,6
row:1443,Row,S1443,8
row:1444,Row,S1444,8
stance:taking credit,Stance,taking credit,3
row:1445,Row,S1445,8
stance:being falsely accused,Stance,being falsely accused,3
row:1446,Row,S1446,7
sub:Situational Awareness|Group project teamwork,Subtopic,Group project teamwork,16
stance:free-riding,Stance,free-riding,6
cp:groupmate,Counterpart,groupmate,16
row:1447,Row,S1447,7
row:1448,Row,S1448,6
row:1449,Row,S1449,6
stance:dominance,Stance,dominance,3
row:1450,Row,S1450,8
row:1451,Row,S1451,7
row:1452,Row,S1452,7
row:1453,Row,S1453,6
stance:being blamed for failure,Stance,being blamed for failure,3
row:1454,Row,S1454,7
cp:person,Counterpart,person,14
row:1455,Row,S1455,6
row:1456,Row,S1456,6
row:1457,Row,S1457,6
row:1458,Row,S1458,7
cp:employer,Counterpart,employer,22
row:1459,Row,S1459,6
stance:breadcrumbing,Stance,breadcrumbing,3
row:1460,Row,S1460,9
sub:Situational Awareness|Manipulative relationship,Subtopic,Manipulative relationship,24
row:1461,Row,S1461,8
row:1462,Row,S1462,9
row:1463,Row,S1463,7
row:1464,Row,S1464,8
row:1465,Row,S1465,9
row:1466,Row,S1466,9
row:1467,Row,S1467,9
stance:leaving a toxic relationship,Stance,leaving a toxic relationship,3
row:1468,Row,S1468,8
row:1469,Row,S1469,6
stance:recognising a toxic pattern from outside,Stance,recognising a toxic pattern from outside,3
row:1470,Row,S1470,9
row:1471,Row,S1471,8
cp:cult or group,Counterpart,cult or group,2
row:1472,Row,S1472,7
sub:Situational Awareness|Being idolised or hated,Subtopic,Being idolised or hated,16
cp:follower,Counterpart,follower,2
row:1473,Row,S1473,6
row:1474,Row,S1474,6
row:1475,Row,S1475,9
row:1476,Row,S1476,9
cp:online group,Counterpart,online group,2
row:1477,Row,S1477,6
row:1478,Row,S1478,6
row:1479,Row,S1479,7
stance:rumours about you,Stance,rumours about you,3
row:1480,Row,S1480,8
sub:Situational Awareness|Loneliness in a new city,Subtopic,Loneliness in a new city,16
row:1481,Row,S1481,7
stance:homesickness,Stance,homesickness,3
row:1482,Row,S1482,9
stance:reaching out,Stance,reaching out,3
row:1483,Row,S1483,7
stance:feeling unsafe or cheated,Stance,feeling unsafe or cheated,3
cp:landlord or neighbour,Counterpart,landlord or neighbour,2
row:1484,Row,S1484,6
stance:digital company,Stance,digital company,3
cp:online friends,Counterpart,online friends,2
row:1485,Row,S1485,8
row:1486,Row,S1486,8
stance:invitation,Stance,invitation,3
cp:colleague or classmate,Counterpart,colleague or classmate,2
row:1487,Row,S1487,7
row:1488,Row,S1488,6
sub:Situational Awareness|Job interview rejection,Subtopic,Job interview rejection,18
cp:interviewer,Counterpart,interviewer,4
row:1489,Row,S1489,9
cp:recruiter,Counterpart,recruiter,4
row:1490,Row,S1490,8
row:1491,Row,S1491,8
cp:batchmate,Counterpart,batchmate,4
row:1492,Row,S1492,6
row:1493,Row,S1493,8
row:1494,Row,S1494,8
row:1495,Row,S1495,9
row:1496,Row,S1496,7
row:1497,Row,S1497,8
sub:Situational Awareness|Abusive employer at work,Subtopic,Abusive employer at work,16
row:1498,Row,S1498,8
row:1499,Row,S1499,8
row:1500,Row,S1500,8
row:1501,Row,S1501,8
row:1502,Row,S1502,8
row:1503,Row,S1503,6
row:1504,Row,S1504,6
row:1505,Row,S1505,7
sub:Situational Awareness|Exploited as intern,Subtopic,Exploited as intern,12
cp:company,Counterpart,company,6
row:1506,Row,S1506,8
row:1507,Row,S1507,7
row:1508,Row,S1508,7
row:1509,Row,S1509,6
cp:fellow intern,Counterpart,fellow intern,2
row:1510,Row,S1510,8
row:1511,Row,S1511,6
sub:Situational Awareness|Gig platform work,Subtopic,Gig platform work,12
cp:platform,Counterpart,platform,4
row:1512,Row,S1512,8
cp:customer,Counterpart,customer,4
row:1513,Row,S1513,8
row:1514,Row,S1514,7
row:1515,Row,S1515,8
cp:fellow worker,Counterpart,fellow worker,2
row:1516,Row,S1516,7
row:1517,Row,S1517,8
sub:Situational Awareness|Negotiating salary or offer,Subtopic,Negotiating salary or offer,12
row:1518,Row,S1518,6
row:1519,Row,S1519,8
row:1520,Row,S1520,9
row:1521,Row,S1521,9
row:1522,Row,S1522,7
row:1523,Row,S1523,6
sub:Situational Awareness|Asked to cut corners,Subtopic,Asked to cut corners,12
row:1524,Row,S1524,6
row:1525,Row,S1525,8
row:1526,Row,S1526,7
row:1527,Row,S1527,7
cp:client,Counterpart,client,16
row:1528,Row,S1528,11
cp:team,Counterpart,team,16
row:1529,Row,S1529,9
sub:Situational Awareness|Taking loans and debt,Subtopic,Taking loans and debt,14
cp:bank,Counterpart,bank,2
row:1530,Row,S1530,7
row:1531,Row,S1531,8
cp:loan app,Counterpart,loan app,2
row:1532,Row,S1532,8
row:1533,Row,S1533,8
row:1534,Row,S1534,8
row:1535,Row,S1535,9
row:1536,Row,S1536,8
sub:Situational Awareness|Falling for online scam,Subtopic,Falling for online scam,12
cp:scammer,Counterpart,scammer,14
row:1537,Row,S1537,8
row:1538,Row,S1538,8
row:1539,Row,S1539,8
row:1540,Row,S1540,7
row:1541,Row,S1541,9
row:1542,Row,S1542,7
sub:Situational Awareness|Get-rich-quick investing,Subtopic,Get-rich-quick investing,12
row:1543,Row,S1543,6
row:1544,Row,S1544,7
row:1545,Row,S1545,6
row:1546,Row,S1546,7
row:1547,Row,S1547,7
row:1548,Row,S1548,7
sub:Situational Awareness|Doubting faith,Subtopic,Doubting faith,36
row:1549,Row,S1549,8
row:1550,Row,S1550,9
row:1551,Row,S1551,8
row:1552,Row,S1552,10
row:1553,Row,S1553,7
row:1554,Row,S1554,8
cp:atheist friend,Counterpart,atheist friend,2
row:1555,Row,S1555,7
cp:believer friend,Counterpart,believer friend,2
row:1556,Row,S1556,6
row:1557,Row,S1557,9
row:1558,Row,S1558,7
row:1559,Row,S1559,8
row:1560,Row,S1560,6
row:1561,Row,S1561,9
cp:devotee friend,Counterpart,devotee friend,2
row:1562,Row,S1562,8
sub:Situational Awareness|Joining high-control group,Subtopic,Joining high-control group,14
row:1563,Row,S1563,6
row:1564,Row,S1564,8
row:1565,Row,S1565,8
row:1566,Row,S1566,7
row:1567,Row,S1567,10
cp:ex-member,Counterpart,ex-member,2
row:1568,Row,S1568,7
row:1569,Row,S1569,7
row:1570,Row,S1570,8
row:1571,Row,S1571,9
cp:family elder,Counterpart,family elder,2
row:1572,Row,S1572,9
row:1573,Row,S1573,8
row:1574,Row,S1574,6
row:1575,Row,S1575,7
sub:Situational Awareness|Joining a cause or protest,Subtopic,Joining a cause or protest,14
row:1576,Row,S1576,10
row:1577,Row,S1577,6
cp:fellow activist,Counterpart,fellow activist,2
row:1578,Row,S1578,8
row:1579,Row,S1579,7
row:1580,Row,S1580,8
cp:opposing group,Counterpart,opposing group,2
row:1581,Row,S1581,7
cp:movement,Counterpart,movement,2
row:1582,Row,S1582,7
sub:Situational Awareness|Online outrage mob,Subtopic,Online outrage mob,14
cp:online crowd,Counterpart,online crowd,6
row:1583,Row,S1583,8
row:1584,Row,S1584,7
row:1585,Row,S1585,10
row:1586,Row,S1586,8
row:1587,Row,S1587,9
row:1588,Row,S1588,10
row:1589,Row,S1589,6
sub:Situational Awareness|Relying on AI tools,Subtopic,Relying on AI tools,14
cp:ai tool,Counterpart,ai tool,8
row:1590,Row,S1590,7
row:1591,Row,S1591,7
row:1592,Row,S1592,7
row:1593,Row,S1593,7
row:1594,Row,S1594,8
row:1595,Row,S1595,6
row:1596,Row,S1596,8
sub:Situational Awareness|Addiction in self,Subtopic,Addiction in self,14
cp:substance or habit,Counterpart,substance or habit,2
row:1597,Row,S1597,7
row:1598,Row,S1598,6
row:1599,Row,S1599,8
row:1600,Row,S1600,10
row:1601,Row,S1601,8
row:1602,Row,S1602,6
cp:gambling app,Counterpart,gambling app,2
row:1603,Row,S1603,8
row:1604,Row,S1604,7
row:1605,Row,S1605,9
row:1606,Row,S1606,7
row:1607,Row,S1607,8
row:1608,Row,S1608,9
row:1609,Row,S1609,8
row:1610,Row,S1610,8
sub:Situational Awareness|Own mental health crisis,Subtopic,Own mental health crisis,12
row:1611,Row,S1611,7
row:1612,Row,S1612,8
cp:counsellor,Counterpart,counsellor,2
row:1613,Row,S1613,7
row:1614,Row,S1614,7
row:1615,Row,S1615,7
row:1616,Row,S1616,7
sub:Situational Awareness|Death of loved one,Subtopic,Death of loved one,14
cp:deceased grandparent,Counterpart,deceased grandparent,2
row:1617,Row,S1617,8
cp:deceased friend,Counterpart,deceased friend,2
row:1618,Row,S1618,8
row:1619,Row,S1619,9
row:1620,Row,S1620,8
row:1621,Row,S1621,9
row:1622,Row,S1622,8
row:1623,Row,S1623,10
sub:Situational Awareness|Witnessing or facing discrimination,Subtopic,Witnessing or facing discrimination,14
row:1624,Row,S1624,7
cp:landlord,Counterpart,landlord,2
row:1625,Row,S1625,9
row:1626,Row,S1626,7
row:1627,Row,S1627,8
cp:discriminator,Counterpart,discriminator,2
row:1628,Row,S1628,6
row:1629,Row,S1629,7
row:1630,Row,S1630,8
sub:Situational Awareness|Police or legal encounter,Subtopic,Police or legal encounter,12
row:1631,Row,S1631,7
row:1632,Row,S1632,9
row:1633,Row,S1633,6
cp:lawyer,Counterpart,lawyer,2
row:1634,Row,S1634,6
cp:friend in trouble,Counterpart,friend in trouble,2
row:1635,Row,S1635,8
row:1636,Row,S1636,9
sub:Situational Awareness|Reporting wrongdoing,Subtopic,Reporting wrongdoing,12
row:1637,Row,S1637,7
row:1638,Row,S1638,6
row:1639,Row,S1639,7
row:1640,Row,S1640,7
row:1641,Row,S1641,9
row:1642,Row,S1642,7
sub:Situational Awareness|Moving to new culture,Subtopic,Moving to new culture,14
cp:new country,Counterpart,new country,2
row:1643,Row,S1643,7
cp:locals,Counterpart,locals,4
row:1644,Row,S1644,7
cp:home culture,Counterpart,home culture,2
row:1645,Row,S1645,10
cp:homesickness,Counterpart,homesickness,2
row:1646,Row,S1646,8
cp:compatriot group,Counterpart,compatriot group,2
row:1647,Row,S1647,7
cp:family back home,Counterpart,family back home,2
row:1648,Row,S1648,12
cp:host culture,Counterpart,host culture,2
row:1649,Row,S1649,9
sub:Situational Awareness|Losing sense of purpose,Subtopic,Losing sense of purpose,12
stance:emptiness,Stance,emptiness,6
cp:life,Counterpart,life,2
row:1650,Row,S1650,8
stance:expectation,Stance,expectation,6
row:1651,Row,S1651,9
row:1652,Row,S1652,7
row:1653,Row,S1653,6
cp:faith or philosophy,Counterpart,faith or philosophy,2
row:1654,Row,S1654,9
row:1655,Row,S1655,7
sub:Situational Awareness|Self-hatred after mistake,Subtopic,Self-hatred after mistake,16
row:1656,Row,S1656,8
row:1657,Row,S1657,8
cp:person harmed,Counterpart,person harmed,4
row:1658,Row,S1658,8
row:1659,Row,S1659,7
row:1660,Row,S1660,6
row:1661,Row,S1661,6
row:1662,Row,S1662,8
row:1663,Row,S1663,7
row:1664,Row,S1664,10
row:1665,Row,S1665,9
row:1666,Row,S1666,10
row:1667,Row,S1667,6
row:1668,Row,S1668,9
row:1669,Row,S1669,10
row:1670,Row,S1670,7
stance:silent treatment,Stance,silent treatment,6
row:1671,Row,S1671,9
row:1672,Row,S1672,11
row:1673,Row,S1673,7
row:1674,Row,S1674,8
row:1675,Row,S1675,7
row:1676,Row,S1676,6
row:1677,Row,S1677,9
sub:Situational Awareness|Partner infidelity,Subtopic,Partner infidelity,16
row:1678,Row,S1678,9
row:1679,Row,S1679,9
row:1680,Row,S1680,8
row:1681,Row,S1681,7
row:1682,Row,S1682,8
row:1683,Row,S1683,8
row:1684,Row,S1684,6
cp:crush at work,Counterpart,crush at work,2
row:1685,Row,S1685,7
sub:Situational Awareness|Money disagreement with partner,Subtopic,Money disagreement with partner,12
row:1686,Row,S1686,8
row:1687,Row,S1687,8
row:1688,Row,S1688,7
row:1689,Row,S1689,8
row:1690,Row,S1690,6
row:1691,Row,S1691,10
sub:Situational Awareness|Intimacy and emotional boundaries,Subtopic,Intimacy and emotional boundaries,18
row:1692,Row,S1692,10
row:1693,Row,S1693,8
row:1694,Row,S1694,7
row:1695,Row,S1695,9
row:1696,Row,S1696,8
row:1697,Row,S1697,9
stance:emotional boundary with partner,Stance,emotional boundary with partner,3
row:1698,Row,S1698,8
row:1699,Row,S1699,11
row:1700,Row,S1700,8
row:1701,Row,S1701,7
row:1702,Row,S1702,7
row:1703,Row,S1703,9
row:1704,Row,S1704,7
row:1705,Row,S1705,6
row:1706,Row,S1706,7
row:1707,Row,S1707,9
row:1708,Row,S1708,9
row:1709,Row,S1709,7
row:1710,Row,S1710,12
row:1711,Row,S1711,7
row:1712,Row,S1712,7
row:1713,Row,S1713,8
row:1714,Row,S1714,7
stance:expectation of sacrifice,Stance,expectation of sacrifice,3
row:1715,Row,S1715,8
stance:illness and helplessness,Stance,illness and helplessness,3
row:1716,Row,S1716,6
sub:Situational Awareness|Sibling and inheritance,Subtopic,Sibling and inheritance,16
row:1717,Row,S1717,10
row:1718,Row,S1718,7
stance:greed,Stance,greed,9
row:1719,Row,S1719,9
row:1720,Row,S1720,7
row:1721,Row,S1721,8
row:1722,Row,S1722,7
row:1723,Row,S1723,7
row:1724,Row,S1724,10
stance:overwhelm,Stance,overwhelm,3
cp:newborn,Counterpart,newborn,2
row:1725,Row,S1725,9
row:1726,Row,S1726,7
stance:strained partnership,Stance,strained partnership,3
row:1727,Row,S1727,7
stance:advice and interference,Stance,advice and interference,3
cp:own parents,Counterpart,own parents,4
row:1728,Row,S1728,10
row:1729,Row,S1729,10
stance:identity change,Stance,identity change,3
row:1730,Row,S1730,7
stance:unequal load,Stance,unequal load,3
row:1731,Row,S1731,8
row:1732,Row,S1732,8
sub:Situational Awareness|Raising a young child,Subtopic,Raising a young child,18
stance:patience,Stance,patience,6
row:1733,Row,S1733,11
row:1734,Row,S1734,7
row:1735,Row,S1735,8
row:1736,Row,S1736,7
row:1737,Row,S1737,7
row:1738,Row,S1738,6
row:1739,Row,S1739,8
row:1740,Row,S1740,8
row:1741,Row,S1741,8
stance:nostalgia,Stance,nostalgia,3
row:1742,Row,S1742,8
row:1743,Row,S1743,7
row:1744,Row,S1744,8
row:1745,Row,S1745,10
row:1746,Row,S1746,10
row:1747,Row,S1747,7
row:1748,Row,S1748,9
stance:reconnection,Stance,reconnection,3
row:1749,Row,S1749,9
sub:Situational Awareness|Friend betrays confidence,Subtopic,Friend betrays confidence,16
row:1750,Row,S1750,7
row:1751,Row,S1751,6
row:1752,Row,S1752,8
row:1753,Row,S1753,6
row:1754,Row,S1754,6
row:1755,Row,S1755,8
row:1756,Row,S1756,9
row:1757,Row,S1757,8
row:1758,Row,S1758,10
row:1759,Row,S1759,9
row:1760,Row,S1760,8
row:1761,Row,S1761,7
row:1762,Row,S1762,7
row:1763,Row,S1763,7
row:1764,Row,S1764,7
row:1765,Row,S1765,8
row:1766,Row,S1766,8
row:1767,Row,S1767,8
sub:Situational Awareness|Becoming a new manager,Subtopic,Becoming a new manager,16
row:1768,Row,S1768,8
row:1769,Row,S1769,8
stance:friendship vs authority,Stance,friendship vs authority,3
row:1770,Row,S1770,9
row:1771,Row,S1771,7
row:1772,Row,S1772,10
row:1773,Row,S1773,7
row:1774,Row,S1774,8
row:1775,Row,S1775,7
row:1776,Row,S1776,10
row:1777,Row,S1777,9
row:1778,Row,S1778,8
row:1779,Row,S1779,7
row:1780,Row,S1780,8
row:1781,Row,S1781,6
row:1782,Row,S1782,6
row:1783,Row,S1783,7
row:1784,Row,S1784,8
row:1785,Row,S1785,6
row:1786,Row,S1786,6
row:1787,Row,S1787,8
row:1788,Row,S1788,9
row:1789,Row,S1789,8
row:1790,Row,S1790,7
row:1791,Row,S1791,8
sub:Situational Awareness|Mentor relationship,Subtopic,Mentor relationship,16
row:1792,Row,S1792,7
row:1793,Row,S1793,7
row:1794,Row,S1794,6
row:1795,Row,S1795,9
row:1796,Row,S1796,7
row:1797,Row,S1797,8
stance:outgrowing,Stance,outgrowing,3
row:1798,Row,S1798,8
row:1799,Row,S1799,9
sub:Situational Awareness|Ex reappears,Subtopic,Ex reappears,16
row:1800,Row,S1800,7
row:1801,Row,S1801,9
row:1802,Row,S1802,8
row:1803,Row,S1803,8
row:1804,Row,S1804,9
stance:awkward civility,Stance,awkward civility,3
row:1805,Row,S1805,8
row:1806,Row,S1806,8
stance:co-parenting,Stance,co-parenting,3
row:1807,Row,S1807,8
sub:Situational Awareness|Toxic family dynamics,Subtopic,Toxic family dynamics,16
row:1808,Row,S1808,8
row:1809,Row,S1809,8
row:1810,Row,S1810,6
stance:scapegoating,Stance,scapegoating,3
row:1811,Row,S1811,9
row:1812,Row,S1812,9
row:1813,Row,S1813,9
row:1814,Row,S1814,9
stance:patriarchal expectation,Stance,patriarchal expectation,3
row:1815,Row,S1815,12
sub:Situational Awareness|Estrangement and reconciliation,Subtopic,Estrangement and reconciliation,16
stance:estrangement,Stance,estrangement,6
row:1816,Row,S1816,7
row:1817,Row,S1817,7
row:1818,Row,S1818,7
row:1819,Row,S1819,8
row:1820,Row,S1820,7
row:1821,Row,S1821,9
stance:apology,Stance,apology,6
row:1822,Row,S1822,8
stance:mediation,Stance,mediation,3
row:1823,Row,S1823,6
sub:Situational Awareness|Colleague conflict,Subtopic,Colleague conflict,16
row:1824,Row,S1824,7
row:1825,Row,S1825,8
stance:credit theft,Stance,credit theft,3
row:1826,Row,S1826,7
row:1827,Row,S1827,6
row:1828,Row,S1828,8
row:1829,Row,S1829,8
row:1830,Row,S1830,7
row:1831,Row,S1831,8
sub:Situational Awareness|Neighbour dispute,Subtopic,Neighbour dispute,12
row:1832,Row,S1832,9
row:1833,Row,S1833,9
row:1834,Row,S1834,9
row:1835,Row,S1835,9
row:1836,Row,S1836,8
cp:community,Counterpart,community,8
row:1837,Row,S1837,7
sub:Situational Awareness|Being idolised or hated by juniors,Subtopic,Being idolised or hated by juniors,16
row:1838,Row,S1838,6
row:1839,Row,S1839,6
row:1840,Row,S1840,7
row:1841,Row,S1841,9
row:1842,Row,S1842,7
row:1843,Row,S1843,7
row:1844,Row,S1844,8
row:1845,Row,S1845,7
sub:Situational Awareness|Passed over for promotion,Subtopic,Passed over for promotion,16
row:1846,Row,S1846,7
row:1847,Row,S1847,8
row:1848,Row,S1848,8
row:1849,Row,S1849,9
row:1850,Row,S1850,8
row:1851,Row,S1851,6
cp:rival colleague,Counterpart,rival colleague,2
row:1852,Row,S1852,7
row:1853,Row,S1853,7
sub:Situational Awareness|Layoff announced,Subtopic,Layoff announced,16
row:1854,Row,S1854,7
row:1855,Row,S1855,8
row:1856,Row,S1856,8
row:1857,Row,S1857,7
row:1858,Row,S1858,8
row:1859,Row,S1859,8
row:1860,Row,S1860,7
row:1861,Row,S1861,7
sub:Situational Awareness|Ordered to do something unethical,Subtopic,Ordered to do something unethical,16
row:1862,Row,S1862,7
row:1863,Row,S1863,7
row:1864,Row,S1864,6
stance:whistleblowing,Stance,whistleblowing,3
row:1865,Row,S1865,9
row:1866,Row,S1866,7
row:1867,Row,S1867,7
row:1868,Row,S1868,8
row:1869,Row,S1869,9
sub:Situational Awareness|Salary negotiation,Subtopic,Salary negotiation,12
row:1870,Row,S1870,8
row:1871,Row,S1871,8
row:1872,Row,S1872,7
row:1873,Row,S1873,7
row:1874,Row,S1874,8
row:1875,Row,S1875,7
sub:Situational Awareness|Signing a contract,Subtopic,Signing a contract,12
row:1876,Row,S1876,6
cp:lawyer or advisor,Counterpart,lawyer or advisor,2
row:1877,Row,S1877,6
cp:other party,Counterpart,other party,4
row:1878,Row,S1878,8
cp:friend or relative,Counterpart,friend or relative,2
row:1879,Row,S1879,8
row:1880,Row,S1880,8
row:1881,Row,S1881,8
sub:Situational Awareness|Startup failing,Subtopic,Startup failing,20
cp:co-founder,Counterpart,co-founder,4
row:1882,Row,S1882,7
row:1883,Row,S1883,9
cp:investor,Counterpart,investor,4
row:1884,Row,S1884,8
row:1885,Row,S1885,8
cp:employee,Counterpart,employee,2
row:1886,Row,S1886,10
row:1887,Row,S1887,7
row:1888,Row,S1888,10
stance:denial,Stance,denial,3
row:1889,Row,S1889,7
cp:competitor,Counterpart,competitor,2
row:1890,Row,S1890,7
row:1891,Row,S1891,7
sub:Situational Awareness|Difficult client demands,Subtopic,Difficult client demands,16
row:1892,Row,S1892,7
row:1893,Row,S1893,7
row:1894,Row,S1894,7
row:1895,Row,S1895,6
row:1896,Row,S1896,6
row:1897,Row,S1897,7
cp:junior team,Counterpart,junior team,2
row:1898,Row,S1898,7
row:1899,Row,S1899,7
sub:Situational Awareness|Tax or legal notice,Subtopic,Tax or legal notice,14
row:1900,Row,S1900,7
row:1901,Row,S1901,6
cp:agent or middleman,Counterpart,agent or middleman,2
row:1902,Row,S1902,8
row:1903,Row,S1903,8
row:1904,Row,S1904,7
cp:lawyer or accountant,Counterpart,lawyer or accountant,2
row:1905,Row,S1905,7
row:1906,Row,S1906,8
sub:Situational Awareness|Police or bureaucratic delay,Subtopic,Police or bureaucratic delay,16
row:1907,Row,S1907,7
row:1908,Row,S1908,9
cp:clerk or officer,Counterpart,clerk or officer,6
row:1909,Row,S1909,8
row:1910,Row,S1910,6
row:1911,Row,S1911,9
row:1912,Row,S1912,7
cp:stranger in queue,Counterpart,stranger in queue,2
row:1913,Row,S1913,9
row:1914,Row,S1914,7
sub:Situational Awareness|Get-rich-quick temptation,Subtopic,Get-rich-quick temptation,16
row:1915,Row,S1915,7
row:1916,Row,S1916,7
row:1917,Row,S1917,7
row:1918,Row,S1918,7
stance:caution,Stance,caution,3
row:1919,Row,S1919,6
row:1920,Row,S1920,8
row:1921,Row,S1921,9
row:1922,Row,S1922,9
sub:Situational Awareness|Online scam,Subtopic,Online scam,16
row:1923,Row,S1923,7
row:1924,Row,S1924,8
row:1925,Row,S1925,7
row:1926,Row,S1926,9
row:1927,Row,S1927,8
cp:relative or friend,Counterpart,relative or friend,2
row:1928,Row,S1928,8
row:1929,Row,S1929,6
cp:bank or platform,Counterpart,bank or platform,2
row:1930,Row,S1930,8
sub:Situational Awareness|Loan and debt burden,Subtopic,Loan and debt burden,16
cp:lender,Counterpart,lender,6
row:1931,Row,S1931,11
row:1932,Row,S1932,6
row:1933,Row,S1933,6
row:1934,Row,S1934,7
row:1935,Row,S1935,7
row:1936,Row,S1936,6
row:1937,Row,S1937,8
row:1938,Row,S1938,7
row:1939,Row,S1939,8
row:1940,Row,S1940,8
row:1941,Row,S1941,9
row:1942,Row,S1942,9
cp:religious teacher,Counterpart,religious teacher,2
row:1943,Row,S1943,8
row:1944,Row,S1944,7
row:1945,Row,S1945,8
cp:non-believer friend,Counterpart,non-believer friend,4
row:1946,Row,S1946,7
row:1947,Row,S1947,9
sub:Situational Awareness|Guru or spiritual community pressure,Subtopic,Guru or spiritual community pressure,16
row:1948,Row,S1948,7
row:1949,Row,S1949,8
row:1950,Row,S1950,8
row:1951,Row,S1951,8
row:1952,Row,S1952,9
row:1953,Row,S1953,8
cp:friend in group,Counterpart,friend in group,2
row:1954,Row,S1954,6
stance:seeking,Stance,seeking,3
row:1955,Row,S1955,9
sub:Situational Awareness|Political argument,Subtopic,Political argument,16
row:1956,Row,S1956,8
row:1957,Row,S1957,8
row:1958,Row,S1958,8
row:1959,Row,S1959,9
row:1960,Row,S1960,7
row:1961,Row,S1961,7
cp:party or movement,Counterpart,party or movement,2
row:1962,Row,S1962,7
stance:civic duty,Stance,civic duty,3
row:1963,Row,S1963,9
cp:online mob,Counterpart,online mob,6
row:1964,Row,S1964,8
row:1965,Row,S1965,7
row:1966,Row,S1966,9
row:1967,Row,S1967,10
cp:employer or institution,Counterpart,employer or institution,2
row:1968,Row,S1968,7
cp:troll,Counterpart,troll,2
row:1969,Row,S1969,8
row:1970,Row,S1970,8
row:1971,Row,S1971,8
sub:Situational Awareness|Misinformation and deepfakes,Subtopic,Misinformation and deepfakes,16
row:1972,Row,S1972,7
cp:stranger online,Counterpart,stranger online,2
row:1973,Row,S1973,8
stance:harm,Stance,harm,3
cp:deepfake creator,Counterpart,deepfake creator,2
row:1974,Row,S1974,7
cp:political leader,Counterpart,political leader,2
row:1975,Row,S1975,8
row:1976,Row,S1976,9
row:1977,Row,S1977,7
cp:platform or algorithm,Counterpart,platform or algorithm,2
row:1978,Row,S1978,7
row:1979,Row,S1979,6
sub:Situational Awareness|Relying on AI,Subtopic,Relying on AI,16
row:1980,Row,S1980,7
row:1981,Row,S1981,9
row:1982,Row,S1982,7
row:1983,Row,S1983,7
row:1984,Row,S1984,6
row:1985,Row,S1985,6
row:1986,Row,S1986,6
row:1987,Row,S1987,7
sub:Situational Awareness|Moving abroad or to a new city,Subtopic,Moving abroad or to a new city,16
cp:new culture,Counterpart,new culture,4
row:1988,Row,S1988,9
row:1989,Row,S1989,8
row:1990,Row,S1990,8
cp:parents at home,Counterpart,parents at home,4
row:1991,Row,S1991,8
row:1992,Row,S1992,6
cp:fellow migrants,Counterpart,fellow migrants,2
row:1993,Row,S1993,6
cp:employer or landlord,Counterpart,employer or landlord,2
row:1994,Row,S1994,8
stance:identity,Stance,identity,3
row:1995,Row,S1995,8
sub:Situational Awareness|Serious illness diagnosis,Subtopic,Serious illness diagnosis,16
row:1996,Row,S1996,7
row:1997,Row,S1997,9
row:1998,Row,S1998,8
row:1999,Row,S1999,7
stance:avoidance,Stance,avoidance,3
row:2000,Row,S2000,8
row:2001,Row,S2001,7
cp:god or faith,Counterpart,god or faith,4
row:2002,Row,S2002,8
row:2003,Row,S2003,10
sub:Situational Awareness|Burnout and exhaustion,Subtopic,Burnout and exhaustion,16
row:2004,Row,S2004,7
row:2005,Row,S2005,6
row:2006,Row,S2006,8
row:2007,Row,S2007,7
row:2008,Row,S2008,9
row:2009,Row,S2009,8
cp:doctor or therapist,Counterpart,doctor or therapist,2
row:2010,Row,S2010,6
row:2011,Row,S2011,10
row:2012,Row,S2012,8
row:2013,Row,S2013,8
row:2014,Row,S2014,7
row:2015,Row,S2015,9
row:2016,Row,S2016,8
row:2017,Row,S2017,8
row:2018,Row,S2018,9
cp:younger sibling or relative,Counterpart,younger sibling or relative,2
row:2019,Row,S2019,7
sub:Situational Awareness|Trauma and its aftermath,Subtopic,Trauma and its aftermath,16
row:2020,Row,S2020,8
row:2021,Row,S2021,6
stance:dismissal,Stance,dismissal,3
row:2022,Row,S2022,8
row:2023,Row,S2023,8
cp:therapist,Counterpart,therapist,2
row:2024,Row,S2024,6
row:2025,Row,S2025,8
row:2026,Row,S2026,10
row:2027,Row,S2027,6
sub:Situational Awareness|Purpose and legacy,Subtopic,Purpose and legacy,12
row:2028,Row,S2028,7
row:2029,Row,S2029,6
stance:service,Stance,service,6
row:2030,Row,S2030,8
cp:elder,Counterpart,elder,2
row:2031,Row,S2031,7
row:2032,Row,S2032,6
cp:future generation,Counterpart,future generation,2
row:2033,Row,S2033,7
sub:Situational Awareness|Mentoring the next generation,Subtopic,Mentoring the next generation,12
cp:student or junior,Counterpart,student or junior,10
row:2034,Row,S2034,8
row:2035,Row,S2035,9
row:2036,Row,S2036,6
row:2037,Row,S2037,8
row:2038,Row,S2038,6
stance:guidance,Stance,guidance,3
cp:younger sibling or cousin,Counterpart,younger sibling or cousin,2
row:2039,Row,S2039,7
sub:Situational Awareness|Forgiving self and others,Subtopic,Forgiving self and others,12
row:2040,Row,S2040,7
row:2041,Row,S2041,9
cp:ex or old friend,Counterpart,ex or old friend,4
row:2042,Row,S2042,8
row:2043,Row,S2043,7
cp:someone who wronged me,Counterpart,someone who wronged me,4
row:2044,Row,S2044,8
row:2045,Row,S2045,8
sub:Situational Awareness|Success and humility,Subtopic,Success and humility,12
row:2046,Row,S2046,8
row:2047,Row,S2047,7
row:2048,Row,S2048,8
row:2049,Row,S2049,7
cp:flatterer,Counterpart,flatterer,2
row:2050,Row,S2050,7
row:2051,Row,S2051,8
row:2052,Row,S2052,8
row:2053,Row,S2053,7
row:2054,Row,S2054,6
stance:helplessness,Stance,helplessness,3
row:2055,Row,S2055,6
row:2056,Row,S2056,7
row:2057,Row,S2057,7
row:2058,Row,S2058,6
row:2059,Row,S2059,6
row:2060,Row,S2060,9
row:2061,Row,S2061,8
row:2062,Row,S2062,5
topic:Expression & Mind State,Topic,Expression & Mind State,846
sub:Expression & Mind State|Overall facial expressions,Subtopic,Overall facial expressions,30
view:Expressing,View,Expressing,349
row:2063,Row,S2063,6
row:2064,Row,S2064,9
row:2065,Row,S2065,5
row:2066,Row,S2066,4
sub:Expression & Mind State|Smile variations,Subtopic,Smile variations,28
row:2067,Row,S2067,7
row:2068,Row,S2068,7
sub:Expression & Mind State|Eyebrows and forehead,Subtopic,Eyebrows and forehead,25
row:2069,Row,S2069,7
row:2070,Row,S2070,7
sub:Expression & Mind State|Eyes and eyelids,Subtopic,Eyes and eyelids,25
row:2071,Row,S2071,7
row:2072,Row,S2072,6
sub:Expression & Mind State|Gaze,Subtopic,Gaze,33
row:2073,Row,S2073,6
view:Regulating,View,Regulating,170
row:2074,Row,S2074,5
sub:Expression & Mind State|Nose and cheeks,Subtopic,Nose and cheeks,26
row:2075,Row,S2075,6
row:2076,Row,S2076,5
sub:Expression & Mind State|Lips,Subtopic,Lips,27
row:2077,Row,S2077,7
row:2078,Row,S2078,7
sub:Expression & Mind State|Jaw and tongue,Subtopic,Jaw and tongue,25
row:2079,Row,S2079,6
row:2080,Row,S2080,7
sub:Expression & Mind State|Facial stillness,Subtopic,Facial stillness,25
row:2081,Row,S2081,6
row:2082,Row,S2082,5
sub:Expression & Mind State|Head movements,Subtopic,Head movements,25
row:2083,Row,S2083,6
row:2084,Row,S2084,7
sub:Expression & Mind State|Shoulders,Subtopic,Shoulders,26
row:2085,Row,S2085,7
row:2086,Row,S2086,4
sub:Expression & Mind State|Arm positions,Subtopic,Arm positions,24
row:2087,Row,S2087,7
row:2088,Row,S2088,5
sub:Expression & Mind State|Hand movements,Subtopic,Hand movements,24
row:2089,Row,S2089,5
row:2090,Row,S2090,4
sub:Expression & Mind State|Conventional gestures,Subtopic,Conventional gestures,25
row:2091,Row,S2091,5
row:2092,Row,S2092,4
sub:Expression & Mind State|Conversation regulation,Subtopic,Conversation regulation,26
row:2093,Row,S2093,7
view:Interpreting,View,Interpreting,163
row:2094,Row,S2094,5
sub:Expression & Mind State|Descriptive gestures,Subtopic,Descriptive gestures,23
row:2095,Row,S2095,5
row:2096,Row,S2096,7
sub:Expression & Mind State|Posture,Subtopic,Posture,26
row:2097,Row,S2097,6
row:2098,Row,S2098,7
sub:Expression & Mind State|Whole-body movement,Subtopic,Whole-body movement,30
row:2099,Row,S2099,5
row:2100,Row,S2100,8
sub:Expression & Mind State|Withdrawal or protection,Subtopic,Withdrawal or protection,29
row:2101,Row,S2101,5
row:2102,Row,S2102,4
sub:Expression & Mind State|Self-directed movements,Subtopic,Self-directed movements,30
row:2103,Row,S2103,6
row:2104,Row,S2104,6
sub:Expression & Mind State|Touch-based expression,Subtopic,Touch-based expression,28
row:2105,Row,S2105,6
row:2106,Row,S2106,5
sub:Expression & Mind State|Position and distance,Subtopic,Position and distance,24
row:2107,Row,S2107,6
row:2108,Row,S2108,9
sub:Expression & Mind State|Laughter,Subtopic,Laughter,35
row:2109,Row,S2109,10
view:Mismatch,View,Mismatch,164
row:2110,Row,S2110,10
sub:Expression & Mind State|Crying,Subtopic,Crying,40
row:2111,Row,S2111,10
row:2112,Row,S2112,5
row:2113,Row,S2113,5
sub:Expression & Mind State|Vocal outbursts,Subtopic,Vocal outbursts,28
row:2114,Row,S2114,8
row:2115,Row,S2115,5
sub:Expression & Mind State|Other vocal sounds,Subtopic,Other vocal sounds,28
row:2116,Row,S2116,6
sub:Expression & Mind State|Short vocal reactions,Subtopic,Short vocal reactions,25
row:2117,Row,S2117,6
sub:Expression & Mind State|Loudness and pitch,Subtopic,Loudness and pitch,30
row:2118,Row,S2118,8
row:2119,Row,S2119,8
sub:Expression & Mind State|Voice quality,Subtopic,Voice quality,30
row:2120,Row,S2120,8
row:2121,Row,S2121,6
sub:Expression & Mind State|Pace and rhythm,Subtopic,Pace and rhythm,24
row:2122,Row,S2122,4
sub:Expression & Mind State|Pauses and timing,Subtopic,Pauses and timing,22
row:2123,Row,S2123,4
row:2124,Row,S2124,5
sub:Expression & Mind State|Musical vocal expression,Subtopic,Musical vocal expression,25
row:2125,Row,S2125,5
row:2126,Row,S2126,5
sub:Expression & Mind State|Greeting and farewell,Subtopic,Greeting and farewell,27
row:2127,Row,S2127,6
row:2128,Row,S2128,6
row:2129,Row,S2129,5
sub:Expression & Mind State|Sharing information,Subtopic,Sharing information,21
row:2130,Row,S2130,4
sub:Expression & Mind State|Asking and checking,Subtopic,Asking and checking,21
row:2131,Row,S2131,6
sub:Expression & Mind State|Knowledge and uncertainty,Subtopic,Knowledge and uncertainty,24
row:2132,Row,S2132,6
row:2133,Row,S2133,4
sub:Expression & Mind State|Agreement and disagreement,Subtopic,Agreement and disagreement,21
row:2134,Row,S2134,4
sub:Expression & Mind State|Requests,Subtopic,Requests,23
row:2135,Row,S2135,6
sub:Expression & Mind State|Guidance and direction,Subtopic,Guidance and direction,22
row:2136,Row,S2136,6
sub:Expression & Mind State|Permission and boundaries,Subtopic,Permission and boundaries,23
row:2137,Row,S2137,5
sub:Expression & Mind State|Commitment and intention,Subtopic,Commitment and intention,21
row:2138,Row,S2138,7
sub:Expression & Mind State|Affection and connection,Subtopic,Affection and connection,25
row:2139,Row,S2139,6
row:2140,Row,S2140,6
sub:Expression & Mind State|Appreciation and recognition,Subtopic,Appreciation and recognition,26
row:2141,Row,S2141,5
sub:Expression & Mind State|Support and comfort,Subtopic,Support and comfort,29
row:2142,Row,S2142,8
row:2143,Row,S2143,5
sub:Expression & Mind State|Apology and relationship repair,Subtopic,Apology and relationship repair,23
row:2144,Row,S2144,5
sub:Expression & Mind State|Needs and preferences,Subtopic,Needs and preferences,27
row:2145,Row,S2145,7
row:2146,Row,S2146,8
sub:Expression & Mind State|Criticism and dissatisfaction,Subtopic,Criticism and dissatisfaction,24
row:2147,Row,S2147,8
sub:Expression & Mind State|Conflict and antagonism,Subtopic,Conflict and antagonism,30
row:2148,Row,S2148,6
sub:Expression & Mind State|Self-disclosure,Subtopic,Self-disclosure,25
row:2149,Row,S2149,9
sub:Expression & Mind State|Humor and play,Subtopic,Humor and play,27
row:2150,Row,S2150,4
sub:Expression & Mind State|Indirect or figurative expression,Subtopic,Indirect or figurative expression,22
row:2151,Row,S2151,5
sub:Expression & Mind State|Spiritual and ceremonial expression,Subtopic,Spiritual and ceremonial expression,26
row:2152,Row,S2152,4
sub:Expression & Mind State|Signed-language expression,Subtopic,Signed-language expression,23
row:2153,Row,S2153,5
sub:Expression & Mind State|Performing arts,Subtopic,Performing arts,31
row:2154,Row,S2154,7
row:2155,Row,S2155,7
sub:Expression & Mind State|Visual and material expression,Subtopic,Visual and material expression,28
row:2156,Row,S2156,5
sub:Expression & Mind State|Appearance and identity presentation,Subtopic,Appearance and identity presentation,23
row:2157,Row,S2157,6
sub:Expression & Mind State|Collective and ritual expression,Subtopic,Collective and ritual expression,27
row:2158,Row,S2158,6
sub:Expression & Mind State|Pleasure and connection,Subtopic,Pleasure and connection,34
row:2159,Row,S2159,9
row:2160,Row,S2160,8
row:2161,Row,S2161,5
row:2162,Row,S2162,5
row:2163,Row,S2163,7
sub:Expression & Mind State|Distress and loss,Subtopic,Distress and loss,34
row:2164,Row,S2164,5
row:2165,Row,S2165,6
row:2166,Row,S2166,9
row:2167,Row,S2167,6
sub:Expression & Mind State|Threat and conflict,Subtopic,Threat and conflict,35
row:2168,Row,S2168,6
row:2169,Row,S2169,6
sub:Expression & Mind State|Social sensitivity,Subtopic,Social sensitivity,29
row:2170,Row,S2170,6
sub:Expression & Mind State|Thinking and attention,Subtopic,Thinking and attention,28
row:2171,Row,S2171,5
row:2172,Row,S2172,5
sub:Expression & Mind State|Expectation and evaluation,Subtopic,Expectation and evaluation,34
row:2173,Row,S2173,9
row:2174,Row,S2174,5
sub:Expression & Mind State|Low engagement or restraint,Subtopic,Low engagement or restraint,29
row:2175,Row,S2175,9
sub:Expression & Mind State|Visible reactions with multiple possible causes,Subtopic,Visible reactions with multiple possible causes,27
row:2176,Row,S2176,5
"sub:Expression & Mind State|Intensity, timing, production, and style",Subtopic,"Intensity, timing, production, and style",27
row:2177,Row,S2177,6
row:2178,Row,S2178,6
sub:Expression & Mind State|Simultaneous or contrasting displays,Subtopic,Simultaneous or contrasting displays,31
row:2179,Row,S2179,10
row:2180,Row,S2180,7
row:2181,Row,S2181,6
row:2182,Row,S2182,5
row:2183,Row,S2183,4
row:2184,Row,S2184,5
row:2185,Row,S2185,5
row:2186,Row,S2186,5
row:2187,Row,S2187,7
row:2188,Row,S2188,5
row:2189,Row,S2189,5
row:2190,Row,S2190,6
row:2191,Row,S2191,5
row:2192,Row,S2192,4
row:2193,Row,S2193,7
row:2194,Row,S2194,4
row:2195,Row,S2195,5
row:2196,Row,S2196,6
row:2197,Row,S2197,7
row:2198,Row,S2198,4
row:2199,Row,S2199,4
row:2200,Row,S2200,6
row:2201,Row,S2201,5
row:2202,Row,S2202,5
row:2203,Row,S2203,6
row:2204,Row,S2204,6
row:2205,Row,S2205,5
row:2206,Row,S2206,7
row:2207,Row,S2207,5
row:2208,Row,S2208,6
row:2209,Row,S2209,5
row:2210,Row,S2210,6
row:2211,Row,S2211,6
row:2212,Row,S2212,6
row:2213,Row,S2213,5
row:2214,Row,S2214,6
row:2215,Row,S2215,5
row:2216,Row,S2216,7
row:2217,Row,S2217,10
row:2218,Row,S2218,6
row:2219,Row,S2219,5
row:2220,Row,S2220,6
row:2221,Row,S2221,4
row:2222,Row,S2222,6
row:2223,Row,S2223,8
row:2224,Row,S2224,9
row:2225,Row,S2225,5
row:2226,Row,S2226,6
row:2227,Row,S2227,5
row:2228,Row,S2228,7
row:2229,Row,S2229,6
row:2230,Row,S2230,7
row:2231,Row,S2231,7
row:2232,Row,S2232,7
row:2233,Row,S2233,6
row:2234,Row,S2234,4
row:2235,Row,S2235,5
row:2236,Row,S2236,6
row:2237,Row,S2237,6
row:2238,Row,S2238,6
row:2239,Row,S2239,5
row:2240,Row,S2240,5
row:2241,Row,S2241,5
row:2242,Row,S2242,6
row:2243,Row,S2243,7
row:2244,Row,S2244,7
row:2245,Row,S2245,6
row:2246,Row,S2246,4
row:2247,Row,S2247,4
row:2248,Row,S2248,5
row:2249,Row,S2249,6
row:2250,Row,S2250,4
row:2251,Row,S2251,5
row:2252,Row,S2252,5
row:2253,Row,S2253,6
row:2254,Row,S2254,6
row:2255,Row,S2255,6
row:2256,Row,S2256,5
row:2257,Row,S2257,5
row:2258,Row,S2258,7
row:2259,Row,S2259,6
row:2260,Row,S2260,5
row:2261,Row,S2261,4
row:2262,Row,S2262,5
row:2263,Row,S2263,5
row:2264,Row,S2264,5
row:2265,Row,S2265,4
row:2266,Row,S2266,9
row:2267,Row,S2267,5
row:2268,Row,S2268,4
row:2269,Row,S2269,5
row:2270,Row,S2270,6
row:2271,Row,S2271,6
row:2272,Row,S2272,4
row:2273,Row,S2273,5
row:2274,Row,S2274,4
row:2275,Row,S2275,8
row:2276,Row,S2276,4
sub:Expression & Mind State|Persuasion and negotiation,Subtopic,Persuasion and negotiation,21
row:2277,Row,S2277,7
row:2278,Row,S2278,5
row:2279,Row,S2279,7
row:2280,Row,S2280,5
row:2281,Row,S2281,4
row:2282,Row,S2282,6
row:2283,Row,S2283,6
row:2284,Row,S2284,4
row:2285,Row,S2285,4
row:2286,Row,S2286,4
sub:Expression & Mind State|Written expression,Subtopic,Written expression,20
row:2287,Row,S2287,6
row:2288,Row,S2288,4
row:2289,Row,S2289,4
row:2290,Row,S2290,6
row:2291,Row,S2291,4
row:2292,Row,S2292,4
row:2293,Row,S2293,4
row:2294,Row,S2294,5
row:2295,Row,S2295,5
row:2296,Row,S2296,4
row:2297,Row,S2297,5
row:2298,Row,S2298,5
row:2299,Row,S2299,7
row:2300,Row,S2300,5
row:2301,Row,S2301,6
row:2302,Row,S2302,5
row:2303,Row,S2303,7
row:2304,Row,S2304,7
row:2305,Row,S2305,5
row:2306,Row,S2306,5
row:2307,Row,S2307,5
row:2308,Row,S2308,5
row:2309,Row,S2309,6
row:2310,Row,S2310,6
row:2311,Row,S2311,8
row:2312,Row,S2312,9
row:2313,Row,S2313,6
row:2314,Row,S2314,4
row:2315,Row,S2315,8
row:2316,Row,S2316,6
row:2317,Row,S2317,5
row:2318,Row,S2318,7
row:2319,Row,S2319,9
row:2320,Row,S2320,5
row:2321,Row,S2321,6
row:2322,Row,S2322,6
row:2323,Row,S2323,6
row:2324,Row,S2324,9
row:2325,Row,S2325,5
row:2326,Row,S2326,8
row:2327,Row,S2327,5
row:2328,Row,S2328,5
row:2329,Row,S2329,6
row:2330,Row,S2330,7
row:2331,Row,S2331,6
row:2332,Row,S2332,4
row:2333,Row,S2333,6
row:2334,Row,S2334,6
row:2335,Row,S2335,6
row:2336,Row,S2336,7
row:2337,Row,S2337,6
row:2338,Row,S2338,5
row:2339,Row,S2339,7
row:2340,Row,S2340,4
row:2341,Row,S2341,5
row:2342,Row,S2342,5
row:2343,Row,S2343,4
row:2344,Row,S2344,5
row:2345,Row,S2345,6
row:2346,Row,S2346,4
row:2347,Row,S2347,4
row:2348,Row,S2348,4
row:2349,Row,S2349,5
row:2350,Row,S2350,7
row:2351,Row,S2351,7
row:2352,Row,S2352,6
row:2353,Row,S2353,6
row:2354,Row,S2354,6
row:2355,Row,S2355,6
row:2356,Row,S2356,6
row:2357,Row,S2357,4
row:2358,Row,S2358,6
row:2359,Row,S2359,6
row:2360,Row,S2360,5
row:2361,Row,S2361,6
row:2362,Row,S2362,5
row:2363,Row,S2363,10
row:2364,Row,S2364,8
row:2365,Row,S2365,4
row:2366,Row,S2366,8
row:2367,Row,S2367,9
row:2368,Row,S2368,5
row:2369,Row,S2369,4
row:2370,Row,S2370,8
row:2371,Row,S2371,9
row:2372,Row,S2372,5
row:2373,Row,S2373,4
row:2374,Row,S2374,7
row:2375,Row,S2375,6
row:2376,Row,S2376,6
row:2377,Row,S2377,6
row:2378,Row,S2378,7
row:2379,Row,S2379,7
row:2380,Row,S2380,7
row:2381,Row,S2381,5
row:2382,Row,S2382,5
row:2383,Row,S2383,5
row:2384,Row,S2384,4
row:2385,Row,S2385,4
row:2386,Row,S2386,4
row:2387,Row,S2387,5
row:2388,Row,S2388,5
row:2389,Row,S2389,4
row:2390,Row,S2390,4
row:2391,Row,S2391,5
row:2392,Row,S2392,6
row:2393,Row,S2393,5
row:2394,Row,S2394,5
row:2395,Row,S2395,4
row:2396,Row,S2396,5
row:2397,Row,S2397,5
row:2398,Row,S2398,6
row:2399,Row,S2399,4
row:2400,Row,S2400,6
row:2401,Row,S2401,5
row:2402,Row,S2402,6
row:2403,Row,S2403,6
row:2404,Row,S2404,5
row:2405,Row,S2405,5
row:2406,Row,S2406,5
row:2407,Row,S2407,4
row:2408,Row,S2408,5
row:2409,Row,S2409,5
row:2410,Row,S2410,6
row:2411,Row,S2411,4
row:2412,Row,S2412,7
row:2413,Row,S2413,5
row:2414,Row,S2414,5
row:2415,Row,S2415,7
row:2416,Row,S2416,5
row:2417,Row,S2417,4
row:2418,Row,S2418,5
row:2419,Row,S2419,6
row:2420,Row,S2420,4
row:2421,Row,S2421,5
row:2422,Row,S2422,8
row:2423,Row,S2423,7
row:2424,Row,S2424,4
row:2425,Row,S2425,4
row:2426,Row,S2426,7
row:2427,Row,S2427,6
row:2428,Row,S2428,4
row:2429,Row,S2429,5
row:2430,Row,S2430,6
row:2431,Row,S2431,4
row:2432,Row,S2432,5
sub:Expression & Mind State|Digital expression,Subtopic,Digital expression,19
row:2433,Row,S2433,5
row:2434,Row,S2434,7
row:2435,Row,S2435,6
row:2436,Row,S2436,9
row:2437,Row,S2437,5
row:2438,Row,S2438,4
row:2439,Row,S2439,4
row:2440,Row,S2440,5
row:2441,Row,S2441,4
row:2442,Row,S2442,7
row:2443,Row,S2443,5
row:2444,Row,S2444,5
row:2445,Row,S2445,8
row:2446,Row,S2446,7
row:2447,Row,S2447,5
row:2448,Row,S2448,9
row:2449,Row,S2449,7
row:2450,Row,S2450,5
row:2451,Row,S2451,7
row:2452,Row,S2452,7
row:2453,Row,S2453,5
row:2454,Row,S2454,4
row:2455,Row,S2455,4
row:2456,Row,S2456,5
row:2457,Row,S2457,5
row:2458,Row,S2458,4
row:2459,Row,S2459,5
row:2460,Row,S2460,7
row:2461,Row,S2461,5
row:2462,Row,S2462,9
row:2463,Row,S2463,5
row:2464,Row,S2464,5
row:2465,Row,S2465,6
row:2466,Row,S2466,5
row:2467,Row,S2467,6
row:2468,Row,S2468,5
row:2469,Row,S2469,4
row:2470,Row,S2470,6
row:2471,Row,S2471,6
row:2472,Row,S2472,6
row:2473,Row,S2473,6
row:2474,Row,S2474,7
row:2475,Row,S2475,6
row:2476,Row,S2476,4
row:2477,Row,S2477,5
row:2478,Row,S2478,7
row:2479,Row,S2479,4
row:2480,Row,S2480,9
row:2481,Row,S2481,6
row:2482,Row,S2482,5
row:2483,Row,S2483,5
row:2484,Row,S2484,6
row:2485,Row,S2485,6
row:2486,Row,S2486,5
row:2487,Row,S2487,5
row:2488,Row,S2488,4
row:2489,Row,S2489,4
row:2490,Row,S2490,6
row:2491,Row,S2491,4
row:2492,Row,S2492,4
row:2493,Row,S2493,6
row:2494,Row,S2494,4
row:2495,Row,S2495,5
row:2496,Row,S2496,6
row:2497,Row,S2497,4
row:2498,Row,S2498,4
row:2499,Row,S2499,8
row:2500,Row,S2500,6
row:2501,Row,S2501,6
row:2502,Row,S2502,4
row:2503,Row,S2503,5
row:2504,Row,S2504,4
row:2505,Row,S2505,7
row:2506,Row,S2506,5
row:2507,Row,S2507,5
row:2508,Row,S2508,7
row:2509,Row,S2509,7
row:2510,Row,S2510,5
row:2511,Row,S2511,9
row:2512,Row,S2512,6
row:2513,Row,S2513,7
row:2514,Row,S2514,5
row:2515,Row,S2515,7
row:2516,Row,S2516,7
row:2517,Row,S2517,4
row:2518,Row,S2518,10
row:2519,Row,S2519,9
row:2520,Row,S2520,11
row:2521,Row,S2521,11
row:2522,Row,S2522,6
row:2523,Row,S2523,5
row:2524,Row,S2524,7
row:2525,Row,S2525,5
row:2526,Row,S2526,6
row:2527,Row,S2527,9
row:2528,Row,S2528,8
row:2529,Row,S2529,5
row:2530,Row,S2530,5
row:2531,Row,S2531,6
row:2532,Row,S2532,6
row:2533,Row,S2533,7
row:2534,Row,S2534,4
row:2535,Row,S2535,7
row:2536,Row,S2536,6
row:2537,Row,S2537,6
row:2538,Row,S2538,4
row:2539,Row,S2539,4
row:2540,Row,S2540,6
row:2541,Row,S2541,4
row:2542,Row,S2542,6
row:2543,Row,S2543,5
row:2544,Row,S2544,6
row:2545,Row,S2545,4
row:2546,Row,S2546,4
row:2547,Row,S2547,6
row:2548,Row,S2548,5
row:2549,Row,S2549,5
row:2550,Row,S2550,5
row:2551,Row,S2551,6
row:2552,Row,S2552,6
row:2553,Row,S2553,5
row:2554,Row,S2554,4
row:2555,Row,S2555,7
row:2556,Row,S2556,5
row:2557,Row,S2557,5
row:2558,Row,S2558,5
row:2559,Row,S2559,5
row:2560,Row,S2560,6
row:2561,Row,S2561,5
row:2562,Row,S2562,4
row:2563,Row,S2563,4
row:2564,Row,S2564,4
row:2565,Row,S2565,6
row:2566,Row,S2566,8
row:2567,Row,S2567,5
row:2568,Row,S2568,4
row:2569,Row,S2569,6
row:2570,Row,S2570,5
row:2571,Row,S2571,4
row:2572,Row,S2572,6
row:2573,Row,S2573,4
row:2574,Row,S2574,6
row:2575,Row,S2575,4
row:2576,Row,S2576,6
row:2577,Row,S2577,5
row:2578,Row,S2578,5
row:2579,Row,S2579,7
row:2580,Row,S2580,5
row:2581,Row,S2581,8
row:2582,Row,S2582,4
row:2583,Row,S2583,5
row:2584,Row,S2584,6
row:2585,Row,S2585,5
row:2586,Row,S2586,5
row:2587,Row,S2587,5
row:2588,Row,S2588,4
row:2589,Row,S2589,5
row:2590,Row,S2590,4
row:2591,Row,S2591,6
row:2592,Row,S2592,4
row:2593,Row,S2593,4
row:2594,Row,S2594,4
row:2595,Row,S2595,9
row:2596,Row,S2596,5
row:2597,Row,S2597,6
row:2598,Row,S2598,7
row:2599,Row,S2599,8
row:2600,Row,S2600,6
row:2601,Row,S2601,7
row:2602,Row,S2602,8
row:2603,Row,S2603,5
row:2604,Row,S2604,5
row:2605,Row,S2605,4
row:2606,Row,S2606,5
row:2607,Row,S2607,6
row:2608,Row,S2608,7
row:2609,Row,S2609,6
row:2610,Row,S2610,7
row:2611,Row,S2611,6
row:2612,Row,S2612,7
row:2613,Row,S2613,10
row:2614,Row,S2614,8
row:2615,Row,S2615,8
row:2616,Row,S2616,6
row:2617,Row,S2617,7
row:2618,Row,S2618,6
row:2619,Row,S2619,6
row:2620,Row,S2620,6
row:2621,Row,S2621,5
row:2622,Row,S2622,6
row:2623,Row,S2623,7
row:2624,Row,S2624,6
row:2625,Row,S2625,7
row:2626,Row,S2626,7
row:2627,Row,S2627,6
row:2628,Row,S2628,8
row:2629,Row,S2629,8
row:2630,Row,S2630,7
row:2631,Row,S2631,9
row:2632,Row,S2632,4
row:2633,Row,S2633,6
row:2634,Row,S2634,5
row:2635,Row,S2635,8
row:2636,Row,S2636,6
row:2637,Row,S2637,6
row:2638,Row,S2638,4
row:2639,Row,S2639,4
row:2640,Row,S2640,6
row:2641,Row,S2641,6
row:2642,Row,S2642,4
row:2643,Row,S2643,7
row:2644,Row,S2644,5
row:2645,Row,S2645,5
row:2646,Row,S2646,4
row:2647,Row,S2647,4
row:2648,Row,S2648,6
row:2649,Row,S2649,6
row:2650,Row,S2650,5
row:2651,Row,S2651,5
row:2652,Row,S2652,6
row:2653,Row,S2653,7
row:2654,Row,S2654,4
row:2655,Row,S2655,6
row:2656,Row,S2656,4
row:2657,Row,S2657,6
row:2658,Row,S2658,4
row:2659,Row,S2659,6
row:2660,Row,S2660,5
row:2661,Row,S2661,5
row:2662,Row,S2662,6
row:2663,Row,S2663,5
row:2664,Row,S2664,5
row:2665,Row,S2665,4
row:2666,Row,S2666,4
row:2667,Row,S2667,5
row:2668,Row,S2668,5
row:2669,Row,S2669,6
row:2670,Row,S2670,6
row:2671,Row,S2671,5
row:2672,Row,S2672,7
row:2673,Row,S2673,6
row:2674,Row,S2674,7
row:2675,Row,S2675,8
row:2676,Row,S2676,5
row:2677,Row,S2677,5
row:2678,Row,S2678,4
row:2679,Row,S2679,6
row:2680,Row,S2680,4
row:2681,Row,S2681,5
row:2682,Row,S2682,8
row:2683,Row,S2683,6
row:2684,Row,S2684,5
row:2685,Row,S2685,6
row:2686,Row,S2686,9
row:2687,Row,S2687,5
row:2688,Row,S2688,6
row:2689,Row,S2689,7
row:2690,Row,S2690,7
row:2691,Row,S2691,5
row:2692,Row,S2692,7
row:2693,Row,S2693,8
row:2694,Row,S2694,7
row:2695,Row,S2695,7
row:2696,Row,S2696,8
row:2697,Row,S2697,6
row:2698,Row,S2698,4
row:2699,Row,S2699,5
row:2700,Row,S2700,8
row:2701,Row,S2701,6
row:2702,Row,S2702,5
row:2703,Row,S2703,5
row:2704,Row,S2704,4
row:2705,Row,S2705,4
row:2706,Row,S2706,4
row:2707,Row,S2707,7
row:2708,Row,S2708,5
row:2709,Row,S2709,5
row:2710,Row,S2710,5
row:2711,Row,S2711,5
row:2712,Row,S2712,6
row:2713,Row,S2713,4
row:2714,Row,S2714,4
row:2715,Row,S2715,7
row:2716,Row,S2716,6
row:2717,Row,S2717,5
row:2718,Row,S2718,4
row:2719,Row,S2719,5
row:2720,Row,S2720,4
row:2721,Row,S2721,5
row:2722,Row,S2722,4
row:2723,Row,S2723,5
row:2724,Row,S2724,4
row:2725,Row,S2725,8
row:2726,Row,S2726,7
row:2727,Row,S2727,5
row:2728,Row,S2728,5
row:2729,Row,S2729,5
row:2730,Row,S2730,7
row:2731,Row,S2731,5
row:2732,Row,S2732,6
row:2733,Row,S2733,5
row:2734,Row,S2734,4
row:2735,Row,S2735,5
row:2736,Row,S2736,5
row:2737,Row,S2737,4
row:2738,Row,S2738,5
row:2739,Row,S2739,5
row:2740,Row,S2740,5
row:2741,Row,S2741,5
row:2742,Row,S2742,5
row:2743,Row,S2743,4
row:2744,Row,S2744,5
row:2745,Row,S2745,5
row:2746,Row,S2746,5
row:2747,Row,S2747,5
row:2748,Row,S2748,6
row:2749,Row,S2749,6
row:2750,Row,S2750,4
row:2751,Row,S2751,5
row:2752,Row,S2752,6
row:2753,Row,S2753,6
row:2754,Row,S2754,6
row:2755,Row,S2755,6
row:2756,Row,S2756,7
row:2757,Row,S2757,6
row:2758,Row,S2758,7
row:2759,Row,S2759,5
row:2760,Row,S2760,5
row:2761,Row,S2761,6
row:2762,Row,S2762,7
row:2763,Row,S2763,5
row:2764,Row,S2764,7
row:2765,Row,S2765,5
row:2766,Row,S2766,7
row:2767,Row,S2767,4
row:2768,Row,S2768,4
row:2769,Row,S2769,5
row:2770,Row,S2770,7
row:2771,Row,S2771,6
row:2772,Row,S2772,4
row:2773,Row,S2773,4
row:2774,Row,S2774,5
row:2775,Row,S2775,8
row:2776,Row,S2776,4
row:2777,Row,S2777,5
row:2778,Row,S2778,5
row:2779,Row,S2779,5
row:2780,Row,S2780,6
row:2781,Row,S2781,7
row:2782,Row,S2782,6
row:2783,Row,S2783,5
row:2784,Row,S2784,5
row:2785,Row,S2785,5
row:2786,Row,S2786,8
row:2787,Row,S2787,6
row:2788,Row,S2788,6
row:2789,Row,S2789,6
row:2790,Row,S2790,6
row:2791,Row,S2791,6
row:2792,Row,S2792,5
row:2793,Row,S2793,4
row:2794,Row,S2794,6
row:2795,Row,S2795,4
row:2796,Row,S2796,4
row:2797,Row,S2797,7
row:2798,Row,S2798,5
row:2799,Row,S2799,6
row:2800,Row,S2800,6
row:2801,Row,S2801,5
row:2802,Row,S2802,4
row:2803,Row,S2803,5
row:2804,Row,S2804,5
row:2805,Row,S2805,4
row:2806,Row,S2806,7
row:2807,Row,S2807,7
row:2808,Row,S2808,5
row:2809,Row,S2809,8
row:2810,Row,S2810,10
row:2811,Row,S2811,5
row:2812,Row,S2812,6
row:2813,Row,S2813,7
row:2814,Row,S2814,5
row:2815,Row,S2815,4
row:2816,Row,S2816,4
row:2817,Row,S2817,5
row:2818,Row,S2818,6
row:2819,Row,S2819,10
row:2820,Row,S2820,6
row:2821,Row,S2821,6
row:2822,Row,S2822,6
row:2823,Row,S2823,6
row:2824,Row,S2824,6
row:2825,Row,S2825,6
row:2826,Row,S2826,4
row:2827,Row,S2827,5
row:2828,Row,S2828,7
row:2829,Row,S2829,6
row:2830,Row,S2830,6
row:2831,Row,S2831,6
row:2832,Row,S2832,5
row:2833,Row,S2833,4
row:2834,Row,S2834,6
row:2835,Row,S2835,6
row:2836,Row,S2836,4
row:2837,Row,S2837,6
row:2838,Row,S2838,6
row:2839,Row,S2839,4
row:2840,Row,S2840,4
row:2841,Row,S2841,4
row:2842,Row,S2842,5
row:2843,Row,S2843,6
row:2844,Row,S2844,4
row:2845,Row,S2845,4
row:2846,Row,S2846,4
row:2847,Row,S2847,5
row:2848,Row,S2848,4
row:2849,Row,S2849,5
row:2850,Row,S2850,5
row:2851,Row,S2851,5
row:2852,Row,S2852,5
row:2853,Row,S2853,5
row:2854,Row,S2854,4
row:2855,Row,S2855,5
row:2856,Row,S2856,5
row:2857,Row,S2857,6
row:2858,Row,S2858,4
row:2859,Row,S2859,4
row:2860,Row,S2860,4
row:2861,Row,S2861,6
row:2862,Row,S2862,5
row:2863,Row,S2863,7
row:2864,Row,S2864,5
row:2865,Row,S2865,4
row:2866,Row,S2866,7
row:2867,Row,S2867,5
row:2868,Row,S2868,5
row:2869,Row,S2869,5
row:2870,Row,S2870,6
row:2871,Row,S2871,6
row:2872,Row,S2872,5
row:2873,Row,S2873,4
row:2874,Row,S2874,6
row:2875,Row,S2875,7
row:2876,Row,S2876,4
row:2877,Row,S2877,4
row:2878,Row,S2878,4
row:2879,Row,S2879,4
row:2880,Row,S2880,4
row:2881,Row,S2881,4
row:2882,Row,S2882,5
row:2883,Row,S2883,4
row:2884,Row,S2884,5
row:2885,Row,S2885,5
row:2886,Row,S2886,6
row:2887,Row,S2887,4
row:2888,Row,S2888,5
row:2889,Row,S2889,6
row:2890,Row,S2890,4
row:2891,Row,S2891,7
row:2892,Row,S2892,11
row:2893,Row,S2893,7
row:2894,Row,S2894,8
row:2895,Row,S2895,5
row:2896,Row,S2896,8
row:2897,Row,S2897,6
row:2898,Row,S2898,8
row:2899,Row,S2899,6
row:2900,Row,S2900,8
row:2901,Row,S2901,5
row:2902,Row,S2902,7
row:2903,Row,S2903,4
row:2904,Row,S2904,4
row:2905,Row,S2905,6
row:2906,Row,S2906,7
row:2907,Row,S2907,7
row:2908,Row,S2908,5
topic:Interaction Dynamics,Topic,Interaction Dynamics,441
sub:Interaction Dynamics|Argument escalation and de-escalation,Subtopic,Argument escalation and de-escalation,22
row:2909,Row,S2909,5
row:2910,Row,S2910,7
row:2911,Row,S2911,6
row:2912,Row,S2912,6
view:Response,View,Response,650
row:2913,Row,S2913,5
row:2914,Row,S2914,6
row:2915,Row,S2915,5
view:Observer,View,Observer,359
row:2916,Row,S2916,6
row:2917,Row,S2917,11
row:2918,Row,S2918,5
row:2919,Row,S2919,6
row:2920,Row,S2920,6
row:2921,Row,S2921,5
row:2922,Row,S2922,6
row:2923,Row,S2923,8
row:2924,Row,S2924,6
row:2925,Row,S2925,5
row:2926,Row,S2926,6
sub:Interaction Dynamics|Pursue-withdraw cycle,Subtopic,Pursue-withdraw cycle,14
row:2927,Row,S2927,5
row:2928,Row,S2928,7
row:2929,Row,S2929,7
row:2930,Row,S2930,6
row:2931,Row,S2931,7
row:2932,Row,S2932,6
row:2933,Row,S2933,5
row:2934,Row,S2934,7
row:2935,Row,S2935,7
row:2936,Row,S2936,7
row:2937,Row,S2937,7
row:2938,Row,S2938,7
sub:Interaction Dynamics|Silent treatment,Subtopic,Silent treatment,14
row:2939,Row,S2939,7
row:2940,Row,S2940,9
row:2941,Row,S2941,7
row:2942,Row,S2942,6
row:2943,Row,S2943,7
row:2944,Row,S2944,7
row:2945,Row,S2945,6
row:2946,Row,S2946,8
row:2947,Row,S2947,7
row:2948,Row,S2948,6
row:2949,Row,S2949,5
row:2950,Row,S2950,9
sub:Interaction Dynamics|Apology and repair cycle,Subtopic,Apology and repair cycle,14
row:2951,Row,S2951,7
row:2952,Row,S2952,6
row:2953,Row,S2953,5
row:2954,Row,S2954,6
row:2955,Row,S2955,6
row:2956,Row,S2956,6
row:2957,Row,S2957,5
row:2958,Row,S2958,7
row:2959,Row,S2959,6
row:2960,Row,S2960,6
row:2961,Row,S2961,6
row:2962,Row,S2962,8
sub:Interaction Dynamics|Broken trust and rebuilding,Subtopic,Broken trust and rebuilding,14
row:2963,Row,S2963,8
row:2964,Row,S2964,5
row:2965,Row,S2965,7
row:2966,Row,S2966,6
row:2967,Row,S2967,6
row:2968,Row,S2968,7
row:2969,Row,S2969,9
row:2970,Row,S2970,6
row:2971,Row,S2971,5
row:2972,Row,S2972,7
row:2973,Row,S2973,7
row:2974,Row,S2974,6
sub:Interaction Dynamics|Friendship formation and fading,Subtopic,Friendship formation and fading,14
row:2975,Row,S2975,7
row:2976,Row,S2976,7
row:2977,Row,S2977,6
row:2978,Row,S2978,8
row:2979,Row,S2979,5
row:2980,Row,S2980,8
row:2981,Row,S2981,6
row:2982,Row,S2982,5
row:2983,Row,S2983,6
row:2984,Row,S2984,8
row:2985,Row,S2985,6
row:2986,Row,S2986,8
sub:Interaction Dynamics|Friendship betrayal to reconciliation or ending,Subtopic,Friendship betrayal to reconciliation or ending,14
row:2987,Row,S2987,6
row:2988,Row,S2988,9
row:2989,Row,S2989,7
row:2990,Row,S2990,7
row:2991,Row,S2991,6
row:2992,Row,S2992,5
row:2993,Row,S2993,7
row:2994,Row,S2994,8
row:2995,Row,S2995,5
row:2996,Row,S2996,7
row:2997,Row,S2997,7
row:2998,Row,S2998,7
sub:Interaction Dynamics|Romantic attraction to commitment,Subtopic,Romantic attraction to commitment,14
row:2999,Row,S2999,6
row:3000,Row,S3000,5
row:3001,Row,S3001,5
row:3002,Row,S3002,5
row:3003,Row,S3003,6
row:3004,Row,S3004,7
row:3005,Row,S3005,5
row:3006,Row,S3006,5
row:3007,Row,S3007,7
row:3008,Row,S3008,5
row:3009,Row,S3009,7
row:3010,Row,S3010,5
sub:Interaction Dynamics|A relationship's slow drift and breakup,Subtopic,A relationship's slow drift and breakup,14
row:3011,Row,S3011,6
row:3012,Row,S3012,6
row:3013,Row,S3013,7
row:3014,Row,S3014,7
row:3015,Row,S3015,7
row:3016,Row,S3016,5
row:3017,Row,S3017,5
row:3018,Row,S3018,7
row:3019,Row,S3019,5
row:3020,Row,S3020,9
row:3021,Row,S3021,8
row:3022,Row,S3022,6
sub:Interaction Dynamics|Jealousy spiral,Subtopic,Jealousy spiral,14
row:3023,Row,S3023,6
row:3024,Row,S3024,6
row:3025,Row,S3025,8
row:3026,Row,S3026,6
row:3027,Row,S3027,7
row:3028,Row,S3028,6
row:3029,Row,S3029,7
row:3030,Row,S3030,6
row:3031,Row,S3031,6
row:3032,Row,S3032,7
row:3033,Row,S3033,8
row:3034,Row,S3034,7
sub:Interaction Dynamics|Rumour and gossip spread,Subtopic,Rumour and gossip spread,14
row:3035,Row,S3035,6
row:3036,Row,S3036,6
row:3037,Row,S3037,9
row:3038,Row,S3038,5
row:3039,Row,S3039,8
row:3040,Row,S3040,5
row:3041,Row,S3041,6
row:3042,Row,S3042,8
row:3043,Row,S3043,6
row:3044,Row,S3044,7
row:3045,Row,S3045,5
row:3046,Row,S3046,6
sub:Interaction Dynamics|Bullying cycle,Subtopic,Bullying cycle,14
row:3047,Row,S3047,6
row:3048,Row,S3048,8
row:3049,Row,S3049,8
row:3050,Row,S3050,6
row:3051,Row,S3051,6
row:3052,Row,S3052,6
row:3053,Row,S3053,5
row:3054,Row,S3054,8
row:3055,Row,S3055,9
row:3056,Row,S3056,5
row:3057,Row,S3057,5
row:3058,Row,S3058,6
sub:Interaction Dynamics|Parent-teen conflict cycle,Subtopic,Parent-teen conflict cycle,14
row:3059,Row,S3059,8
row:3060,Row,S3060,7
row:3061,Row,S3061,6
row:3062,Row,S3062,8
row:3063,Row,S3063,5
row:3064,Row,S3064,5
row:3065,Row,S3065,5
row:3066,Row,S3066,8
row:3067,Row,S3067,6
row:3068,Row,S3068,7
row:3069,Row,S3069,6
row:3070,Row,S3070,7
sub:Interaction Dynamics|Sibling rivalry cycle,Subtopic,Sibling rivalry cycle,14
row:3071,Row,S3071,5
row:3072,Row,S3072,5
row:3073,Row,S3073,7
row:3074,Row,S3074,7
row:3075,Row,S3075,5
row:3076,Row,S3076,6
row:3077,Row,S3077,5
row:3078,Row,S3078,7
row:3079,Row,S3079,5
row:3080,Row,S3080,6
row:3081,Row,S3081,5
row:3082,Row,S3082,7
sub:Interaction Dynamics|Caregiver-child tantrum to repair,Subtopic,Caregiver-child tantrum to repair,14
row:3083,Row,S3083,6
row:3084,Row,S3084,10
row:3085,Row,S3085,6
row:3086,Row,S3086,8
row:3087,Row,S3087,6
row:3088,Row,S3088,5
row:3089,Row,S3089,6
row:3090,Row,S3090,7
row:3091,Row,S3091,8
row:3092,Row,S3092,9
row:3093,Row,S3093,7
row:3094,Row,S3094,6
sub:Interaction Dynamics|Mentor relationship arc,Subtopic,Mentor relationship arc,14
row:3095,Row,S3095,8
row:3096,Row,S3096,6
row:3097,Row,S3097,7
row:3098,Row,S3098,8
row:3099,Row,S3099,6
row:3100,Row,S3100,5
row:3101,Row,S3101,5
row:3102,Row,S3102,5
row:3103,Row,S3103,7
row:3104,Row,S3104,8
row:3105,Row,S3105,6
row:3106,Row,S3106,7
sub:Interaction Dynamics|Estrangement and reunion,Subtopic,Estrangement and reunion,14
row:3107,Row,S3107,7
row:3108,Row,S3108,6
row:3109,Row,S3109,10
row:3110,Row,S3110,6
row:3111,Row,S3111,5
row:3112,Row,S3112,7
row:3113,Row,S3113,6
row:3114,Row,S3114,5
row:3115,Row,S3115,7
row:3116,Row,S3116,6
row:3117,Row,S3117,8
row:3118,Row,S3118,6
sub:Interaction Dynamics|Workplace conflict arc,Subtopic,Workplace conflict arc,14
row:3119,Row,S3119,6
row:3120,Row,S3120,5
row:3121,Row,S3121,6
row:3122,Row,S3122,5
row:3123,Row,S3123,8
row:3124,Row,S3124,6
row:3125,Row,S3125,7
row:3126,Row,S3126,5
row:3127,Row,S3127,7
row:3128,Row,S3128,5
row:3129,Row,S3129,5
row:3130,Row,S3130,7
sub:Interaction Dynamics|A misunderstanding snowballing over text,Subtopic,A misunderstanding snowballing over text,14
row:3131,Row,S3131,6
row:3132,Row,S3132,6
row:3133,Row,S3133,6
row:3134,Row,S3134,7
row:3135,Row,S3135,6
row:3136,Row,S3136,6
row:3137,Row,S3137,7
row:3138,Row,S3138,6
row:3139,Row,S3139,6
row:3140,Row,S3140,5
row:3141,Row,S3141,6
row:3142,Row,S3142,8
sub:Interaction Dynamics|Grief over months and years,Subtopic,Grief over months and years,20
row:3143,Row,S3143,8
row:3144,Row,S3144,6
row:3145,Row,S3145,5
row:3146,Row,S3146,8
row:3147,Row,S3147,8
row:3148,Row,S3148,8
row:3149,Row,S3149,7
row:3150,Row,S3150,5
row:3151,Row,S3151,9
row:3152,Row,S3152,8
row:3153,Row,S3153,6
row:3154,Row,S3154,7
sub:Interaction Dynamics|Burnout build-up and recovery,Subtopic,Burnout build-up and recovery,14
row:3155,Row,S3155,6
row:3156,Row,S3156,7
row:3157,Row,S3157,6
row:3158,Row,S3158,7
row:3159,Row,S3159,6
row:3160,Row,S3160,5
row:3161,Row,S3161,5
row:3162,Row,S3162,5
row:3163,Row,S3163,5
row:3164,Row,S3164,6
sub:Interaction Dynamics|Habit formation and relapse,Subtopic,Habit formation and relapse,16
row:3165,Row,S3165,6
row:3166,Row,S3166,6
row:3167,Row,S3167,6
row:3168,Row,S3168,6
row:3169,Row,S3169,7
row:3170,Row,S3170,5
row:3171,Row,S3171,5
row:3172,Row,S3172,5
row:3173,Row,S3173,6
row:3174,Row,S3174,9
sub:Interaction Dynamics|Addiction spiral and recovery,Subtopic,Addiction spiral and recovery,16
row:3175,Row,S3175,5
row:3176,Row,S3176,8
row:3177,Row,S3177,8
row:3178,Row,S3178,5
row:3179,Row,S3179,6
row:3180,Row,S3180,8
row:3181,Row,S3181,7
row:3182,Row,S3182,7
row:3183,Row,S3183,8
row:3184,Row,S3184,6
row:3185,Row,S3185,5
row:3186,Row,S3186,11
sub:Interaction Dynamics|Procrastination cycle,Subtopic,Procrastination cycle,16
row:3187,Row,S3187,7
row:3188,Row,S3188,7
row:3189,Row,S3189,8
row:3190,Row,S3190,7
row:3191,Row,S3191,6
row:3192,Row,S3192,7
row:3193,Row,S3193,7
row:3194,Row,S3194,9
row:3195,Row,S3195,9
row:3196,Row,S3196,10
sub:Interaction Dynamics|Perfectionism and paralysis,Subtopic,Perfectionism and paralysis,13
row:3197,Row,S3197,7
row:3198,Row,S3198,6
row:3199,Row,S3199,8
row:3200,Row,S3200,5
row:3201,Row,S3201,7
row:3202,Row,S3202,9
row:3203,Row,S3203,9
row:3204,Row,S3204,7
row:3205,Row,S3205,5
sub:Interaction Dynamics|Learning a hard skill,Subtopic,Learning a hard skill,17
row:3206,Row,S3206,6
row:3207,Row,S3207,5
row:3208,Row,S3208,6
row:3209,Row,S3209,6
row:3210,Row,S3210,5
row:3211,Row,S3211,6
row:3212,Row,S3212,5
row:3213,Row,S3213,7
row:3214,Row,S3214,5
row:3215,Row,S3215,6
row:3216,Row,S3216,6
sub:Interaction Dynamics|Failure to recovery,Subtopic,Failure to recovery,16
row:3217,Row,S3217,5
row:3218,Row,S3218,6
row:3219,Row,S3219,6
row:3220,Row,S3220,5
row:3221,Row,S3221,5
row:3222,Row,S3222,9
row:3223,Row,S3223,6
row:3224,Row,S3224,5
row:3225,Row,S3225,5
row:3226,Row,S3226,8
sub:Interaction Dynamics|Imposter feelings at a new job,Subtopic,Imposter feelings at a new job,11
row:3227,Row,S3227,7
row:3228,Row,S3228,7
row:3229,Row,S3229,6
row:3230,Row,S3230,8
row:3231,Row,S3231,6
row:3232,Row,S3232,8
row:3233,Row,S3233,7
row:3234,Row,S3234,7
row:3235,Row,S3235,6
sub:Interaction Dynamics|A promotion and the ego that follows,Subtopic,A promotion and the ego that follows,9
row:3236,Row,S3236,5
row:3237,Row,S3237,5
row:3238,Row,S3238,4
row:3239,Row,S3239,6
row:3240,Row,S3240,5
row:3241,Row,S3241,7
row:3242,Row,S3242,5
row:3243,Row,S3243,4
row:3244,Row,S3244,6
sub:Interaction Dynamics|Drawn into a high-control group or online extremism,Subtopic,Drawn into a high-control group or online extremism,15
row:3245,Row,S3245,7
row:3246,Row,S3246,7
row:3247,Row,S3247,6
row:3248,Row,S3248,5
row:3249,Row,S3249,6
row:3250,Row,S3250,5
row:3251,Row,S3251,10
row:3252,Row,S3252,8
row:3253,Row,S3253,7
row:3254,Row,S3254,7
row:3255,Row,S3255,10
sub:Interaction Dynamics|Radicalising rage online,Subtopic,Radicalising rage online,14
row:3256,Row,S3256,6
row:3257,Row,S3257,5
row:3258,Row,S3258,5
row:3259,Row,S3259,7
row:3260,Row,S3260,6
row:3261,Row,S3261,6
row:3262,Row,S3262,9
row:3263,Row,S3263,7
row:3264,Row,S3264,7
row:3265,Row,S3265,5
sub:Interaction Dynamics|Scam victim journey,Subtopic,Scam victim journey,14
row:3266,Row,S3266,8
row:3267,Row,S3267,7
row:3268,Row,S3268,6
row:3269,Row,S3269,6
row:3270,Row,S3270,5
row:3271,Row,S3271,9
row:3272,Row,S3272,6
row:3273,Row,S3273,7
row:3274,Row,S3274,7
row:3275,Row,S3275,6
sub:Interaction Dynamics|Loneliness and withdrawal spiral,Subtopic,Loneliness and withdrawal spiral,16
row:3276,Row,S3276,6
row:3277,Row,S3277,9
row:3278,Row,S3278,7
row:3279,Row,S3279,7
row:3280,Row,S3280,6
row:3281,Row,S3281,5
row:3282,Row,S3282,5
row:3283,Row,S3283,5
row:3284,Row,S3284,5
row:3285,Row,S3285,7
sub:Interaction Dynamics|Anxiety avoidance loop,Subtopic,Anxiety avoidance loop,16
row:3286,Row,S3286,9
row:3287,Row,S3287,8
row:3288,Row,S3288,7
row:3289,Row,S3289,8
row:3290,Row,S3290,9
row:3291,Row,S3291,9
row:3292,Row,S3292,7
row:3293,Row,S3293,7
row:3294,Row,S3294,7
row:3295,Row,S3295,6
sub:Interaction Dynamics|A faith journey through doubt,Subtopic,A faith journey through doubt,14
row:3296,Row,S3296,9
row:3297,Row,S3297,6
row:3298,Row,S3298,9
row:3299,Row,S3299,6
row:3300,Row,S3300,9
row:3301,Row,S3301,6
row:3302,Row,S3302,5
row:3303,Row,S3303,8
row:3304,Row,S3304,5
row:3305,Row,S3305,5
sub:Interaction Dynamics|Moral drift in an organisation,Subtopic,Moral drift in an organisation,9
row:3306,Row,S3306,5
row:3307,Row,S3307,5
row:3308,Row,S3308,7
row:3309,Row,S3309,5
row:3310,Row,S3310,7
row:3311,Row,S3311,6
row:3312,Row,S3312,6
row:3313,Row,S3313,4
row:3314,Row,S3314,7
sub:Interaction Dynamics|Whistleblowing,Subtopic,Whistleblowing,9
row:3315,Row,S3315,6
row:3316,Row,S3316,8
row:3317,Row,S3317,5
row:3318,Row,S3318,7
row:3319,Row,S3319,5
row:3320,Row,S3320,5
row:3321,Row,S3321,8
row:3322,Row,S3322,6
row:3323,Row,S3323,8
sub:Interaction Dynamics|Forgiveness process,Subtopic,Forgiveness process,13
row:3324,Row,S3324,6
row:3325,Row,S3325,9
row:3326,Row,S3326,7
row:3327,Row,S3327,5
row:3328,Row,S3328,8
row:3329,Row,S3329,7
row:3330,Row,S3330,7
row:3331,Row,S3331,7
row:3332,Row,S3332,6
sub:Interaction Dynamics|Midlife-style regret at 25,Subtopic,Midlife-style regret at 25,8
row:3333,Row,S3333,7
row:3334,Row,S3334,6
row:3335,Row,S3335,6
row:3336,Row,S3336,5
row:3337,Row,S3337,7
row:3338,Row,S3338,6
row:3339,Row,S3339,5
row:3340,Row,S3340,7
sub:Interaction Dynamics|Relocation adjustment,Subtopic,Relocation adjustment,11
row:3341,Row,S3341,6
row:3342,Row,S3342,8
row:3343,Row,S3343,8
row:3344,Row,S3344,6
row:3345,Row,S3345,6
row:3346,Row,S3346,5
row:3347,Row,S3347,6
row:3348,Row,S3348,6
row:3349,Row,S3349,4
topic:Group Behaviour,Topic,Group Behaviour,221
sub:Group Behaviour|Conformity and peer norms,Subtopic,Conformity and peer norms,23
row:3350,Row,S3350,5
row:3351,Row,S3351,5
row:3352,Row,S3352,5
row:3353,Row,S3353,6
row:3354,Row,S3354,5
row:3355,Row,S3355,4
row:3356,Row,S3356,6
row:3357,Row,S3357,6
row:3358,Row,S3358,4
row:3359,Row,S3359,5
row:3360,Row,S3360,5
row:3361,Row,S3361,5
row:3362,Row,S3362,4
sub:Group Behaviour|Obedience to authority,Subtopic,Obedience to authority,21
row:3363,Row,S3363,6
row:3364,Row,S3364,5
row:3365,Row,S3365,5
row:3366,Row,S3366,5
row:3367,Row,S3367,7
row:3368,Row,S3368,5
row:3369,Row,S3369,5
row:3370,Row,S3370,5
row:3371,Row,S3371,4
row:3372,Row,S3372,6
row:3373,Row,S3373,5
sub:Group Behaviour|Groupthink,Subtopic,Groupthink,15
row:3374,Row,S3374,5
row:3375,Row,S3375,4
row:3376,Row,S3376,5
row:3377,Row,S3377,5
row:3378,Row,S3378,6
row:3379,Row,S3379,5
row:3380,Row,S3380,5
row:3381,Row,S3381,6
row:3382,Row,S3382,5
sub:Group Behaviour|Bystander effect and diffusion of responsibility,Subtopic,Bystander effect and diffusion of responsibility,16
row:3383,Row,S3383,5
row:3384,Row,S3384,6
row:3385,Row,S3385,7
row:3386,Row,S3386,5
row:3387,Row,S3387,6
row:3388,Row,S3388,5
row:3389,Row,S3389,7
row:3390,Row,S3390,4
row:3391,Row,S3391,5
row:3392,Row,S3392,5
sub:Group Behaviour|Social loafing and free riders,Subtopic,Social loafing and free riders,16
row:3393,Row,S3393,4
row:3394,Row,S3394,5
row:3395,Row,S3395,7
row:3396,Row,S3396,5
row:3397,Row,S3397,4
row:3398,Row,S3398,6
row:3399,Row,S3399,5
row:3400,Row,S3400,4
row:3401,Row,S3401,5
row:3402,Row,S3402,4
sub:Group Behaviour|In-group and out-group bias,Subtopic,In-group and out-group bias,18
row:3403,Row,S3403,6
row:3404,Row,S3404,4
row:3405,Row,S3405,5
row:3406,Row,S3406,6
row:3407,Row,S3407,4
row:3408,Row,S3408,4
row:3409,Row,S3409,4
row:3410,Row,S3410,4
row:3411,Row,S3411,4
row:3412,Row,S3412,6
"sub:Group Behaviour|Scapegoating, scapegoat and crowd",Subtopic,"Scapegoating, scapegoat and crowd",16
row:3413,Row,S3413,5
row:3414,Row,S3414,5
row:3415,Row,S3415,5
row:3416,Row,S3416,7
row:3417,Row,S3417,4
row:3418,Row,S3418,5
row:3419,Row,S3419,4
row:3420,Row,S3420,4
row:3421,Row,S3421,4
row:3422,Row,S3422,5
"sub:Group Behaviour|Mob and crowd behaviour (stampede, riot, online pile-on)",Subtopic,"Mob and crowd behaviour (stampede, riot, online pile-on)",15
row:3423,Row,S3423,5
row:3424,Row,S3424,7
row:3425,Row,S3425,4
row:3426,Row,S3426,6
row:3427,Row,S3427,5
row:3428,Row,S3428,5
row:3429,Row,S3429,5
row:3430,Row,S3430,4
row:3431,Row,S3431,4
sub:Group Behaviour|Gossip networks,Subtopic,Gossip networks,18
row:3432,Row,S3432,5
row:3433,Row,S3433,5
row:3434,Row,S3434,6
row:3435,Row,S3435,5
row:3436,Row,S3436,6
row:3437,Row,S3437,4
row:3438,Row,S3438,5
row:3439,Row,S3439,4
row:3440,Row,S3440,4
row:3441,Row,S3441,4
sub:Group Behaviour|Cliques and status hierarchies,Subtopic,Cliques and status hierarchies,18
row:3442,Row,S3442,5
row:3443,Row,S3443,7
row:3444,Row,S3444,4
row:3445,Row,S3445,4
row:3446,Row,S3446,4
row:3447,Row,S3447,6
row:3448,Row,S3448,4
row:3449,Row,S3449,6
row:3450,Row,S3450,4
row:3451,Row,S3451,7
sub:Group Behaviour|Leadership styles and followership,Subtopic,Leadership styles and followership,16
row:3452,Row,S3452,5
row:3453,Row,S3453,4
row:3454,Row,S3454,4
row:3455,Row,S3455,4
row:3456,Row,S3456,4
row:3457,Row,S3457,6
row:3458,Row,S3458,6
row:3459,Row,S3459,5
row:3460,Row,S3460,4
row:3461,Row,S3461,4
"sub:Group Behaviour|Team formation, conflict and trust",Subtopic,"Team formation, conflict and trust",18
row:3462,Row,S3462,5
row:3463,Row,S3463,6
row:3464,Row,S3464,5
row:3465,Row,S3465,5
row:3466,Row,S3466,4
row:3467,Row,S3467,6
row:3468,Row,S3468,5
row:3469,Row,S3469,5
row:3470,Row,S3470,4
row:3471,Row,S3471,4
"sub:Group Behaviour|Family systems (joint family, in-laws, favourite child, family roles and secrets)",Subtopic,"Family systems (joint family, in-laws, favourite child, family roles and secrets)",20
row:3472,Row,S3472,6
row:3473,Row,S3473,7
row:3474,Row,S3474,5
row:3475,Row,S3475,5
row:3476,Row,S3476,5
row:3477,Row,S3477,5
row:3478,Row,S3478,5
row:3479,Row,S3479,4
row:3480,Row,S3480,5
row:3481,Row,S3481,7
row:3482,Row,S3482,5
row:3483,Row,S3483,5
sub:Group Behaviour|Classroom climate,Subtopic,Classroom climate,16
row:3484,Row,S3484,6
row:3485,Row,S3485,4
row:3486,Row,S3486,4
row:3487,Row,S3487,7
row:3488,Row,S3488,5
row:3489,Row,S3489,4
row:3490,Row,S3490,5
row:3491,Row,S3491,6
row:3492,Row,S3492,4
row:3493,Row,S3493,5
sub:Group Behaviour|Workplace culture and politics,Subtopic,Workplace culture and politics,11
row:3494,Row,S3494,5
row:3495,Row,S3495,8
row:3496,Row,S3496,4
row:3497,Row,S3497,4
row:3498,Row,S3498,5
row:3499,Row,S3499,4
row:3500,Row,S3500,5
row:3501,Row,S3501,4
row:3502,Row,S3502,6
sub:Group Behaviour|Collective grief and celebration,Subtopic,Collective grief and celebration,14
row:3503,Row,S3503,5
row:3504,Row,S3504,9
row:3505,Row,S3505,7
row:3506,Row,S3506,5
row:3507,Row,S3507,6
row:3508,Row,S3508,6
row:3509,Row,S3509,5
row:3510,Row,S3510,5
sub:Group Behaviour|Rituals and belonging,Subtopic,Rituals and belonging,20
row:3511,Row,S3511,5
row:3512,Row,S3512,4
row:3513,Row,S3513,8
row:3514,Row,S3514,5
row:3515,Row,S3515,5
row:3516,Row,S3516,5
row:3517,Row,S3517,4
row:3518,Row,S3518,6
row:3519,Row,S3519,4
row:3520,Row,S3520,6
"sub:Group Behaviour|Online communities, echo chambers and moderation",Subtopic,"Online communities, echo chambers and moderation",13
row:3521,Row,S3521,4
row:3522,Row,S3522,5
row:3523,Row,S3523,4
row:3524,Row,S3524,7
row:3525,Row,S3525,4
row:3526,Row,S3526,4
row:3527,Row,S3527,5
row:3528,Row,S3528,7
row:3529,Row,S3529,4
sub:Group Behaviour|Queues and public-space etiquette,Subtopic,Queues and public-space etiquette,16
row:3530,Row,S3530,6
row:3531,Row,S3531,5
row:3532,Row,S3532,6
row:3533,Row,S3533,5
row:3534,Row,S3534,4
row:3535,Row,S3535,7
row:3536,Row,S3536,6
row:3537,Row,S3537,6
sub:Group Behaviour|Fandom and tribal identity,Subtopic,Fandom and tribal identity,14
row:3538,Row,S3538,4
row:3539,Row,S3539,5
row:3540,Row,S3540,6
row:3541,Row,S3541,4
row:3542,Row,S3542,5
row:3543,Row,S3543,4
row:3544,Row,S3544,4
row:3545,Row,S3545,5
"sub:Group Behaviour|Collective action, protest and volunteering",Subtopic,"Collective action, protest and volunteering",15
row:3546,Row,S3546,5
row:3547,Row,S3547,8
row:3548,Row,S3548,9
row:3549,Row,S3549,5
row:3550,Row,S3550,5
row:3551,Row,S3551,5
row:3552,Row,S3552,8
row:3553,Row,S3553,6
row:3554,Row,S3554,7
sub:Group Behaviour|Institutional pressure and cover-ups,Subtopic,Institutional pressure and cover-ups,10
row:3555,Row,S3555,5
row:3556,Row,S3556,7
row:3557,Row,S3557,6
row:3558,Row,S3558,5
row:3559,Row,S3559,4
row:3560,Row,S3560,4
row:3561,Row,S3561,5
row:3562,Row,S3562,4
sub:Group Behaviour|Majority and minority influence,Subtopic,Majority and minority influence,12
row:3563,Row,S3563,5
row:3564,Row,S3564,7
row:3565,Row,S3565,6
row:3566,Row,S3566,5
row:3567,Row,S3567,5
row:3568,Row,S3568,7
row:3569,Row,S3569,5
row:3570,Row,S3570,4
topic:Cognitive Machinery,Topic,Cognitive Machinery,549
sub:Cognitive Machinery|Confirmation bias,Concept,Confirmation bias,12
row:3571,Row,S3571,4
row:3572,Row,S3572,4
row:3573,Row,S3573,4
row:3574,Row,S3574,4
row:3575,Row,S3575,4
row:3576,Row,S3576,5
sub:Cognitive Machinery|Anchoring,Concept,Anchoring,12
row:3577,Row,S3577,4
row:3578,Row,S3578,4
row:3579,Row,S3579,5
row:3580,Row,S3580,4
row:3581,Row,S3581,5
sub:Cognitive Machinery|Availability heuristic,Concept,Availability heuristic,11
row:3582,Row,S3582,4
row:3583,Row,S3583,6
row:3584,Row,S3584,6
row:3585,Row,S3585,6
row:3586,Row,S3586,4
sub:Cognitive Machinery|Representativeness heuristic,Concept,Representativeness heuristic,10
row:3587,Row,S3587,5
row:3588,Row,S3588,4
row:3589,Row,S3589,4
row:3590,Row,S3590,4
sub:Cognitive Machinery|Overconfidence,Concept,Overconfidence,11
row:3591,Row,S3591,4
row:3592,Row,S3592,6
row:3593,Row,S3593,5
row:3594,Row,S3594,4
row:3595,Row,S3595,4
sub:Cognitive Machinery|Dunning-Kruger effect,Concept,Dunning-Kruger effect,8
row:3596,Row,S3596,4
row:3597,Row,S3597,5
row:3598,Row,S3598,4
row:3599,Row,S3599,4
sub:Cognitive Machinery|Hindsight bias,Concept,Hindsight bias,10
row:3600,Row,S3600,4
row:3601,Row,S3601,4
row:3602,Row,S3602,4
row:3603,Row,S3603,4
sub:Cognitive Machinery|Sunk cost fallacy,Concept,Sunk cost fallacy,13
row:3604,Row,S3604,5
row:3605,Row,S3605,4
row:3606,Row,S3606,5
row:3607,Row,S3607,6
row:3608,Row,S3608,5
sub:Cognitive Machinery|Loss aversion,Concept,Loss aversion,12
row:3609,Row,S3609,6
row:3610,Row,S3610,5
row:3611,Row,S3611,4
row:3612,Row,S3612,5
row:3613,Row,S3613,4
sub:Cognitive Machinery|Endowment effect,Concept,Endowment effect,10
row:3614,Row,S3614,4
row:3615,Row,S3615,4
row:3616,Row,S3616,4
row:3617,Row,S3617,4
sub:Cognitive Machinery|Status quo bias,Concept,Status quo bias,11
row:3618,Row,S3618,4
row:3619,Row,S3619,5
row:3620,Row,S3620,6
row:3621,Row,S3621,5
row:3622,Row,S3622,6
sub:Cognitive Machinery|Framing effect,Concept,Framing effect,10
row:3623,Row,S3623,4
row:3624,Row,S3624,4
row:3625,Row,S3625,5
row:3626,Row,S3626,5
sub:Cognitive Machinery|Halo effect,Concept,Halo effect,10
row:3627,Row,S3627,5
row:3628,Row,S3628,4
row:3629,Row,S3629,4
row:3630,Row,S3630,4
sub:Cognitive Machinery|Horn effect,Concept,Horn effect,10
row:3631,Row,S3631,4
row:3632,Row,S3632,4
row:3633,Row,S3633,4
row:3634,Row,S3634,4
sub:Cognitive Machinery|Fundamental attribution error,Concept,Fundamental attribution error,10
row:3635,Row,S3635,4
row:3636,Row,S3636,4
row:3637,Row,S3637,5
row:3638,Row,S3638,4
sub:Cognitive Machinery|Self-serving bias,Concept,Self-serving bias,10
row:3639,Row,S3639,4
row:3640,Row,S3640,4
row:3641,Row,S3641,6
row:3642,Row,S3642,4
sub:Cognitive Machinery|Actor-observer bias,Concept,Actor-observer bias,10
row:3643,Row,S3643,5
row:3644,Row,S3644,4
row:3645,Row,S3645,5
row:3646,Row,S3646,4
sub:Cognitive Machinery|Optimism bias,Concept,Optimism bias,10
row:3647,Row,S3647,5
row:3648,Row,S3648,5
row:3649,Row,S3649,5
row:3650,Row,S3650,4
sub:Cognitive Machinery|Planning fallacy,Concept,Planning fallacy,25
row:3651,Row,S3651,6
row:3652,Row,S3652,4
row:3653,Row,S3653,4
row:3654,Row,S3654,5
row:3655,Row,S3655,4
sub:Cognitive Machinery|Survivorship bias,Concept,Survivorship bias,8
row:3656,Row,S3656,4
row:3657,Row,S3657,4
row:3658,Row,S3658,4
row:3659,Row,S3659,4
sub:Cognitive Machinery|Bandwagon effect,Concept,Bandwagon effect,10
row:3660,Row,S3660,5
row:3661,Row,S3661,4
row:3662,Row,S3662,4
row:3663,Row,S3663,6
sub:Cognitive Machinery|Authority bias,Concept,Authority bias,11
row:3664,Row,S3664,6
row:3665,Row,S3665,6
row:3666,Row,S3666,5
row:3667,Row,S3667,5
row:3668,Row,S3668,4
sub:Cognitive Machinery|In-group favouritism,Concept,In-group favouritism,13
row:3669,Row,S3669,5
row:3670,Row,S3670,4
row:3671,Row,S3671,5
row:3672,Row,S3672,4
row:3673,Row,S3673,4
sub:Cognitive Machinery|Just-world belief,Concept,Just-world belief,10
row:3674,Row,S3674,5
row:3675,Row,S3675,6
row:3676,Row,S3676,5
row:3677,Row,S3677,5
sub:Cognitive Machinery|Spotlight effect,Concept,Spotlight effect,10
row:3678,Row,S3678,5
row:3679,Row,S3679,5
row:3680,Row,S3680,4
row:3681,Row,S3681,4
sub:Cognitive Machinery|Illusion of control,Concept,Illusion of control,15
row:3682,Row,S3682,5
row:3683,Row,S3683,5
row:3684,Row,S3684,4
row:3685,Row,S3685,4
row:3686,Row,S3686,4
sub:Cognitive Machinery|Gambler's fallacy,Concept,Gambler's fallacy,10
row:3687,Row,S3687,4
row:3688,Row,S3688,4
row:3689,Row,S3689,4
row:3690,Row,S3690,6
sub:Cognitive Machinery|Base-rate neglect,Concept,Base-rate neglect,10
row:3691,Row,S3691,4
row:3692,Row,S3692,6
row:3693,Row,S3693,4
row:3694,Row,S3694,5
sub:Cognitive Machinery|Conjunction fallacy,Concept,Conjunction fallacy,7
row:3695,Row,S3695,4
row:3696,Row,S3696,4
row:3697,Row,S3697,4
sub:Cognitive Machinery|Correlation vs causation,Concept,Correlation vs causation,10
row:3698,Row,S3698,4
row:3699,Row,S3699,4
row:3700,Row,S3700,4
row:3701,Row,S3701,4
sub:Cognitive Machinery|Post hoc fallacy,Concept,Post hoc fallacy,10
row:3702,Row,S3702,4
row:3703,Row,S3703,4
row:3704,Row,S3704,4
row:3705,Row,S3705,6
sub:Cognitive Machinery|False consensus effect,Concept,False consensus effect,10
row:3706,Row,S3706,4
row:3707,Row,S3707,5
row:3708,Row,S3708,5
row:3709,Row,S3709,5
sub:Cognitive Machinery|Curse of knowledge,Concept,Curse of knowledge,10
row:3710,Row,S3710,4
row:3711,Row,S3711,5
row:3712,Row,S3712,4
row:3713,Row,S3713,5
sub:Cognitive Machinery|Negativity bias,Concept,Negativity bias,13
row:3714,Row,S3714,4
row:3715,Row,S3715,4
row:3716,Row,S3716,5
row:3717,Row,S3717,4
row:3718,Row,S3718,4
sub:Cognitive Machinery|Recency effect,Concept,Recency effect,10
row:3719,Row,S3719,4
row:3720,Row,S3720,4
row:3721,Row,S3721,4
row:3722,Row,S3722,4
sub:Cognitive Machinery|Primacy effect,Concept,Primacy effect,10
row:3723,Row,S3723,4
row:3724,Row,S3724,5
row:3725,Row,S3725,4
row:3726,Row,S3726,6
sub:Cognitive Machinery|Peak-end rule,Concept,Peak-end rule,10
row:3727,Row,S3727,4
row:3728,Row,S3728,5
row:3729,Row,S3729,4
row:3730,Row,S3730,5
sub:Cognitive Machinery|Hyperbolic discounting,Concept,Hyperbolic discounting,13
row:3731,Row,S3731,4
row:3732,Row,S3732,4
row:3733,Row,S3733,4
row:3734,Row,S3734,5
row:3735,Row,S3735,5
sub:Cognitive Machinery|Present bias,Concept,Present bias,10
row:3736,Row,S3736,4
row:3737,Row,S3737,4
row:3738,Row,S3738,4
row:3739,Row,S3739,5
sub:Cognitive Machinery|Decision fatigue,Concept,Decision fatigue,10
row:3740,Row,S3740,4
row:3741,Row,S3741,5
row:3742,Row,S3742,4
row:3743,Row,S3743,5
sub:Cognitive Machinery|Choice overload,Concept,Choice overload,10
row:3744,Row,S3744,4
row:3745,Row,S3745,5
row:3746,Row,S3746,4
row:3747,Row,S3747,6
sub:Cognitive Machinery|Regret aversion,Concept,Regret aversion,8
row:3748,Row,S3748,6
row:3749,Row,S3749,6
row:3750,Row,S3750,6
row:3751,Row,S3751,5
sub:Cognitive Machinery|Omission bias,Concept,Omission bias,10
row:3752,Row,S3752,5
row:3753,Row,S3753,4
row:3754,Row,S3754,4
row:3755,Row,S3755,5
sub:Cognitive Machinery|Zero-risk bias,Concept,Zero-risk bias,8
row:3756,Row,S3756,6
row:3757,Row,S3757,4
row:3758,Row,S3758,6
row:3759,Row,S3759,4
sub:Cognitive Machinery|Reactance,Concept,Reactance,11
row:3760,Row,S3760,4
row:3761,Row,S3761,4
row:3762,Row,S3762,5
row:3763,Row,S3763,5
row:3764,Row,S3764,5
sub:Cognitive Machinery|Ostrich effect,Concept,Ostrich effect,8
row:3765,Row,S3765,5
row:3766,Row,S3766,6
row:3767,Row,S3767,5
row:3768,Row,S3768,4
sub:Cognitive Machinery|Mental accounting,Concept,Mental accounting,10
row:3769,Row,S3769,5
row:3770,Row,S3770,4
row:3771,Row,S3771,4
row:3772,Row,S3772,4
sub:Cognitive Machinery|Cognitive load,Concept,Cognitive load,11
row:3773,Row,S3773,4
row:3774,Row,S3774,6
row:3775,Row,S3775,4
row:3776,Row,S3776,4
row:3777,Row,S3777,5
sub:Cognitive Machinery|Attention and inattentional blindness,Concept,Attention and inattentional blindness,16
row:3778,Row,S3778,4
row:3779,Row,S3779,5
row:3780,Row,S3780,4
row:3781,Row,S3781,4
row:3782,Row,S3782,5
row:3783,Row,S3783,4
sub:Cognitive Machinery|Multitasking myth,Concept,Multitasking myth,11
row:3784,Row,S3784,4
row:3785,Row,S3785,4
row:3786,Row,S3786,4
row:3787,Row,S3787,4
row:3788,Row,S3788,4
sub:Cognitive Machinery|Memory reconstruction,Concept,Memory reconstruction,13
row:3789,Row,S3789,4
row:3790,Row,S3790,4
row:3791,Row,S3791,4
row:3792,Row,S3792,4
row:3793,Row,S3793,4
sub:Cognitive Machinery|False memory,Concept,False memory,13
row:3794,Row,S3794,4
row:3795,Row,S3795,4
row:3796,Row,S3796,4
row:3797,Row,S3797,4
row:3798,Row,S3798,4
sub:Cognitive Machinery|Source confusion,Concept,Source confusion,13
row:3799,Row,S3799,4
row:3800,Row,S3800,4
row:3801,Row,S3801,4
row:3802,Row,S3802,4
row:3803,Row,S3803,4
sub:Cognitive Machinery|Flashbulb memory,Concept,Flashbulb memory,10
row:3804,Row,S3804,5
row:3805,Row,S3805,4
row:3806,Row,S3806,5
row:3807,Row,S3807,4
sub:Cognitive Machinery|Spacing and forgetting,Concept,Spacing and forgetting,10
row:3808,Row,S3808,4
row:3809,Row,S3809,4
row:3810,Row,S3810,4
row:3811,Row,S3811,4
sub:Cognitive Machinery|Nostalgia and rosy retrospection,Concept,Nostalgia and rosy retrospection,11
row:3812,Row,S3812,5
row:3813,Row,S3813,8
row:3814,Row,S3814,4
row:3815,Row,S3815,6
row:3816,Row,S3816,5
sub:Cognitive Machinery|Mood-congruent thinking,Concept,Mood-congruent thinking,10
row:3817,Row,S3817,4
row:3818,Row,S3818,6
row:3819,Row,S3819,6
row:3820,Row,S3820,8
sub:Cognitive Machinery|Affect heuristic,Concept,Affect heuristic,13
row:3821,Row,S3821,4
row:3822,Row,S3822,7
row:3823,Row,S3823,4
row:3824,Row,S3824,4
row:3825,Row,S3825,4
sub:Cognitive Machinery|Intuition vs deliberation,Concept,Intuition vs deliberation,13
row:3826,Row,S3826,4
row:3827,Row,S3827,5
row:3828,Row,S3828,5
row:3829,Row,S3829,4
row:3830,Row,S3830,5
sub:Cognitive Machinery|Expert intuition,Concept,Expert intuition,6
row:3831,Row,S3831,4
row:3832,Row,S3832,4
row:3833,Row,S3833,5
row:3834,Row,S3834,4
sub:Cognitive Machinery|Magical thinking in children,Concept,Magical thinking in children,13
row:3835,Row,S3835,4
row:3836,Row,S3836,6
row:3837,Row,S3837,7
row:3838,Row,S3838,5
row:3839,Row,S3839,5
row:3840,Row,S3840,4
sub:Cognitive Machinery|Egocentrism in children,Concept,Egocentrism in children,12
row:3841,Row,S3841,5
row:3842,Row,S3842,5
row:3843,Row,S3843,4
row:3844,Row,S3844,4
row:3845,Row,S3845,4
row:3846,Row,S3846,5
sub:Cognitive Machinery|Denial,Concept,Denial,18
row:3847,Row,S3847,6
row:3848,Row,S3848,6
row:3849,Row,S3849,5
row:3850,Row,S3850,5
row:3851,Row,S3851,6
sub:Cognitive Machinery|Repression,Concept,Repression,11
row:3852,Row,S3852,6
row:3853,Row,S3853,4
row:3854,Row,S3854,6
row:3855,Row,S3855,7
row:3856,Row,S3856,5
sub:Cognitive Machinery|Projection,Concept,Projection,13
row:3857,Row,S3857,6
row:3858,Row,S3858,6
row:3859,Row,S3859,8
row:3860,Row,S3860,4
row:3861,Row,S3861,6
sub:Cognitive Machinery|Displacement,Concept,Displacement,13
row:3862,Row,S3862,6
row:3863,Row,S3863,5
row:3864,Row,S3864,4
row:3865,Row,S3865,5
row:3866,Row,S3866,4
sub:Cognitive Machinery|Rationalisation,Concept,Rationalisation,15
row:3867,Row,S3867,5
row:3868,Row,S3868,5
row:3869,Row,S3869,4
row:3870,Row,S3870,4
row:3871,Row,S3871,6
sub:Cognitive Machinery|Intellectualisation,Concept,Intellectualisation,9
row:3872,Row,S3872,5
row:3873,Row,S3873,4
row:3874,Row,S3874,5
row:3875,Row,S3875,5
row:3876,Row,S3876,6
sub:Cognitive Machinery|Reaction formation,Concept,Reaction formation,11
row:3877,Row,S3877,4
row:3878,Row,S3878,5
row:3879,Row,S3879,4
row:3880,Row,S3880,7
row:3881,Row,S3881,4
sub:Cognitive Machinery|Regression,Concept,Regression,15
row:3882,Row,S3882,4
row:3883,Row,S3883,5
row:3884,Row,S3884,4
row:3885,Row,S3885,5
row:3886,Row,S3886,6
sub:Cognitive Machinery|Sublimation,Concept,Sublimation,11
row:3887,Row,S3887,5
row:3888,Row,S3888,5
row:3889,Row,S3889,5
row:3890,Row,S3890,5
row:3891,Row,S3891,8
sub:Cognitive Machinery|Humour,Concept,Humour,42
row:3892,Row,S3892,4
row:3893,Row,S3893,6
row:3894,Row,S3894,5
row:3895,Row,S3895,5
row:3896,Row,S3896,5
sub:Cognitive Machinery|Splitting,Concept,Splitting,14
row:3897,Row,S3897,5
row:3898,Row,S3898,4
row:3899,Row,S3899,4
row:3900,Row,S3900,5
row:3901,Row,S3901,6
sub:Cognitive Machinery|Identification,Concept,Identification,13
row:3902,Row,S3902,5
row:3903,Row,S3903,5
row:3904,Row,S3904,4
row:3905,Row,S3905,4
row:3906,Row,S3906,4
sub:Cognitive Machinery|Undoing,Concept,Undoing,11
row:3907,Row,S3907,5
row:3908,Row,S3908,6
row:3909,Row,S3909,6
row:3910,Row,S3910,4
row:3911,Row,S3911,5
sub:Cognitive Machinery|Passive aggression,Concept,Passive aggression,11
row:3912,Row,S3912,6
row:3913,Row,S3913,6
row:3914,Row,S3914,5
row:3915,Row,S3915,6
row:3916,Row,S3916,4
sub:Cognitive Machinery|Compartmentalisation,Concept,Compartmentalisation,9
row:3917,Row,S3917,6
row:3918,Row,S3918,5
row:3919,Row,S3919,4
row:3920,Row,S3920,5
row:3921,Row,S3921,5
sub:Cognitive Machinery|Avoidance,Concept,Avoidance,56
row:3922,Row,S3922,4
row:3923,Row,S3923,5
row:3924,Row,S3924,7
row:3925,Row,S3925,4
row:3926,Row,S3926,5
row:3927,Row,S3927,4
sub:Cognitive Machinery|All-or-nothing thinking,Concept,All-or-nothing thinking,12
row:3928,Row,S3928,4
row:3929,Row,S3929,5
row:3930,Row,S3930,4
row:3931,Row,S3931,5
sub:Cognitive Machinery|Catastrophising,Concept,Catastrophising,12
row:3932,Row,S3932,5
row:3933,Row,S3933,6
row:3934,Row,S3934,4
row:3935,Row,S3935,5
row:3936,Row,S3936,4
sub:Cognitive Machinery|Mind reading,Concept,Mind reading,10
row:3937,Row,S3937,5
row:3938,Row,S3938,6
row:3939,Row,S3939,5
row:3940,Row,S3940,4
sub:Cognitive Machinery|Fortune telling,Concept,Fortune telling,8
row:3941,Row,S3941,6
row:3942,Row,S3942,6
row:3943,Row,S3943,4
row:3944,Row,S3944,7
sub:Cognitive Machinery|Emotional reasoning,Concept,Emotional reasoning,11
row:3945,Row,S3945,5
row:3946,Row,S3946,5
row:3947,Row,S3947,5
row:3948,Row,S3948,7
sub:Cognitive Machinery|Should statements,Concept,Should statements,10
row:3949,Row,S3949,5
row:3950,Row,S3950,6
row:3951,Row,S3951,5
row:3952,Row,S3952,4
sub:Cognitive Machinery|Labelling,Concept,Labelling,22
row:3953,Row,S3953,6
row:3954,Row,S3954,5
row:3955,Row,S3955,5
row:3956,Row,S3956,4
sub:Cognitive Machinery|Personalisation,Concept,Personalisation,10
row:3957,Row,S3957,5
row:3958,Row,S3958,4
row:3959,Row,S3959,4
row:3960,Row,S3960,4
sub:Cognitive Machinery|Overgeneralisation,Concept,Overgeneralisation,10
row:3961,Row,S3961,4
row:3962,Row,S3962,4
row:3963,Row,S3963,4
row:3964,Row,S3964,5
sub:Cognitive Machinery|Mental filter,Concept,Mental filter,8
row:3965,Row,S3965,4
row:3966,Row,S3966,4
row:3967,Row,S3967,4
row:3968,Row,S3968,4
sub:Cognitive Machinery|Discounting the positive,Concept,Discounting the positive,8
row:3969,Row,S3969,4
row:3970,Row,S3970,5
row:3971,Row,S3971,6
row:3972,Row,S3972,4
sub:Cognitive Machinery|Cognitive dissonance and self-justification,Concept,Cognitive dissonance and self-justification,12
row:3973,Row,S3973,4
row:3974,Row,S3974,6
row:3975,Row,S3975,5
row:3976,Row,S3976,5
row:3977,Row,S3977,5
row:3978,Row,S3978,5
sub:Cognitive Machinery|Moral disengagement: euphemistic labelling,Concept,Moral disengagement: euphemistic labelling,10
row:3979,Row,S3979,5
row:3980,Row,S3980,6
row:3981,Row,S3981,5
row:3982,Row,S3982,4
sub:Cognitive Machinery|Moral disengagement: displacing and diffusing responsibility,Concept,Moral disengagement: displacing and diffusing responsibility,13
row:3983,Row,S3983,5
row:3984,Row,S3984,6
row:3985,Row,S3985,4
row:3986,Row,S3986,5
sub:Cognitive Machinery|Moral disengagement: dehumanising,Concept,Moral disengagement: dehumanising,10
row:3987,Row,S3987,5
row:3988,Row,S3988,6
row:3989,Row,S3989,6
row:3990,Row,S3990,5
sub:Cognitive Machinery|Moral disengagement: blaming the victim,Concept,Moral disengagement: blaming the victim,10
row:3991,Row,S3991,4
row:3992,Row,S3992,5
row:3993,Row,S3993,4
row:3994,Row,S3994,4
sub:Cognitive Machinery|Moral disengagement: advantageous comparison,Concept,Moral disengagement: advantageous comparison,10
row:3995,Row,S3995,4
row:3996,Row,S3996,4
row:3997,Row,S3997,4
row:3998,Row,S3998,4
sub:Cognitive Machinery|Self-deception,Concept,Self-deception,10
row:3999,Row,S3999,5
row:4000,Row,S4000,6
row:4001,Row,S4001,5
row:4002,Row,S4002,5
sub:Cognitive Machinery|Self-handicapping,Concept,Self-handicapping,11
row:4003,Row,S4003,7
row:4004,Row,S4004,4
row:4005,Row,S4005,5
row:4006,Row,S4006,4
row:4007,Row,S4007,5
sub:Cognitive Machinery|Intrinsic and extrinsic motivation,Concept,Intrinsic and extrinsic motivation,14
row:4008,Row,S4008,7
row:4009,Row,S4009,5
row:4010,Row,S4010,4
row:4011,Row,S4011,4
row:4012,Row,S4012,5
row:4013,Row,S4013,4
sub:Cognitive Machinery|Autonomy and choice,Concept,Autonomy and choice,13
row:4014,Row,S4014,4
row:4015,Row,S4015,4
row:4016,Row,S4016,4
row:4017,Row,S4017,4
row:4018,Row,S4018,5
sub:Cognitive Machinery|Competence and mastery,Concept,Competence and mastery,13
row:4019,Row,S4019,4
row:4020,Row,S4020,4
row:4021,Row,S4021,4
row:4022,Row,S4022,5
row:4023,Row,S4023,5
sub:Cognitive Machinery|Relatedness and belonging,Concept,Relatedness and belonging,13
row:4024,Row,S4024,5
row:4025,Row,S4025,6
row:4026,Row,S4026,5
row:4027,Row,S4027,4
row:4028,Row,S4028,4
sub:Cognitive Machinery|Goal setting,Concept,Goal setting,10
row:4029,Row,S4029,4
row:4030,Row,S4030,5
row:4031,Row,S4031,4
row:4032,Row,S4032,7
sub:Cognitive Machinery|Fear of failure,Concept,Fear of failure,13
row:4033,Row,S4033,6
row:4034,Row,S4034,7
row:4035,Row,S4035,5
row:4036,Row,S4036,5
sub:Cognitive Machinery|Need for approval,Concept,Need for approval,12
row:4037,Row,S4037,6
row:4038,Row,S4038,6
row:4039,Row,S4039,4
row:4040,Row,S4040,5
row:4041,Row,S4041,5
sub:Cognitive Machinery|Ego depletion debate,Concept,Ego depletion debate,8
row:4042,Row,S4042,6
row:4043,Row,S4043,7
row:4044,Row,S4044,5
row:4045,Row,S4045,4
sub:Cognitive Machinery|Delay of gratification,Concept,Delay of gratification,10
row:4046,Row,S4046,5
row:4047,Row,S4047,5
row:4048,Row,S4048,4
row:4049,Row,S4049,4
sub:Cognitive Machinery|Implementation intentions,Concept,Implementation intentions,10
row:4050,Row,S4050,4
row:4051,Row,S4051,5
row:4052,Row,S4052,4
row:4053,Row,S4053,5
sub:Cognitive Machinery|Temptation bundling,Concept,Temptation bundling,7
row:4054,Row,S4054,4
row:4055,Row,S4055,4
row:4056,Row,S4056,4
sub:Cognitive Machinery|Procrastination,Concept,Procrastination,28
row:4057,Row,S4057,5
row:4058,Row,S4058,5
row:4059,Row,S4059,4
row:4060,Row,S4060,5
row:4061,Row,S4061,7
row:4062,Row,S4062,4
sub:Cognitive Machinery|Habit loops,Concept,Habit loops,12
row:4063,Row,S4063,6
row:4064,Row,S4064,4
row:4065,Row,S4065,5
row:4066,Row,S4066,4
row:4067,Row,S4067,5
row:4068,Row,S4068,5
sub:Cognitive Machinery|Boredom,Concept,Boredom,42
row:4069,Row,S4069,5
row:4070,Row,S4070,6
row:4071,Row,S4071,6
sub:Cognitive Machinery|Flow,Concept,Flow,10
row:4072,Row,S4072,6
row:4073,Row,S4073,4
row:4074,Row,S4074,4
sub:Cognitive Machinery|Learned helplessness,Concept,Learned helplessness,10
row:4075,Row,S4075,4
row:4076,Row,S4076,4
row:4077,Row,S4077,5
row:4078,Row,S4078,4
sub:Cognitive Machinery|Personal agency,Concept,Personal agency,7
row:4079,Row,S4079,4
row:4080,Row,S4080,4
row:4081,Row,S4081,4
sub:Cognitive Machinery|Locus of control,Concept,Locus of control,23
row:4082,Row,S4082,5
row:4083,Row,S4083,4
row:4084,Row,S4084,5
row:4085,Row,S4085,5
row:4086,Row,S4086,5
sub:Cognitive Machinery|Growth vs fixed mindset,Concept,Growth vs fixed mindset,12
row:4087,Row,S4087,4
row:4088,Row,S4088,4
row:4089,Row,S4089,5
row:4090,Row,S4090,5
row:4091,Row,S4091,5
row:4092,Row,S4092,4
sub:Cognitive Machinery|Imposter feelings,Concept,Imposter feelings,19
row:4093,Row,S4093,5
row:4094,Row,S4094,6
row:4095,Row,S4095,5
row:4096,Row,S4096,5
row:4097,Row,S4097,5
sub:Cognitive Machinery|Perfectionism,Concept,Perfectionism,34
row:4098,Row,S4098,4
row:4099,Row,S4099,6
row:4100,Row,S4100,4
row:4101,Row,S4101,4
row:4102,Row,S4102,4
row:4103,Row,S4103,5
sub:Cognitive Machinery|Rumination,Concept,Rumination,8
row:4104,Row,S4104,4
row:4105,Row,S4105,6
row:4106,Row,S4106,4
row:4107,Row,S4107,9
sub:Cognitive Machinery|Worry,Concept,Worry,10
row:4108,Row,S4108,5
row:4109,Row,S4109,5
row:4110,Row,S4110,5
row:4111,Row,S4111,5
sub:Cognitive Machinery|Resilience skills,Concept,Resilience skills,14
row:4112,Row,S4112,6
row:4113,Row,S4113,5
row:4114,Row,S4114,5
row:4115,Row,S4115,4
row:4116,Row,S4116,5
row:4117,Row,S4117,5
row:4118,Row,S4118,4
row:4119,Row,S4119,5
topic:Body & Mind,Topic,Body & Mind,200
sub:Body & Mind|Sleep and sleep loss,Subtopic,Sleep and sleep loss,25
row:4120,Row,S4120,6
row:4121,Row,S4121,6
row:4122,Row,S4122,8
row:4123,Row,S4123,6
row:4124,Row,S4124,5
row:4125,Row,S4125,5
row:4126,Row,S4126,5
row:4127,Row,S4127,4
row:4128,Row,S4128,5
row:4129,Row,S4129,5
row:4130,Row,S4130,6
row:4131,Row,S4131,4
row:4132,Row,S4132,7
row:4133,Row,S4133,5
row:4134,Row,S4134,5
sub:Body & Mind|Hunger and hangry moods,Subtopic,Hunger and hangry moods,17
row:4135,Row,S4135,4
row:4136,Row,S4136,4
row:4137,Row,S4137,4
row:4138,Row,S4138,5
row:4139,Row,S4139,5
row:4140,Row,S4140,4
row:4141,Row,S4141,4
sub:Body & Mind|Thirst and fatigue,Subtopic,Thirst and fatigue,14
row:4142,Row,S4142,5
row:4143,Row,S4143,6
row:4144,Row,S4144,5
row:4145,Row,S4145,5
row:4146,Row,S4146,5
row:4147,Row,S4147,6
sub:Body & Mind|Pain (acute and chronic) and irritability,Subtopic,Pain (acute and chronic) and irritability,14
row:4148,Row,S4148,8
row:4149,Row,S4149,5
row:4150,Row,S4150,5
row:4151,Row,S4151,10
row:4152,Row,S4152,6
row:4153,Row,S4153,5
sub:Body & Mind|Fever and illness behaviour,Subtopic,Fever and illness behaviour,17
row:4154,Row,S4154,6
row:4155,Row,S4155,6
row:4156,Row,S4156,5
row:4157,Row,S4157,7
row:4158,Row,S4158,5
row:4159,Row,S4159,7
row:4160,Row,S4160,7
sub:Body & Mind|Puberty hormones and moods,Subtopic,Puberty hormones and moods,10
row:4161,Row,S4161,7
row:4162,Row,S4162,5
row:4163,Row,S4163,5
row:4164,Row,S4164,5
row:4165,Row,S4165,10
row:4166,Row,S4166,9
row:4167,Row,S4167,6
row:4168,Row,S4168,9
sub:Body & Mind|Menstrual cycle effects on mood and coping,Subtopic,Menstrual cycle effects on mood and coping,11
row:4169,Row,S4169,6
row:4170,Row,S4170,8
row:4171,Row,S4171,5
row:4172,Row,S4172,6
row:4173,Row,S4173,6
row:4174,Row,S4174,6
row:4175,Row,S4175,7
sub:Body & Mind|Pregnancy and postpartum emotional changes,Subtopic,Pregnancy and postpartum emotional changes,9
row:4176,Row,S4176,9
row:4177,Row,S4177,7
row:4178,Row,S4178,6
row:4179,Row,S4179,8
row:4180,Row,S4180,4
row:4181,Row,S4181,7
row:4182,Row,S4182,7
"sub:Body & Mind|Stress response (fight, flight, freeze, fawn)",Subtopic,"Stress response (fight, flight, freeze, fawn)",18
row:4183,Row,S4183,6
row:4184,Row,S4184,5
row:4185,Row,S4185,8
row:4186,Row,S4186,6
row:4187,Row,S4187,5
row:4188,Row,S4188,7
row:4189,Row,S4189,5
row:4190,Row,S4190,7
sub:Body & Mind|Anxiety in the body,Subtopic,Anxiety in the body,15
row:4191,Row,S4191,5
row:4192,Row,S4192,6
row:4193,Row,S4193,6
row:4194,Row,S4194,6
row:4195,Row,S4195,5
row:4196,Row,S4196,7
row:4197,Row,S4197,6
sub:Body & Mind|Panic sensations,Subtopic,Panic sensations,12
row:4198,Row,S4198,5
row:4199,Row,S4199,7
row:4200,Row,S4200,5
row:4201,Row,S4201,5
row:4202,Row,S4202,6
row:4203,Row,S4203,7
sub:Body & Mind|Anger physiology and cooling down,Subtopic,Anger physiology and cooling down,17
row:4204,Row,S4204,5
row:4205,Row,S4205,6
row:4206,Row,S4206,5
row:4207,Row,S4207,7
row:4208,Row,S4208,6
row:4209,Row,S4209,8
row:4210,Row,S4210,7
sub:Body & Mind|Emotion and breathing,Subtopic,Emotion and breathing,16
row:4211,Row,S4211,6
row:4212,Row,S4212,7
row:4213,Row,S4213,7
row:4214,Row,S4214,7
row:4215,Row,S4215,6
row:4216,Row,S4216,4
sub:Body & Mind|Exercise and mood,Subtopic,Exercise and mood,12
row:4217,Row,S4217,6
row:4218,Row,S4218,5
row:4219,Row,S4219,4
row:4220,Row,S4220,6
row:4221,Row,S4221,5
row:4222,Row,S4222,6
sub:Body & Mind|Sunlight and routine,Subtopic,Sunlight and routine,16
row:4223,Row,S4223,5
row:4224,Row,S4224,5
row:4225,Row,S4225,4
row:4226,Row,S4226,4
row:4227,Row,S4227,4
row:4228,Row,S4228,5
sub:Body & Mind|Nutrition and mood in general terms,Subtopic,Nutrition and mood in general terms,14
row:4229,Row,S4229,5
row:4230,Row,S4230,4
row:4231,Row,S4231,5
row:4232,Row,S4232,5
row:4233,Row,S4233,5
row:4234,Row,S4234,5
"sub:Body & Mind|Caffeine, nicotine, alcohol and other substances",Subtopic,"Caffeine, nicotine, alcohol and other substances",11
row:4235,Row,S4235,5
row:4236,Row,S4236,4
row:4237,Row,S4237,6
row:4238,Row,S4238,8
row:4239,Row,S4239,6
row:4240,Row,S4240,5
row:4241,Row,S4241,5
"sub:Body & Mind|Screens, blue light and sleep",Subtopic,"Screens, blue light and sleep",17
row:4242,Row,S4242,4
row:4243,Row,S4243,5
row:4244,Row,S4244,6
row:4245,Row,S4245,4
row:4246,Row,S4246,4
row:4247,Row,S4247,4
row:4248,Row,S4248,7
sub:Body & Mind|Posture and mood,Subtopic,Posture and mood,12
row:4249,Row,S4249,5
row:4250,Row,S4250,5
row:4251,Row,S4251,6
row:4252,Row,S4252,4
row:4253,Row,S4253,5
row:4254,Row,S4254,4
sub:Body & Mind|Chronic illness and disability living,Subtopic,Chronic illness and disability living,19
row:4255,Row,S4255,5
row:4256,Row,S4256,6
row:4257,Row,S4257,5
row:4258,Row,S4258,5
row:4259,Row,S4259,8
row:4260,Row,S4260,5
row:4261,Row,S4261,7
row:4262,Row,S4262,4
row:4263,Row,S4263,8
sub:Body & Mind|Injury and recovery,Subtopic,Injury and recovery,12
row:4264,Row,S4264,6
row:4265,Row,S4265,6
row:4266,Row,S4266,5
row:4267,Row,S4267,6
row:4268,Row,S4268,5
row:4269,Row,S4269,8
sub:Body & Mind|Ageing parents' physical changes and how family responds,Subtopic,Ageing parents' physical changes and how family responds,10
row:4270,Row,S4270,6
row:4271,Row,S4271,5
row:4272,Row,S4272,5
row:4273,Row,S4273,6
row:4274,Row,S4274,6
row:4275,Row,S4275,6
sub:Body & Mind|Dementia in a relative,Subtopic,Dementia in a relative,8
row:4276,Row,S4276,8
row:4277,Row,S4277,10
row:4278,Row,S4278,6
row:4279,Row,S4279,6
row:4280,Row,S4280,5
row:4281,Row,S4281,8
sub:Body & Mind|Touch deprivation and comfort,Subtopic,Touch deprivation and comfort,14
row:4282,Row,S4282,7
row:4283,Row,S4283,6
row:4284,Row,S4284,7
row:4285,Row,S4285,7
row:4286,Row,S4286,5
row:4287,Row,S4287,4
sub:Body & Mind|Interoception and body signals,Subtopic,Interoception and body signals,14
row:4288,Row,S4288,4
row:4289,Row,S4289,7
row:4290,Row,S4290,5
row:4291,Row,S4291,6
row:4292,Row,S4292,6
row:4293,Row,S4293,6
sub:Body & Mind|Somatic symptoms of stress,Subtopic,Somatic symptoms of stress,12
row:4294,Row,S4294,6
row:4295,Row,S4295,5
row:4296,Row,S4296,5
row:4297,Row,S4297,6
row:4298,Row,S4298,4
row:4299,Row,S4299,5
"sub:Body & Mind|Heat, noise and crowding effects",Subtopic,"Heat, noise and crowding effects",17
row:4300,Row,S4300,5
row:4301,Row,S4301,5
row:4302,Row,S4302,5
row:4303,Row,S4303,5
row:4304,Row,S4304,4
row:4305,Row,S4305,5
row:4306,Row,S4306,4
sub:Body & Mind|Jet lag and shift work,Subtopic,Jet lag and shift work,8
row:4307,Row,S4307,4
row:4308,Row,S4308,5
row:4309,Row,S4309,5
row:4310,Row,S4310,5
row:4311,Row,S4311,5
row:4312,Row,S4312,4
sub:Body & Mind|Recovery and rest,Subtopic,Recovery and rest,17
row:4313,Row,S4313,5
row:4314,Row,S4314,4
row:4315,Row,S4315,6
row:4316,Row,S4316,6
row:4317,Row,S4317,4
row:4318,Row,S4318,7
row:4319,Row,S4319,7
topic:Personality & Individual Difference,Topic,Personality & Individual Difference,270
sub:Personality & Individual Difference|Openness to experience,Subtopic,Openness to experience,18
row:4320,Row,S4320,10
row:4321,Row,S4321,4
row:4322,Row,S4322,5
row:4323,Row,S4323,7
row:4324,Row,S4324,5
row:4325,Row,S4325,7
row:4326,Row,S4326,4
row:4327,Row,S4327,6
sub:Personality & Individual Difference|Conscientiousness,Subtopic,Conscientiousness,16
row:4328,Row,S4328,6
row:4329,Row,S4329,5
row:4330,Row,S4330,5
row:4331,Row,S4331,4
row:4332,Row,S4332,4
row:4333,Row,S4333,6
row:4334,Row,S4334,6
row:4335,Row,S4335,6
sub:Personality & Individual Difference|Extraversion and introversion,Subtopic,Extraversion and introversion,20
row:4336,Row,S4336,5
row:4337,Row,S4337,5
row:4338,Row,S4338,7
row:4339,Row,S4339,5
row:4340,Row,S4340,4
row:4341,Row,S4341,6
row:4342,Row,S4342,7
row:4343,Row,S4343,6
row:4344,Row,S4344,4
row:4345,Row,S4345,6
sub:Personality & Individual Difference|Agreeableness,Subtopic,Agreeableness,18
row:4346,Row,S4346,5
row:4347,Row,S4347,7
row:4348,Row,S4348,5
row:4349,Row,S4349,4
row:4350,Row,S4350,5
row:4351,Row,S4351,5
row:4352,Row,S4352,4
row:4353,Row,S4353,5
sub:Personality & Individual Difference|Neuroticism,Subtopic,Neuroticism,19
row:4354,Row,S4354,7
row:4355,Row,S4355,5
row:4356,Row,S4356,7
row:4357,Row,S4357,5
row:4358,Row,S4358,7
row:4359,Row,S4359,5
row:4360,Row,S4360,7
row:4361,Row,S4361,5
row:4362,Row,S4362,6
sub:Personality & Individual Difference|Highly sensitive temperament,Subtopic,Highly sensitive temperament,15
row:4363,Row,S4363,6
row:4364,Row,S4364,6
row:4365,Row,S4365,6
row:4366,Row,S4366,5
row:4367,Row,S4367,4
row:4368,Row,S4368,5
row:4369,Row,S4369,4
sub:Personality & Individual Difference|Shyness and social anxiety,Subtopic,Shyness and social anxiety,14
row:4370,Row,S4370,7
row:4371,Row,S4371,5
row:4372,Row,S4372,8
row:4373,Row,S4373,6
row:4374,Row,S4374,5
row:4375,Row,S4375,6
row:4376,Row,S4376,5
row:4377,Row,S4377,5
sub:Personality & Individual Difference|Secure attachment,Subtopic,Secure attachment,18
row:4378,Row,S4378,8
row:4379,Row,S4379,6
row:4380,Row,S4380,5
row:4381,Row,S4381,6
row:4382,Row,S4382,6
row:4383,Row,S4383,5
row:4384,Row,S4384,5
row:4385,Row,S4385,5
sub:Personality & Individual Difference|Anxious attachment,Subtopic,Anxious attachment,18
row:4386,Row,S4386,6
row:4387,Row,S4387,7
row:4388,Row,S4388,5
row:4389,Row,S4389,7
row:4390,Row,S4390,7
row:4391,Row,S4391,8
row:4392,Row,S4392,8
row:4393,Row,S4393,6
sub:Personality & Individual Difference|Avoidant attachment,Subtopic,Avoidant attachment,18
row:4394,Row,S4394,6
row:4395,Row,S4395,4
row:4396,Row,S4396,4
row:4397,Row,S4397,5
row:4398,Row,S4398,6
row:4399,Row,S4399,6
row:4400,Row,S4400,5
row:4401,Row,S4401,7
sub:Personality & Individual Difference|Disorganised attachment,Subtopic,Disorganised attachment,18
row:4402,Row,S4402,5
row:4403,Row,S4403,7
row:4404,Row,S4404,6
row:4405,Row,S4405,6
row:4406,Row,S4406,6
row:4407,Row,S4407,8
row:4408,Row,S4408,6
row:4409,Row,S4409,4
sub:Personality & Individual Difference|Attachment change,Subtopic,Attachment change,8
row:4410,Row,S4410,6
row:4411,Row,S4411,4
row:4412,Row,S4412,6
row:4413,Row,S4413,4
sub:Personality & Individual Difference|Self-esteem,Subtopic,Self-esteem,14
row:4414,Row,S4414,4
row:4415,Row,S4415,6
row:4416,Row,S4416,4
row:4417,Row,S4417,5
row:4418,Row,S4418,4
row:4419,Row,S4419,6
row:4420,Row,S4420,6
row:4421,Row,S4421,6
sub:Personality & Individual Difference|Healthy pride vs narcissistic patterns,Subtopic,Healthy pride vs narcissistic patterns,14
row:4422,Row,S4422,7
row:4423,Row,S4423,5
row:4424,Row,S4424,6
row:4425,Row,S4425,6
row:4426,Row,S4426,5
row:4427,Row,S4427,7
row:4428,Row,S4428,5
row:4429,Row,S4429,5
sub:Personality & Individual Difference|Perfectionism,Subtopic,Perfectionism,13
row:4430,Row,S4430,8
row:4431,Row,S4431,7
row:4432,Row,S4432,8
row:4433,Row,S4433,5
row:4434,Row,S4434,6
row:4435,Row,S4435,5
row:4436,Row,S4436,6
sub:Personality & Individual Difference|Need for control,Subtopic,Need for control,12
row:4437,Row,S4437,6
row:4438,Row,S4438,7
row:4439,Row,S4439,5
row:4440,Row,S4440,5
row:4441,Row,S4441,4
row:4442,Row,S4442,6
sub:Personality & Individual Difference|Locus of control,Subtopic,Locus of control,12
row:4443,Row,S4443,6
row:4444,Row,S4444,7
row:4445,Row,S4445,7
row:4446,Row,S4446,7
row:4447,Row,S4447,5
row:4448,Row,S4448,5
sub:Personality & Individual Difference|Values conflict,Subtopic,Values conflict,14
row:4449,Row,S4449,5
row:4450,Row,S4450,7
row:4451,Row,S4451,6
row:4452,Row,S4452,5
row:4453,Row,S4453,5
row:4454,Row,S4454,6
row:4455,Row,S4455,4
row:4456,Row,S4456,5
sub:Personality & Individual Difference|Ambition,Subtopic,Ambition,9
row:4457,Row,S4457,4
row:4458,Row,S4458,4
row:4459,Row,S4459,5
row:4460,Row,S4460,5
row:4461,Row,S4461,6
sub:Personality & Individual Difference|Risk tolerance,Subtopic,Risk tolerance,13
row:4462,Row,S4462,6
row:4463,Row,S4463,6
row:4464,Row,S4464,5
row:4465,Row,S4465,5
row:4466,Row,S4466,6
sub:Personality & Individual Difference|Impulsivity,Subtopic,Impulsivity,13
row:4467,Row,S4467,5
row:4468,Row,S4468,6
row:4469,Row,S4469,7
row:4470,Row,S4470,7
row:4471,Row,S4471,4
sub:Personality & Individual Difference|Patience,Subtopic,Patience,10
row:4472,Row,S4472,5
row:4473,Row,S4473,4
row:4474,Row,S4474,5
row:4475,Row,S4475,7
sub:Personality & Individual Difference|Emotional intensity,Subtopic,Emotional intensity,11
row:4476,Row,S4476,5
row:4477,Row,S4477,6
row:4478,Row,S4478,5
row:4479,Row,S4479,6
row:4480,Row,S4480,4
sub:Personality & Individual Difference|Empathy,Subtopic,Empathy,13
row:4481,Row,S4481,4
row:4482,Row,S4482,7
row:4483,Row,S4483,7
row:4484,Row,S4484,5
row:4485,Row,S4485,5
sub:Personality & Individual Difference|Cultural roles and personality,Subtopic,Cultural roles and personality,12
row:4486,Row,S4486,6
row:4487,Row,S4487,5
row:4488,Row,S4488,4
row:4489,Row,S4489,5
row:4490,Row,S4490,5
row:4491,Row,S4491,7
sub:Personality & Individual Difference|ADHD-type experience,Subtopic,ADHD-type experience,16
row:4492,Row,S4492,5
row:4493,Row,S4493,5
row:4494,Row,S4494,5
row:4495,Row,S4495,4
row:4496,Row,S4496,5
row:4497,Row,S4497,6
row:4498,Row,S4498,4
row:4499,Row,S4499,5
sub:Personality & Individual Difference|Autistic experience,Subtopic,Autistic experience,19
row:4500,Row,S4500,4
row:4501,Row,S4501,9
row:4502,Row,S4502,6
row:4503,Row,S4503,5
row:4504,Row,S4504,5
row:4505,Row,S4505,6
row:4506,Row,S4506,5
row:4507,Row,S4507,5
row:4508,Row,S4508,4
sub:Personality & Individual Difference|Dyslexia and dyscalculia,Subtopic,Dyslexia and dyscalculia,10
row:4509,Row,S4509,5
row:4510,Row,S4510,5
row:4511,Row,S4511,4
row:4512,Row,S4512,5
row:4513,Row,S4513,6
row:4514,Row,S4514,6
sub:Personality & Individual Difference|Sensory processing differences,Subtopic,Sensory processing differences,11
row:4515,Row,S4515,5
row:4516,Row,S4516,4
row:4517,Row,S4517,5
row:4518,Row,S4518,4
row:4519,Row,S4519,7
sub:Personality & Individual Difference|Giftedness,Subtopic,Giftedness,9
row:4520,Row,S4520,7
row:4521,Row,S4521,6
row:4522,Row,S4522,6
row:4523,Row,S4523,5
row:4524,Row,S4524,6
sub:Personality & Individual Difference|Stuttering,Subtopic,Stuttering,11
row:4525,Row,S4525,6
row:4526,Row,S4526,5
row:4527,Row,S4527,5
row:4528,Row,S4528,5
row:4529,Row,S4529,6
sub:Personality & Individual Difference|Tics,Subtopic,Tics,8
row:4530,Row,S4530,5
row:4531,Row,S4531,6
row:4532,Row,S4532,5
row:4533,Row,S4533,7
sub:Personality & Individual Difference|Anxiety,Subtopic,Anxiety,12
row:4534,Row,S4534,7
row:4535,Row,S4535,7
row:4536,Row,S4536,4
row:4537,Row,S4537,6
row:4538,Row,S4538,5
row:4539,Row,S4539,7
sub:Personality & Individual Difference|Depression,Subtopic,Depression,13
row:4540,Row,S4540,5
row:4541,Row,S4541,5
row:4542,Row,S4542,6
row:4543,Row,S4543,5
row:4544,Row,S4544,7
row:4545,Row,S4545,5
row:4546,Row,S4546,5
sub:Personality & Individual Difference|Panic,Subtopic,Panic,6
row:4547,Row,S4547,5
row:4548,Row,S4548,5
row:4549,Row,S4549,5
row:4550,Row,S4550,4
sub:Personality & Individual Difference|OCD-type patterns,Subtopic,OCD-type patterns,8
row:4551,Row,S4551,6
row:4552,Row,S4552,6
row:4553,Row,S4553,6
row:4554,Row,S4554,6
sub:Personality & Individual Difference|Trauma responses,Subtopic,Trauma responses,10
row:4555,Row,S4555,7
row:4556,Row,S4556,4
row:4557,Row,S4557,7
row:4558,Row,S4558,7
row:4559,Row,S4559,5
row:4560,Row,S4560,6
sub:Personality & Individual Difference|Grief and depression,Subtopic,Grief and depression,10
row:4561,Row,S4561,10
row:4562,Row,S4562,6
row:4563,Row,S4563,7
row:4564,Row,S4564,4
sub:Personality & Individual Difference|Eating and body-image struggles,Subtopic,Eating and body-image struggles,7
row:4565,Row,S4565,4
row:4566,Row,S4566,6
row:4567,Row,S4567,4
row:4568,Row,S4568,4
row:4569,Row,S4569,6
sub:Personality & Individual Difference|Self-harm risk signs,Subtopic,Self-harm risk signs,10
row:4570,Row,S4570,8
row:4571,Row,S4571,9
row:4572,Row,S4572,10
row:4573,Row,S4573,7
row:4574,Row,S4574,5
row:4575,Row,S4575,6
sub:Personality & Individual Difference|Seeking help,Subtopic,Seeking help,8
row:4576,Row,S4576,6
row:4577,Row,S4577,5
row:4578,Row,S4578,4
row:4579,Row,S4579,6
sub:Personality & Individual Difference|Supporting a struggling friend,Subtopic,Supporting a struggling friend,3
row:4580,Row,S4580,6
row:4581,Row,S4581,6
row:4582,Row,S4582,9
sub:Personality & Individual Difference|Supporting a struggling parent,Subtopic,Supporting a struggling parent,3
row:4583,Row,S4583,7
row:4584,Row,S4584,5
row:4585,Row,S4585,6
sub:Personality & Individual Difference|Stigma,Subtopic,Stigma,10
row:4586,Row,S4586,8
row:4587,Row,S4587,6
row:4588,Row,S4588,5
row:4589,Row,S4589,7
"topic:Honesty, Deception & Influence",Topic,"Honesty, Deception & Influence",183
"sub:Honesty, Deception & Influence|White lies",Subtopic,White lies,11
row:4590,Row,S4590,5
row:4591,Row,S4591,5
row:4592,Row,S4592,5
row:4593,Row,S4593,4
row:4594,Row,S4594,5
"sub:Honesty, Deception & Influence|Self-protective lies",Subtopic,Self-protective lies,11
row:4595,Row,S4595,6
row:4596,Row,S4596,7
row:4597,Row,S4597,5
row:4598,Row,S4598,6
row:4599,Row,S4599,4
"sub:Honesty, Deception & Influence|Lies of omission",Subtopic,Lies of omission,11
row:4600,Row,S4600,4
row:4601,Row,S4601,5
row:4602,Row,S4602,5
row:4603,Row,S4603,4
row:4604,Row,S4604,5
"sub:Honesty, Deception & Influence|Exaggeration",Subtopic,Exaggeration,8
row:4605,Row,S4605,4
row:4606,Row,S4606,5
row:4607,Row,S4607,4
row:4608,Row,S4608,6
"sub:Honesty, Deception & Influence|Boasting",Subtopic,Boasting,10
row:4609,Row,S4609,4
row:4610,Row,S4610,5
row:4611,Row,S4611,5
row:4612,Row,S4612,5
"sub:Honesty, Deception & Influence|Lying to oneself",Subtopic,Lying to oneself,8
row:4613,Row,S4613,5
row:4614,Row,S4614,4
row:4615,Row,S4615,4
row:4616,Row,S4616,5
"sub:Honesty, Deception & Influence|Keeping vs breaking a promise",Subtopic,Keeping vs breaking a promise,13
row:4617,Row,S4617,4
row:4618,Row,S4618,5
row:4619,Row,S4619,4
row:4620,Row,S4620,5
row:4621,Row,S4621,6
"sub:Honesty, Deception & Influence|Keeping and betraying secrets",Subtopic,Keeping and betraying secrets,9
row:4622,Row,S4622,6
row:4623,Row,S4623,7
row:4624,Row,S4624,6
row:4625,Row,S4625,6
row:4626,Row,S4626,4
"sub:Honesty, Deception & Influence|Privacy vs secrecy",Subtopic,Privacy vs secrecy,8
row:4627,Row,S4627,5
row:4628,Row,S4628,5
row:4629,Row,S4629,6
row:4630,Row,S4630,6
"sub:Honesty, Deception & Influence|Honesty vs kindness",Subtopic,Honesty vs kindness,7
row:4631,Row,S4631,4
row:4632,Row,S4632,5
row:4633,Row,S4633,5
"sub:Honesty, Deception & Influence|How children learn to lie",Subtopic,How children learn to lie,10
row:4634,Row,S4634,4
row:4635,Row,S4635,7
row:4636,Row,S4636,5
row:4637,Row,S4637,7
row:4638,Row,S4638,4
row:4639,Row,S4639,6
"sub:Honesty, Deception & Influence|Reading honesty cautiously",Subtopic,Reading honesty cautiously,8
row:4640,Row,S4640,8
row:4641,Row,S4641,5
row:4642,Row,S4642,6
row:4643,Row,S4643,4
"sub:Honesty, Deception & Influence|Flattery",Subtopic,Flattery,9
row:4644,Row,S4644,6
row:4645,Row,S4645,4
row:4646,Row,S4646,4
row:4647,Row,S4647,5
row:4648,Row,S4648,8
"sub:Honesty, Deception & Influence|Love-bombing",Subtopic,Love-bombing,7
row:4649,Row,S4649,4
row:4650,Row,S4650,4
row:4651,Row,S4651,5
row:4652,Row,S4652,6
row:4653,Row,S4653,5
"sub:Honesty, Deception & Influence|Guilt-tripping",Subtopic,Guilt-tripping,7
row:4654,Row,S4654,5
row:4655,Row,S4655,6
row:4656,Row,S4656,4
"sub:Honesty, Deception & Influence|Gaslighting",Subtopic,Gaslighting,9
row:4657,Row,S4657,7
row:4658,Row,S4658,7
row:4659,Row,S4659,5
row:4660,Row,S4660,6
row:4661,Row,S4661,5
"sub:Honesty, Deception & Influence|Silent treatment as control",Subtopic,Silent treatment as control,5
row:4662,Row,S4662,8
row:4663,Row,S4663,5
row:4664,Row,S4664,5
"sub:Honesty, Deception & Influence|Triangulation",Subtopic,Triangulation,7
row:4665,Row,S4665,7
row:4666,Row,S4666,4
row:4667,Row,S4667,6
"sub:Honesty, Deception & Influence|Playing the victim",Subtopic,Playing the victim,6
row:4668,Row,S4668,4
row:4669,Row,S4669,6
row:4670,Row,S4670,7
row:4671,Row,S4671,6
"sub:Honesty, Deception & Influence|Emotional blackmail",Subtopic,Emotional blackmail,5
row:4672,Row,S4672,5
row:4673,Row,S4673,5
row:4674,Row,S4674,5
"sub:Honesty, Deception & Influence|Coercive control in relationships",Subtopic,Coercive control in relationships,7
row:4675,Row,S4675,7
row:4676,Row,S4676,4
row:4677,Row,S4677,6
row:4678,Row,S4678,6
row:4679,Row,S4679,7
"sub:Honesty, Deception & Influence|Coercive control in families",Subtopic,Coercive control in families,7
row:4680,Row,S4680,6
row:4681,Row,S4681,7
row:4682,Row,S4682,6
"sub:Honesty, Deception & Influence|Grooming",Subtopic,Grooming,9
row:4683,Row,S4683,6
row:4684,Row,S4684,8
row:4685,Row,S4685,5
row:4686,Row,S4686,5
row:4687,Row,S4687,8
"sub:Honesty, Deception & Influence|Catfishing",Subtopic,Catfishing,5
row:4688,Row,S4688,6
row:4689,Row,S4689,5
row:4690,Row,S4690,7
"sub:Honesty, Deception & Influence|Romance scam",Subtopic,Romance scam,5
row:4691,Row,S4691,5
row:4692,Row,S4692,4
row:4693,Row,S4693,4
"sub:Honesty, Deception & Influence|Job scam",Subtopic,Job scam,5
row:4694,Row,S4694,5
row:4695,Row,S4695,4
row:4696,Row,S4696,6
"sub:Honesty, Deception & Influence|Investment scam",Subtopic,Investment scam,3
row:4697,Row,S4697,4
row:4698,Row,S4698,7
row:4699,Row,S4699,5
"sub:Honesty, Deception & Influence|Lottery and prize scam",Subtopic,Lottery and prize scam,2
row:4700,Row,S4700,5
row:4701,Row,S4701,5
"sub:Honesty, Deception & Influence|Digital arrest scam",Subtopic,Digital arrest scam,3
row:4702,Row,S4702,5
row:4703,Row,S4703,5
row:4704,Row,S4704,6
"sub:Honesty, Deception & Influence|Phishing",Subtopic,Phishing,7
row:4705,Row,S4705,5
row:4706,Row,S4706,4
row:4707,Row,S4707,6
"sub:Honesty, Deception & Influence|Peer-pressure tactics",Subtopic,Peer-pressure tactics,6
row:4708,Row,S4708,4
row:4709,Row,S4709,4
row:4710,Row,S4710,5
row:4711,Row,S4711,5
"sub:Honesty, Deception & Influence|Sales tactics and urgency",Subtopic,Sales tactics and urgency,6
row:4712,Row,S4712,5
row:4713,Row,S4713,5
row:4714,Row,S4714,4
row:4715,Row,S4715,6
"sub:Honesty, Deception & Influence|Advertising and influencer persuasion",Subtopic,Advertising and influencer persuasion,11
row:4716,Row,S4716,5
row:4717,Row,S4717,5
row:4718,Row,S4718,4
row:4719,Row,S4719,4
row:4720,Row,S4720,6
"sub:Honesty, Deception & Influence|Propaganda and rumour",Subtopic,Propaganda and rumour,8
row:4721,Row,S4721,4
row:4722,Row,S4722,4
row:4723,Row,S4723,6
row:4724,Row,S4724,5
"sub:Honesty, Deception & Influence|Fake news and deepfakes",Subtopic,Fake news and deepfakes,8
row:4725,Row,S4725,6
row:4726,Row,S4726,6
row:4727,Row,S4727,5
row:4728,Row,S4728,5
"sub:Honesty, Deception & Influence|Cult recruitment",Subtopic,Cult recruitment,9
row:4729,Row,S4729,7
row:4730,Row,S4730,5
row:4731,Row,S4731,6
row:4732,Row,S4732,5
row:4733,Row,S4733,8
"sub:Honesty, Deception & Influence|Radicalisation hooks",Subtopic,Radicalisation hooks,6
row:4734,Row,S4734,4
row:4735,Row,S4735,8
row:4736,Row,S4736,6
row:4737,Row,S4737,6
"sub:Honesty, Deception & Influence|Workplace manipulation and credit stealing",Subtopic,Workplace manipulation and credit stealing,4
row:4738,Row,S4738,8
row:4739,Row,S4739,5
row:4740,Row,S4740,5
row:4741,Row,S4741,4
"sub:Honesty, Deception & Influence|Negotiation ethics",Subtopic,Negotiation ethics,3
row:4742,Row,S4742,4
row:4743,Row,S4743,4
row:4744,Row,S4744,6
"sub:Honesty, Deception & Influence|White-collar fraud rationalisation",Subtopic,White-collar fraud rationalisation,4
row:4745,Row,S4745,7
row:4746,Row,S4746,6
row:4747,Row,S4747,6
row:4748,Row,S4748,6
"sub:Honesty, Deception & Influence|Whistleblowing ethics",Subtopic,Whistleblowing ethics,4
row:4749,Row,S4749,5
row:4750,Row,S4750,5
row:4751,Row,S4751,5
row:4752,Row,S4752,7
"sub:Honesty, Deception & Influence|Forgiving a liar",Subtopic,Forgiving a liar,5
row:4753,Row,S4753,7
row:4754,Row,S4754,6
row:4755,Row,S4755,4
"sub:Honesty, Deception & Influence|Rebuilding trust",Subtopic,Rebuilding trust,6
row:4756,Row,S4756,5
row:4757,Row,S4757,6
row:4758,Row,S4758,4
row:4759,Row,S4759,5
"sub:Honesty, Deception & Influence|Being caught in a lie",Subtopic,Being caught in a lie,8
row:4760,Row,S4760,4
row:4761,Row,S4761,5
row:4762,Row,S4762,5
row:4763,Row,S4763,5
"sub:Honesty, Deception & Influence|Catching someone else in a lie",Subtopic,Catching someone else in a lie,5
row:4764,Row,S4764,4
row:4765,Row,S4765,5
row:4766,Row,S4766,5
"sub:Honesty, Deception & Influence|Integrity when it costs",Subtopic,Integrity when it costs,10
row:4767,Row,S4767,6
row:4768,Row,S4768,6
row:4769,Row,S4769,5
row:4770,Row,S4770,5
row:4771,Row,S4771,4
row:4772,Row,S4772,6
topic:Culture & Society,Topic,Culture & Society,220
sub:Culture & Society|Joint vs nuclear family life,Subtopic,Joint vs nuclear family life,22
row:4773,Row,S4773,4
row:4774,Row,S4774,5
row:4775,Row,S4775,5
row:4776,Row,S4776,4
row:4777,Row,S4777,4
row:4778,Row,S4778,5
row:4779,Row,S4779,5
row:4780,Row,S4780,4
row:4781,Row,S4781,6
row:4782,Row,S4782,4
row:4783,Row,S4783,4
row:4784,Row,S4784,5
sub:Culture & Society|Respect norms and honorifics,Subtopic,Respect norms and honorifics,16
row:4785,Row,S4785,7
row:4786,Row,S4786,6
row:4787,Row,S4787,5
row:4788,Row,S4788,6
row:4789,Row,S4789,6
row:4790,Row,S4790,8
row:4791,Row,S4791,5
row:4792,Row,S4792,5
sub:Culture & Society|Touching elders' feet and greetings,Subtopic,Touching elders' feet and greetings,18
row:4793,Row,S4793,4
row:4794,Row,S4794,7
row:4795,Row,S4795,5
row:4796,Row,S4796,5
row:4797,Row,S4797,4
row:4798,Row,S4798,4
row:4799,Row,S4799,5
row:4800,Row,S4800,6
sub:Culture & Society|Hospitality and guest norms,Subtopic,Hospitality and guest norms,18
row:4801,Row,S4801,5
row:4802,Row,S4802,5
row:4803,Row,S4803,4
row:4804,Row,S4804,6
row:4805,Row,S4805,5
row:4806,Row,S4806,5
row:4807,Row,S4807,5
row:4808,Row,S4808,4
"sub:Culture & Society|Food, purity and sharing norms",Subtopic,"Food, purity and sharing norms",18
row:4809,Row,S4809,4
row:4810,Row,S4810,5
row:4811,Row,S4811,7
row:4812,Row,S4812,5
row:4813,Row,S4813,5
row:4814,Row,S4814,6
row:4815,Row,S4815,6
row:4816,Row,S4816,7
sub:Culture & Society|Festivals and community life,Subtopic,Festivals and community life,18
row:4817,Row,S4817,5
row:4818,Row,S4818,4
row:4819,Row,S4819,5
row:4820,Row,S4820,4
row:4821,Row,S4821,4
row:4822,Row,S4822,6
row:4823,Row,S4823,7
row:4824,Row,S4824,4
sub:Culture & Society|Rites of passage,Subtopic,Rites of passage,18
row:4825,Row,S4825,4
row:4826,Row,S4826,7
row:4827,Row,S4827,6
row:4828,Row,S4828,6
row:4829,Row,S4829,6
row:4830,Row,S4830,7
row:4831,Row,S4831,6
row:4832,Row,S4832,5
sub:Culture & Society|Marriage expectations,Subtopic,Marriage expectations,10
row:4833,Row,S4833,4
row:4834,Row,S4834,5
row:4835,Row,S4835,8
row:4836,Row,S4836,5
row:4837,Row,S4837,9
row:4838,Row,S4838,5
row:4839,Row,S4839,4
row:4840,Row,S4840,4
sub:Culture & Society|Dowry and gender-based pressure recognition,Subtopic,Dowry and gender-based pressure recognition,11
row:4841,Row,S4841,6
row:4842,Row,S4842,4
row:4843,Row,S4843,6
row:4844,Row,S4844,5
row:4845,Row,S4845,6
row:4846,Row,S4846,6
row:4847,Row,S4847,7
"sub:Culture & Society|Gender roles, expectations and fairness",Subtopic,"Gender roles, expectations and fairness",16
row:4848,Row,S4848,4
row:4849,Row,S4849,5
row:4850,Row,S4850,6
row:4851,Row,S4851,4
row:4852,Row,S4852,4
row:4853,Row,S4853,4
row:4854,Row,S4854,6
row:4855,Row,S4855,4
"sub:Culture & Society|Caste and class awareness, discrimination recognition and fair conduct",Subtopic,"Caste and class awareness, discrimination recognition and fair conduct",14
row:4856,Row,S4856,6
row:4857,Row,S4857,5
row:4858,Row,S4858,6
row:4859,Row,S4859,6
row:4860,Row,S4860,4
row:4861,Row,S4861,4
row:4862,Row,S4862,7
row:4863,Row,S4863,6
sub:Culture & Society|Religious plurality and interfaith friendship,Subtopic,Religious plurality and interfaith friendship,16
row:4864,Row,S4864,4
row:4865,Row,S4865,6
row:4866,Row,S4866,5
row:4867,Row,S4867,7
row:4868,Row,S4868,6
row:4869,Row,S4869,6
row:4870,Row,S4870,6
row:4871,Row,S4871,7
sub:Culture & Society|Secular and non-believer respect,Subtopic,Secular and non-believer respect,13
row:4872,Row,S4872,8
row:4873,Row,S4873,5
row:4874,Row,S4874,5
row:4875,Row,S4875,7
row:4876,Row,S4876,7
row:4877,Row,S4877,6
row:4878,Row,S4878,4
"sub:Culture & Society|Language identity, Hinglish, regional pride and code-switching",Subtopic,"Language identity, Hinglish, regional pride and code-switching",18
row:4879,Row,S4879,4
row:4880,Row,S4880,7
row:4881,Row,S4881,6
row:4882,Row,S4882,5
row:4883,Row,S4883,7
row:4884,Row,S4884,4
row:4885,Row,S4885,4
row:4886,Row,S4886,5
sub:Culture & Society|Urban vs rural life,Subtopic,Urban vs rural life,13
row:4887,Row,S4887,5
row:4888,Row,S4888,5
row:4889,Row,S4889,5
row:4890,Row,S4890,5
row:4891,Row,S4891,4
row:4892,Row,S4892,4
row:4893,Row,S4893,4
sub:Culture & Society|Migration for work and education,Subtopic,Migration for work and education,16
row:4894,Row,S4894,4
row:4895,Row,S4895,6
row:4896,Row,S4896,6
row:4897,Row,S4897,5
row:4898,Row,S4898,6
row:4899,Row,S4899,7
row:4900,Row,S4900,5
row:4901,Row,S4901,7
sub:Culture & Society|Honour and shame vs guilt cultures,Subtopic,Honour and shame vs guilt cultures,13
row:4902,Row,S4902,5
row:4903,Row,S4903,6
row:4904,Row,S4904,7
row:4905,Row,S4905,5
row:4906,Row,S4906,6
row:4907,Row,S4907,7
row:4908,Row,S4908,5
sub:Culture & Society|Individualism vs collectivism,Subtopic,Individualism vs collectivism,12
row:4909,Row,S4909,6
row:4910,Row,S4910,4
row:4911,Row,S4911,5
row:4912,Row,S4912,5
row:4913,Row,S4913,4
row:4914,Row,S4914,4
"sub:Culture & Society|Money attitudes, family finances, gifting, borrowing between relatives",Subtopic,"Money attitudes, family finances, gifting, borrowing between relatives",18
row:4915,Row,S4915,4
row:4916,Row,S4916,6
row:4917,Row,S4917,5
row:4918,Row,S4918,6
row:4919,Row,S4919,6
row:4920,Row,S4920,4
row:4921,Row,S4921,5
row:4922,Row,S4922,4
"sub:Culture & Society|Work culture, hierarchy and seniority",Subtopic,"Work culture, hierarchy and seniority",14
row:4923,Row,S4923,4
row:4924,Row,S4924,6
row:4925,Row,S4925,4
row:4926,Row,S4926,5
row:4927,Row,S4927,6
row:4928,Row,S4928,6
row:4929,Row,S4929,5
row:4930,Row,S4930,7
sub:Culture & Society|Dealing with bureaucracy and corruption pressure,Subtopic,Dealing with bureaucracy and corruption pressure,11
row:4931,Row,S4931,5
row:4932,Row,S4932,6
row:4933,Row,S4933,4
row:4934,Row,S4934,5
row:4935,Row,S4935,5
row:4936,Row,S4936,4
row:4937,Row,S4937,6
sub:Culture & Society|Law and police interaction,Subtopic,Law and police interaction,14
row:4938,Row,S4938,6
row:4939,Row,S4939,5
row:4940,Row,S4940,6
row:4941,Row,S4941,5
row:4942,Row,S4942,7
row:4943,Row,S4943,4
row:4944,Row,S4944,5
row:4945,Row,S4945,4
"sub:Culture & Society|Public behaviour, traffic and queues",Subtopic,"Public behaviour, traffic and queues",16
row:4946,Row,S4946,4
row:4947,Row,S4947,6
row:4948,Row,S4948,6
row:4949,Row,S4949,8
row:4950,Row,S4950,4
row:4951,Row,S4951,6
row:4952,Row,S4952,5
row:4953,Row,S4953,5
sub:Culture & Society|Neighbours and community disputes,Subtopic,Neighbours and community disputes,13
row:4954,Row,S4954,4
row:4955,Row,S4955,6
row:4956,Row,S4956,4
row:4957,Row,S4957,4
row:4958,Row,S4958,6
row:4959,Row,S4959,5
row:4960,Row,S4960,7
sub:Culture & Society|Social media culture and trends,Subtopic,Social media culture and trends,12
row:4961,Row,S4961,6
row:4962,Row,S4962,6
row:4963,Row,S4963,4
row:4964,Row,S4964,5
row:4965,Row,S4965,4
row:4966,Row,S4966,4
row:4967,Row,S4967,5
row:4968,Row,S4968,5
"sub:Culture & Society|Global cultures: eye contact, personal space, directness and time",Subtopic,"Global cultures: eye contact, personal space, directness and time",16
row:4969,Row,S4969,4
row:4970,Row,S4970,4
row:4971,Row,S4971,4
row:4972,Row,S4972,4
row:4973,Row,S4973,5
row:4974,Row,S4974,6
row:4975,Row,S4975,5
row:4976,Row,S4976,5
sub:Culture & Society|Stereotypes and how to challenge them,Subtopic,Stereotypes and how to challenge them,16
row:4977,Row,S4977,8
row:4978,Row,S4978,4
row:4979,Row,S4979,5
row:4980,Row,S4980,6
row:4981,Row,S4981,4
row:4982,Row,S4982,7
row:4983,Row,S4983,5
row:4984,Row,S4984,4
sub:Culture & Society|Belonging when between cultures,Subtopic,Belonging when between cultures,14
row:4985,Row,S4985,4
row:4986,Row,S4986,6
row:4987,Row,S4987,5
row:4988,Row,S4988,4
row:4989,Row,S4989,5
row:4990,Row,S4990,5
row:4991,Row,S4991,4
row:4992,Row,S4992,5
topic:Execution & Practical Skills,Topic,Execution & Practical Skills,204
sub:Execution & Practical Skills|Planning and prioritising,Subtopic,Planning and prioritising,14
row:4993,Row,S4993,4
row:4994,Row,S4994,4
row:4995,Row,S4995,4
row:4996,Row,S4996,5
row:4997,Row,S4997,5
row:4998,Row,S4998,4
sub:Execution & Practical Skills|Breaking goals into steps,Subtopic,Breaking goals into steps,12
row:4999,Row,S4999,4
row:5000,Row,S5000,5
row:5001,Row,S5001,5
row:5002,Row,S5002,4
row:5003,Row,S5003,4
row:5004,Row,S5004,6
sub:Execution & Practical Skills|Estimating time and the planning fallacy,Subtopic,Estimating time and the planning fallacy,12
row:5005,Row,S5005,6
row:5006,Row,S5006,5
row:5007,Row,S5007,7
row:5008,Row,S5008,7
row:5009,Row,S5009,6
row:5010,Row,S5010,8
sub:Execution & Practical Skills|Follow-through and finishing,Subtopic,Follow-through and finishing,12
row:5011,Row,S5011,5
row:5012,Row,S5012,6
row:5013,Row,S5013,4
row:5014,Row,S5014,4
row:5015,Row,S5015,4
row:5016,Row,S5016,5
sub:Execution & Practical Skills|Managing distractions,Subtopic,Managing distractions,14
row:5017,Row,S5017,4
row:5018,Row,S5018,4
row:5019,Row,S5019,4
row:5020,Row,S5020,4
row:5021,Row,S5021,4
row:5022,Row,S5022,4
sub:Execution & Practical Skills|Starting when unmotivated,Subtopic,Starting when unmotivated,12
row:5023,Row,S5023,5
row:5024,Row,S5024,5
row:5025,Row,S5025,4
row:5026,Row,S5026,4
row:5027,Row,S5027,4
row:5028,Row,S5028,4
sub:Execution & Practical Skills|Deadlines and pacing,Subtopic,Deadlines and pacing,12
row:5029,Row,S5029,4
row:5030,Row,S5030,4
row:5031,Row,S5031,5
row:5032,Row,S5032,4
row:5033,Row,S5033,5
row:5034,Row,S5034,4
sub:Execution & Practical Skills|Managing multiple demands,Subtopic,Managing multiple demands,10
row:5035,Row,S5035,6
row:5036,Row,S5036,4
row:5037,Row,S5037,6
row:5038,Row,S5038,5
row:5039,Row,S5039,4
row:5040,Row,S5040,9
sub:Execution & Practical Skills|Asking for help,Subtopic,Asking for help,12
row:5041,Row,S5041,6
row:5042,Row,S5042,5
row:5043,Row,S5043,5
row:5044,Row,S5044,5
row:5045,Row,S5045,5
row:5046,Row,S5046,6
sub:Execution & Practical Skills|Delegating,Subtopic,Delegating,8
row:5047,Row,S5047,5
row:5048,Row,S5048,5
row:5049,Row,S5049,4
row:5050,Row,S5050,5
row:5051,Row,S5051,5
row:5052,Row,S5052,4
sub:Execution & Practical Skills|Learning a craft by deliberate practice,Subtopic,Learning a craft by deliberate practice,12
row:5053,Row,S5053,6
row:5054,Row,S5054,5
row:5055,Row,S5055,4
row:5056,Row,S5056,4
row:5057,Row,S5057,4
row:5058,Row,S5058,5
sub:Execution & Practical Skills|Feedback loops and iteration,Subtopic,Feedback loops and iteration,12
row:5059,Row,S5059,5
row:5060,Row,S5060,5
row:5061,Row,S5061,4
row:5062,Row,S5062,5
row:5063,Row,S5063,4
row:5064,Row,S5064,4
sub:Execution & Practical Skills|Debugging and problem solving under pressure,Subtopic,Debugging and problem solving under pressure,11
row:5065,Row,S5065,4
row:5066,Row,S5066,6
row:5067,Row,S5067,4
row:5068,Row,S5068,4
row:5069,Row,S5069,6
row:5070,Row,S5070,4
row:5071,Row,S5071,5
sub:Execution & Practical Skills|Decision-making with incomplete information,Subtopic,Decision-making with incomplete information,10
row:5072,Row,S5072,8
row:5073,Row,S5073,4
row:5074,Row,S5074,4
row:5075,Row,S5075,6
row:5076,Row,S5076,5
row:5077,Row,S5077,6
sub:Execution & Practical Skills|Emergency response and first aid,Subtopic,Emergency response and first aid,15
row:5078,Row,S5078,7
row:5079,Row,S5079,4
row:5080,Row,S5080,6
row:5081,Row,S5081,6
row:5082,Row,S5082,4
row:5083,Row,S5083,7
row:5084,Row,S5084,4
sub:Execution & Practical Skills|Safety judgment,Subtopic,Safety judgment,12
row:5085,Row,S5085,4
row:5086,Row,S5086,6
row:5087,Row,S5087,5
row:5088,Row,S5088,5
row:5089,Row,S5089,6
row:5090,Row,S5090,5
"sub:Execution & Practical Skills|Cooking, cleaning, household upkeep",Subtopic,"Cooking, cleaning, household upkeep",15
row:5091,Row,S5091,4
row:5092,Row,S5092,5
row:5093,Row,S5093,5
row:5094,Row,S5094,5
row:5095,Row,S5095,7
row:5096,Row,S5096,4
row:5097,Row,S5097,8
sub:Execution & Practical Skills|Travel and navigation,Subtopic,Travel and navigation,12
row:5098,Row,S5098,6
row:5099,Row,S5099,5
row:5100,Row,S5100,5
row:5101,Row,S5101,4
row:5102,Row,S5102,4
row:5103,Row,S5103,7
sub:Execution & Practical Skills|Tools and repairs,Subtopic,Tools and repairs,12
row:5104,Row,S5104,4
row:5105,Row,S5105,6
row:5106,Row,S5106,5
row:5107,Row,S5107,4
row:5108,Row,S5108,4
row:5109,Row,S5109,4
sub:Execution & Practical Skills|Money handling in practice,Subtopic,Money handling in practice,14
row:5110,Row,S5110,4
row:5111,Row,S5111,5
row:5112,Row,S5112,4
row:5113,Row,S5113,4
row:5114,Row,S5114,6
row:5115,Row,S5115,6
row:5116,Row,S5116,5
row:5117,Row,S5117,5
"sub:Execution & Practical Skills|Paperwork, forms and offices",Subtopic,"Paperwork, forms and offices",10
row:5118,Row,S5118,5
row:5119,Row,S5119,4
row:5120,Row,S5120,6
row:5121,Row,S5121,5
row:5122,Row,S5122,4
row:5123,Row,S5123,4
sub:Execution & Practical Skills|Running a meeting or project,Subtopic,Running a meeting or project,8
row:5124,Row,S5124,5
row:5125,Row,S5125,5
row:5126,Row,S5126,4
row:5127,Row,S5127,4
row:5128,Row,S5128,6
row:5129,Row,S5129,4
sub:Execution & Practical Skills|Writing clearly,Subtopic,Writing clearly,12
row:5130,Row,S5130,4
row:5131,Row,S5131,4
row:5132,Row,S5132,5
row:5133,Row,S5133,5
row:5134,Row,S5134,5
row:5135,Row,S5135,6
sub:Execution & Practical Skills|Presenting,Subtopic,Presenting,12
row:5136,Row,S5136,6
row:5137,Row,S5137,5
row:5138,Row,S5138,7
row:5139,Row,S5139,6
row:5140,Row,S5140,5
row:5141,Row,S5141,4
sub:Execution & Practical Skills|Teaching or explaining to others,Subtopic,Teaching or explaining to others,12
row:5142,Row,S5142,4
row:5143,Row,S5143,4
row:5144,Row,S5144,5
row:5145,Row,S5145,4
row:5146,Row,S5146,4
row:5147,Row,S5147,4
sub:Execution & Practical Skills|Collaboration handoffs,Subtopic,Collaboration handoffs,8
row:5148,Row,S5148,4
row:5149,Row,S5149,4
row:5150,Row,S5150,4
row:5151,Row,S5151,5
row:5152,Row,S5152,5
row:5153,Row,S5153,4
sub:Execution & Practical Skills|Quality versus speed,Subtopic,Quality versus speed,10
row:5154,Row,S5154,6
row:5155,Row,S5155,6
row:5156,Row,S5156,4
row:5157,Row,S5157,4
row:5158,Row,S5158,5
row:5159,Row,S5159,8
sub:Execution & Practical Skills|Handling mistakes and post-mortems,Subtopic,Handling mistakes and post-mortems,15
row:5160,Row,S5160,5
row:5161,Row,S5161,5
row:5162,Row,S5162,5
row:5163,Row,S5163,5
row:5164,Row,S5164,4
row:5165,Row,S5165,5
row:5166,Row,S5166,5
sub:Execution & Practical Skills|Recovering after failure,Subtopic,Recovering after failure,10
row:5167,Row,S5167,7
row:5168,Row,S5168,7
row:5169,Row,S5169,4
row:5170,Row,S5170,6
row:5171,Row,S5171,5
row:5172,Row,S5172,4
sub:Execution & Practical Skills|Consistency versus intensity,Subtopic,Consistency versus intensity,10
row:5173,Row,S5173,5
row:5174,Row,S5174,4
row:5175,Row,S5175,4
row:5176,Row,S5176,5
row:5177,Row,S5177,4
row:5178,Row,S5178,4
sub:Execution & Practical Skills|Burnout prevention in execution,Subtopic,Burnout prevention in execution,10
row:5179,Row,S5179,6
row:5180,Row,S5180,5
row:5181,Row,S5181,5
row:5182,Row,S5182,4
row:5183,Row,S5183,4
row:5184,Row,S5184,6
sub:Execution & Practical Skills|Stopping and quitting wisely,Subtopic,Stopping and quitting wisely,10
row:5185,Row,S5185,5
row:5186,Row,S5186,4
row:5187,Row,S5187,8
row:5188,Row,S5188,7
row:5189,Row,S5189,4
row:5190,Row,S5190,6
sub:Execution & Practical Skills|Ethical execution under pressure,Subtopic,Ethical execution under pressure,10
row:5191,Row,S5191,5
row:5192,Row,S5192,6
row:5193,Row,S5193,5
row:5194,Row,S5194,6
row:5195,Row,S5195,4
row:5196,Row,S5196,4
"topic:Wellbeing, Wisdom & Conversation",Topic,"Wellbeing, Wisdom & Conversation",246
"sub:Wellbeing, Wisdom & Conversation|Flow",Subtopic,Flow,14
row:5197,Row,S5197,5
row:5198,Row,S5198,6
row:5199,Row,S5199,7
row:5200,Row,S5200,5
row:5201,Row,S5201,5
row:5202,Row,S5202,4
"sub:Wellbeing, Wisdom & Conversation|Play",Subtopic,Play,14
row:5203,Row,S5203,5
row:5204,Row,S5204,5
row:5205,Row,S5205,4
row:5206,Row,S5206,4
row:5207,Row,S5207,5
row:5208,Row,S5208,7
"sub:Wellbeing, Wisdom & Conversation|Boredom and idleness",Subtopic,Boredom and idleness,11
row:5209,Row,S5209,7
row:5210,Row,S5210,6
row:5211,Row,S5211,7
row:5212,Row,S5212,7
row:5213,Row,S5213,6
"sub:Wellbeing, Wisdom & Conversation|Rest",Subtopic,Rest,14
row:5214,Row,S5214,7
row:5215,Row,S5215,6
row:5216,Row,S5216,4
row:5217,Row,S5217,4
row:5218,Row,S5218,4
row:5219,Row,S5219,5
"sub:Wellbeing, Wisdom & Conversation|Solitude",Subtopic,Solitude,10
row:5220,Row,S5220,5
row:5221,Row,S5221,5
row:5222,Row,S5222,6
row:5223,Row,S5223,4
row:5224,Row,S5224,6
row:5225,Row,S5225,6
"sub:Wellbeing, Wisdom & Conversation|Awe",Subtopic,Awe,11
row:5226,Row,S5226,7
row:5227,Row,S5227,7
row:5228,Row,S5228,5
row:5229,Row,S5229,6
row:5230,Row,S5230,7
"sub:Wellbeing, Wisdom & Conversation|Serenity",Subtopic,Serenity,13
row:5231,Row,S5231,6
row:5232,Row,S5232,5
row:5233,Row,S5233,6
row:5234,Row,S5234,6
row:5235,Row,S5235,5
"sub:Wellbeing, Wisdom & Conversation|Gratitude practice",Subtopic,Gratitude practice,11
row:5236,Row,S5236,5
row:5237,Row,S5237,7
row:5238,Row,S5238,4
row:5239,Row,S5239,5
row:5240,Row,S5240,6
"sub:Wellbeing, Wisdom & Conversation|Courage",Subtopic,Courage,14
row:5241,Row,S5241,6
row:5242,Row,S5242,5
row:5243,Row,S5243,7
row:5244,Row,S5244,6
row:5245,Row,S5245,4
row:5246,Row,S5246,4
"sub:Wellbeing, Wisdom & Conversation|Patience",Subtopic,Patience,12
row:5247,Row,S5247,5
row:5248,Row,S5248,4
row:5249,Row,S5249,5
row:5250,Row,S5250,5
row:5251,Row,S5251,4
row:5252,Row,S5252,4
"sub:Wellbeing, Wisdom & Conversation|Humility",Subtopic,Humility,14
row:5253,Row,S5253,4
row:5254,Row,S5254,5
row:5255,Row,S5255,4
row:5256,Row,S5256,6
row:5257,Row,S5257,4
row:5258,Row,S5258,6
"sub:Wellbeing, Wisdom & Conversation|Wisdom and perspective-taking",Subtopic,Wisdom and perspective-taking,12
row:5259,Row,S5259,6
row:5260,Row,S5260,4
row:5261,Row,S5261,5
row:5262,Row,S5262,4
row:5263,Row,S5263,4
row:5264,Row,S5264,4
"sub:Wellbeing, Wisdom & Conversation|Generosity",Subtopic,Generosity,11
row:5265,Row,S5265,4
row:5266,Row,S5266,4
row:5267,Row,S5267,5
row:5268,Row,S5268,5
row:5269,Row,S5269,6
"sub:Wellbeing, Wisdom & Conversation|Kindness fatigue",Subtopic,Kindness fatigue,9
row:5270,Row,S5270,5
row:5271,Row,S5271,5
row:5272,Row,S5272,5
row:5273,Row,S5273,4
row:5274,Row,S5274,5
"sub:Wellbeing, Wisdom & Conversation|Meaning-making",Subtopic,Meaning-making,11
row:5275,Row,S5275,4
row:5276,Row,S5276,4
row:5277,Row,S5277,5
row:5278,Row,S5278,5
row:5279,Row,S5279,10
"sub:Wellbeing, Wisdom & Conversation|Sense of humour",Subtopic,Sense of humour,12
row:5280,Row,S5280,7
row:5281,Row,S5281,6
row:5282,Row,S5282,8
row:5283,Row,S5283,8
row:5284,Row,S5284,6
row:5285,Row,S5285,5
"sub:Wellbeing, Wisdom & Conversation|Self-forgiveness",Subtopic,Self-forgiveness,14
row:5286,Row,S5286,6
row:5287,Row,S5287,7
row:5288,Row,S5288,6
row:5289,Row,S5289,5
row:5290,Row,S5290,6
row:5291,Row,S5291,6
"sub:Wellbeing, Wisdom & Conversation|Hope",Subtopic,Hope,14
row:5292,Row,S5292,5
row:5293,Row,S5293,5
row:5294,Row,S5294,5
row:5295,Row,S5295,5
row:5296,Row,S5296,6
row:5297,Row,S5297,7
"sub:Wellbeing, Wisdom & Conversation|Optimism versus realism",Subtopic,Optimism versus realism,11
row:5298,Row,S5298,4
row:5299,Row,S5299,5
row:5300,Row,S5300,6
row:5301,Row,S5301,5
row:5302,Row,S5302,6
"sub:Wellbeing, Wisdom & Conversation|Curiosity",Subtopic,Curiosity,13
row:5303,Row,S5303,4
row:5304,Row,S5304,7
row:5305,Row,S5305,7
row:5306,Row,S5306,5
row:5307,Row,S5307,6
"sub:Wellbeing, Wisdom & Conversation|Contentment versus complacency",Subtopic,Contentment versus complacency,11
row:5308,Row,S5308,5
row:5309,Row,S5309,6
row:5310,Row,S5310,6
row:5311,Row,S5311,4
row:5312,Row,S5312,5
"sub:Wellbeing, Wisdom & Conversation|Letting go",Subtopic,Letting go,14
row:5313,Row,S5313,6
row:5314,Row,S5314,5
row:5315,Row,S5315,6
row:5316,Row,S5316,5
row:5317,Row,S5317,8
row:5318,Row,S5318,4
"sub:Wellbeing, Wisdom & Conversation|Turn-taking",Subtopic,Turn-taking,13
row:5319,Row,S5319,4
row:5320,Row,S5320,5
row:5321,Row,S5321,4
row:5322,Row,S5322,4
row:5323,Row,S5323,4
"sub:Wellbeing, Wisdom & Conversation|Listening levels",Subtopic,Listening levels,13
row:5324,Row,S5324,4
row:5325,Row,S5325,5
row:5326,Row,S5326,5
row:5327,Row,S5327,4
row:5328,Row,S5328,5
"sub:Wellbeing, Wisdom & Conversation|Small talk",Subtopic,Small talk,11
row:5329,Row,S5329,6
row:5330,Row,S5330,6
row:5331,Row,S5331,5
row:5332,Row,S5332,4
row:5333,Row,S5333,4
"sub:Wellbeing, Wisdom & Conversation|Starting a conversation",Subtopic,Starting a conversation,11
row:5334,Row,S5334,5
row:5335,Row,S5335,6
row:5336,Row,S5336,4
row:5337,Row,S5337,6
row:5338,Row,S5338,5
"sub:Wellbeing, Wisdom & Conversation|Ending a conversation",Subtopic,Ending a conversation,11
row:5339,Row,S5339,4
row:5340,Row,S5340,4
row:5341,Row,S5341,4
row:5342,Row,S5342,5
row:5343,Row,S5343,4
"sub:Wellbeing, Wisdom & Conversation|Storytelling and narrative identity",Subtopic,Storytelling and narrative identity,14
row:5344,Row,S5344,5
row:5345,Row,S5345,5
row:5346,Row,S5346,4
row:5347,Row,S5347,5
row:5348,Row,S5348,4
row:5349,Row,S5349,6
"sub:Wellbeing, Wisdom & Conversation|Teasing and banter boundaries",Subtopic,Teasing and banter boundaries,9
row:5350,Row,S5350,8
row:5351,Row,S5351,4
row:5352,Row,S5352,6
row:5353,Row,S5353,6
row:5354,Row,S5354,6
"sub:Wellbeing, Wisdom & Conversation|Difficult conversations",Subtopic,Difficult conversations,11
row:5355,Row,S5355,5
row:5356,Row,S5356,4
row:5357,Row,S5357,6
row:5358,Row,S5358,4
row:5359,Row,S5359,4
"sub:Wellbeing, Wisdom & Conversation|Giving and receiving bad news",Subtopic,Giving and receiving bad news,13
row:5360,Row,S5360,4
row:5361,Row,S5361,5
row:5362,Row,S5362,6
row:5363,Row,S5363,7
row:5364,Row,S5364,6
"sub:Wellbeing, Wisdom & Conversation|Asking good questions",Subtopic,Asking good questions,11
row:5365,Row,S5365,5
row:5366,Row,S5366,5
row:5367,Row,S5367,5
row:5368,Row,S5368,5
row:5369,Row,S5369,5
"sub:Wellbeing, Wisdom & Conversation|Validating feelings versus fixing",Subtopic,Validating feelings versus fixing,13
row:5370,Row,S5370,6
row:5371,Row,S5371,5
row:5372,Row,S5372,4
row:5373,Row,S5373,5
row:5374,Row,S5374,4
"sub:Wellbeing, Wisdom & Conversation|Arguing productively",Subtopic,Arguing productively,11
row:5375,Row,S5375,6
row:5376,Row,S5376,4
row:5377,Row,S5377,5
row:5378,Row,S5378,6
row:5379,Row,S5379,6
"sub:Wellbeing, Wisdom & Conversation|Texting tone and misunderstandings",Subtopic,Texting tone and misunderstandings,11
row:5380,Row,S5380,5
row:5381,Row,S5381,5
row:5382,Row,S5382,5
row:5383,Row,S5383,7
row:5384,Row,S5384,5
"sub:Wellbeing, Wisdom & Conversation|Voice notes",Subtopic,Voice notes,9
row:5385,Row,S5385,4
row:5386,Row,S5386,6
row:5387,Row,S5387,6
row:5388,Row,S5388,5
row:5389,Row,S5389,4
"sub:Wellbeing, Wisdom & Conversation|Group chat etiquette",Subtopic,Group chat etiquette,9
row:5390,Row,S5390,5
row:5391,Row,S5391,5
row:5392,Row,S5392,4
row:5393,Row,S5393,4
row:5394,Row,S5394,5
"sub:Wellbeing, Wisdom & Conversation|Code-switching and Hinglish",Subtopic,Code-switching and Hinglish,14
row:5395,Row,S5395,4
row:5396,Row,S5396,4
row:5397,Row,S5397,5
row:5398,Row,S5398,4
row:5399,Row,S5399,5
row:5400,Row,S5400,6
"sub:Wellbeing, Wisdom & Conversation|Talking to elders",Subtopic,Talking to elders,11
row:5401,Row,S5401,5
row:5402,Row,S5402,4
row:5403,Row,S5403,4
row:5404,Row,S5404,7
row:5405,Row,S5405,4
"sub:Wellbeing, Wisdom & Conversation|Talking to children",Subtopic,Talking to children,14
row:5406,Row,S5406,5
row:5407,Row,S5407,5
row:5408,Row,S5408,5
row:5409,Row,S5409,6
row:5410,Row,S5410,8
row:5411,Row,S5411,7
"sub:Wellbeing, Wisdom & Conversation|Talking to authority",Subtopic,Talking to authority,11
row:5412,Row,S5412,6
row:5413,Row,S5413,6
row:5414,Row,S5414,6
row:5415,Row,S5415,5
row:5416,Row,S5416,9
"sub:Wellbeing, Wisdom & Conversation|Talking to someone grieving",Subtopic,Talking to someone grieving,16
row:5417,Row,S5417,5
row:5418,Row,S5418,4
row:5419,Row,S5419,6
row:5420,Row,S5420,5
row:5421,Row,S5421,9
row:5422,Row,S5422,6
"sub:Wellbeing, Wisdom & Conversation|Talking to someone angry",Subtopic,Talking to someone angry,11
row:5423,Row,S5423,7
row:5424,Row,S5424,5
row:5425,Row,S5425,5
row:5426,Row,S5426,6
row:5427,Row,S5427,7
"sub:Wellbeing, Wisdom & Conversation|Talking to someone lying or hiding",Subtopic,Talking to someone lying or hiding,9
row:5428,Row,S5428,6
row:5429,Row,S5429,8
row:5430,Row,S5430,5
row:5431,Row,S5431,8
row:5432,Row,S5432,4
"sub:Wellbeing, Wisdom & Conversation|Interruption and airtime",Subtopic,Interruption and airtime,11
row:5433,Row,S5433,7
row:5434,Row,S5434,4
row:5435,Row,S5435,4
row:5436,Row,S5436,6
row:5437,Row,S5437,5
"sub:Wellbeing, Wisdom & Conversation|Silence as communication",Subtopic,Silence as communication,11
row:5438,Row,S5438,6
row:5439,Row,S5439,5
row:5440,Row,S5440,5
row:5441,Row,S5441,5
row:5442,Row,S5442,5
topic:Foundational Concepts,Topic,Foundational Concepts,319
sub:Foundational Concepts|Barnum effect,Concept,Barnum effect,10
row:5443,Row,S5443,4
row:5444,Row,S5444,7
row:5445,Row,S5445,4
row:5446,Row,S5446,5
sub:Foundational Concepts|IKEA effect,Concept,IKEA effect,10
row:5447,Row,S5447,4
row:5448,Row,S5448,4
row:5449,Row,S5449,5
row:5450,Row,S5450,5
sub:Foundational Concepts|Zeigarnik effect,Concept,Zeigarnik effect,10
row:5451,Row,S5451,6
row:5452,Row,S5452,4
row:5453,Row,S5453,4
row:5454,Row,S5454,5
sub:Foundational Concepts|Placebo and nocebo effect,Concept,Placebo and nocebo effect,11
row:5455,Row,S5455,5
row:5456,Row,S5456,5
row:5457,Row,S5457,7
row:5458,Row,S5458,6
row:5459,Row,S5459,5
sub:Foundational Concepts|Pygmalion effect,Concept,Pygmalion effect,14
row:5460,Row,S5460,4
row:5461,Row,S5461,4
row:5462,Row,S5462,4
row:5463,Row,S5463,4
row:5464,Row,S5464,5
row:5465,Row,S5465,6
sub:Foundational Concepts|Contrast effect,Concept,Contrast effect,13
row:5466,Row,S5466,5
row:5467,Row,S5467,4
row:5468,Row,S5468,4
row:5469,Row,S5469,4
row:5470,Row,S5470,4
sub:Foundational Concepts|Decoy effect,Concept,Decoy effect,8
row:5471,Row,S5471,4
row:5472,Row,S5472,4
row:5473,Row,S5473,4
row:5474,Row,S5474,5
sub:Foundational Concepts|Commitment and consistency,Concept,Commitment and consistency,10
row:5475,Row,S5475,4
row:5476,Row,S5476,5
row:5477,Row,S5477,4
row:5478,Row,S5478,4
sub:Foundational Concepts|Foot-in-the-door and door-in-the-face,Concept,Foot-in-the-door and door-in-the-face,10
row:5479,Row,S5479,4
row:5480,Row,S5480,5
row:5481,Row,S5481,4
row:5482,Row,S5482,5
sub:Foundational Concepts|Social proof,Concept,Social proof,14
row:5483,Row,S5483,4
row:5484,Row,S5484,5
row:5485,Row,S5485,4
row:5486,Row,S5486,5
row:5487,Row,S5487,4
sub:Foundational Concepts|Availability cascade,Concept,Availability cascade,11
row:5488,Row,S5488,4
row:5489,Row,S5489,6
row:5490,Row,S5490,4
row:5491,Row,S5491,5
row:5492,Row,S5492,4
sub:Foundational Concepts|Tall poppy syndrome,Concept,Tall poppy syndrome,11
row:5493,Row,S5493,6
row:5494,Row,S5494,7
row:5495,Row,S5495,5
row:5496,Row,S5496,5
row:5497,Row,S5497,7
sub:Foundational Concepts|Mere exposure effect,Concept,Mere exposure effect,13
row:5498,Row,S5498,5
row:5499,Row,S5499,4
row:5500,Row,S5500,4
row:5501,Row,S5501,4
row:5502,Row,S5502,4
sub:Foundational Concepts|Misinformation effect,Concept,Misinformation effect,11
row:5503,Row,S5503,4
row:5504,Row,S5504,4
row:5505,Row,S5505,4
row:5506,Row,S5506,4
row:5507,Row,S5507,6
sub:Foundational Concepts|Normalcy bias,Concept,Normalcy bias,10
row:5508,Row,S5508,5
row:5509,Row,S5509,4
row:5510,Row,S5510,5
row:5511,Row,S5511,4
sub:Foundational Concepts|Illusory truth effect,Concept,Illusory truth effect,11
row:5512,Row,S5512,4
row:5513,Row,S5513,4
row:5514,Row,S5514,4
row:5515,Row,S5515,4
row:5516,Row,S5516,4
sub:Foundational Concepts|Anthropomorphism,Concept,Anthropomorphism,13
row:5517,Row,S5517,5
row:5518,Row,S5518,5
row:5519,Row,S5519,4
row:5520,Row,S5520,5
row:5521,Row,S5521,5
sub:Foundational Concepts|Pareidolia and apophenia,Concept,Pareidolia and apophenia,13
row:5522,Row,S5522,6
row:5523,Row,S5523,4
row:5524,Row,S5524,4
row:5525,Row,S5525,6
row:5526,Row,S5526,6
sub:Foundational Concepts|Schadenfreude,Concept,Schadenfreude,11
row:5527,Row,S5527,7
row:5528,Row,S5528,5
row:5529,Row,S5529,5
row:5530,Row,S5530,5
row:5531,Row,S5531,7
sub:Foundational Concepts|Compersion,Concept,Compersion,10
row:5532,Row,S5532,6
row:5533,Row,S5533,7
row:5534,Row,S5534,6
row:5535,Row,S5535,6
sub:Foundational Concepts|Ennui,Concept,Ennui,11
row:5536,Row,S5536,5
row:5537,Row,S5537,4
row:5538,Row,S5538,7
row:5539,Row,S5539,4
row:5540,Row,S5540,5
sub:Foundational Concepts|Yearning and longing,Concept,Yearning and longing,13
row:5541,Row,S5541,6
row:5542,Row,S5542,4
row:5543,Row,S5543,6
row:5544,Row,S5544,6
row:5545,Row,S5545,6
row:5546,Row,S5546,4
sub:Foundational Concepts|Vicarious emotion,Concept,Vicarious emotion,13
row:5547,Row,S5547,6
row:5548,Row,S5548,5
row:5549,Row,S5549,6
row:5550,Row,S5550,4
row:5551,Row,S5551,5
sub:Foundational Concepts|Empathic distress vs compassion,Concept,Empathic distress vs compassion,15
row:5552,Row,S5552,5
row:5553,Row,S5553,8
row:5554,Row,S5554,9
row:5555,Row,S5555,6
row:5556,Row,S5556,5
row:5557,Row,S5557,4
sub:Foundational Concepts|Alexithymia,Concept,Alexithymia,13
row:5558,Row,S5558,4
row:5559,Row,S5559,4
row:5560,Row,S5560,4
row:5561,Row,S5561,5
row:5562,Row,S5562,5
sub:Foundational Concepts|Physiological needs (Maslow),Concept,Physiological needs (Maslow),16
row:5563,Row,S5563,6
row:5564,Row,S5564,4
row:5565,Row,S5565,4
row:5566,Row,S5566,5
row:5567,Row,S5567,5
row:5568,Row,S5568,7
sub:Foundational Concepts|Self-actualisation,Concept,Self-actualisation,12
row:5569,Row,S5569,5
row:5570,Row,S5570,6
row:5571,Row,S5571,5
row:5572,Row,S5572,5
row:5573,Row,S5573,4
row:5574,Row,S5574,5
sub:Foundational Concepts|Schwartz value: self-direction,Concept,Schwartz value: self-direction,10
row:5575,Row,S5575,4
row:5576,Row,S5576,6
row:5577,Row,S5577,4
row:5578,Row,S5578,4
sub:Foundational Concepts|Schwartz value: hedonism,Concept,Schwartz value: hedonism,10
row:5579,Row,S5579,6
row:5580,Row,S5580,5
row:5581,Row,S5581,5
row:5582,Row,S5582,6
sub:Foundational Concepts|Schwartz value: benevolence,Concept,Schwartz value: benevolence,10
row:5583,Row,S5583,5
row:5584,Row,S5584,6
row:5585,Row,S5585,5
row:5586,Row,S5586,4
sub:Foundational Concepts|Schwartz value: universalism,Concept,Schwartz value: universalism,10
row:5587,Row,S5587,7
row:5588,Row,S5588,4
row:5589,Row,S5589,5
row:5590,Row,S5590,8
"sub:Foundational Concepts|Schwartz values: stimulation, achievement, power, security, conformity, tradition",Concept,"Schwartz values: stimulation, achievement, power, security, conformity, tradition",13
row:5591,Row,S5591,5
row:5592,Row,S5592,5
row:5593,Row,S5593,5
row:5594,Row,S5594,7
row:5595,Row,S5595,7
row:5596,Row,S5596,5
row:5597,Row,S5597,4
sub:Foundational Concepts|Kohlberg self-interest stage,Concept,Kohlberg self-interest stage,9
row:5598,Row,S5598,4
row:5599,Row,S5599,4
row:5600,Row,S5600,4
row:5601,Row,S5601,4
row:5602,Row,S5602,4
sub:Foundational Concepts|Kohlberg social contract stage,Concept,Kohlberg social contract stage,7
row:5603,Row,S5603,4
row:5604,Row,S5604,6
row:5605,Row,S5605,4
row:5606,Row,S5606,4
row:5607,Row,S5607,5
sub:Foundational Concepts|Kohlberg stages: contrast with other stages,Concept,Kohlberg stages: contrast with other stages,11
row:5608,Row,S5608,5
row:5609,Row,S5609,4
row:5610,Row,S5610,4
row:5611,Row,S5611,4
row:5612,Row,S5612,4
sub:Foundational Concepts|Zone of proximal development and scaffolding,Concept,Zone of proximal development and scaffolding,16
row:5613,Row,S5613,5
row:5614,Row,S5614,4
row:5615,Row,S5615,5
row:5616,Row,S5616,4
row:5617,Row,S5617,4
row:5618,Row,S5618,6
"sub:Foundational Concepts|Identity foreclosure, moratorium and role confusion",Concept,"Identity foreclosure, moratorium and role confusion",12
row:5619,Row,S5619,4
row:5620,Row,S5620,6
row:5621,Row,S5621,4
row:5622,Row,S5622,7
row:5623,Row,S5623,5
row:5624,Row,S5624,6
sub:Foundational Concepts|Intimacy vs isolation,Concept,Intimacy vs isolation,14
row:5625,Row,S5625,4
row:5626,Row,S5626,6
row:5627,Row,S5627,6
row:5628,Row,S5628,7
row:5629,Row,S5629,6
row:5630,Row,S5630,7
sub:Foundational Concepts|Integrity vs despair (as foreseen by the young),Concept,Integrity vs despair (as foreseen by the young),9
row:5631,Row,S5631,8
row:5632,Row,S5632,6
row:5633,Row,S5633,5
row:5634,Row,S5634,8
row:5635,Row,S5635,6
sub:Foundational Concepts|Generativity vs stagnation,Concept,Generativity vs stagnation,11
row:5636,Row,S5636,4
row:5637,Row,S5637,4
row:5638,Row,S5638,4
row:5639,Row,S5639,4
row:5640,Row,S5640,4
sub:Foundational Concepts|Emerging adulthood,Concept,Emerging adulthood,7
row:5641,Row,S5641,6
row:5642,Row,S5642,4
row:5643,Row,S5643,5
row:5644,Row,S5644,4
row:5645,Row,S5645,5
sub:Foundational Concepts|Attachment-to-autonomy shifts,Concept,Attachment-to-autonomy shifts,18
row:5646,Row,S5646,5
row:5647,Row,S5647,4
row:5648,Row,S5648,5
row:5649,Row,S5649,6
row:5650,Row,S5650,6
row:5651,Row,S5651,7
row:5652,Row,S5652,5
sub:Foundational Concepts|Stereotype threat,Concept,Stereotype threat,9
row:5653,Row,S5653,5
row:5654,Row,S5654,6
row:5655,Row,S5655,4
row:5656,Row,S5656,4
row:5657,Row,S5657,5
sub:Foundational Concepts|Contact hypothesis (mixing groups reduces prejudice),Concept,Contact hypothesis (mixing groups reduces prejudice),12
row:5658,Row,S5658,4
row:5659,Row,S5659,4
row:5660,Row,S5660,6
row:5661,Row,S5661,4
row:5662,Row,S5662,4
sub:Foundational Concepts|Tragedy of the commons,Concept,Tragedy of the commons,13
row:5663,Row,S5663,4
row:5664,Row,S5664,5
row:5665,Row,S5665,4
row:5666,Row,S5666,5
row:5667,Row,S5667,6
sub:Foundational Concepts|Prisoner's dilemma and cooperation vs defection,Concept,Prisoner's dilemma and cooperation vs defection,11
row:5668,Row,S5668,5
row:5669,Row,S5669,5
row:5670,Row,S5670,4
row:5671,Row,S5671,4
row:5672,Row,S5672,5
sub:Foundational Concepts|Social identity theory,Concept,Social identity theory,13
row:5673,Row,S5673,6
row:5674,Row,S5674,4
row:5675,Row,S5675,5
row:5676,Row,S5676,7
row:5677,Row,S5677,6
sub:Foundational Concepts|Relative deprivation,Concept,Relative deprivation,11
row:5678,Row,S5678,4
row:5679,Row,S5679,6
row:5680,Row,S5680,6
row:5681,Row,S5681,5
row:5682,Row,S5682,4
sub:Foundational Concepts|Deindividuation,Concept,Deindividuation,11
row:5683,Row,S5683,4
row:5684,Row,S5684,7
row:5685,Row,S5685,6
row:5686,Row,S5686,5
row:5687,Row,S5687,4
sub:Foundational Concepts|How power changes people,Concept,How power changes people,9
row:5688,Row,S5688,6
row:5689,Row,S5689,4
row:5690,Row,S5690,4
row:5691,Row,S5691,6
row:5692,Row,S5692,6
sub:Foundational Concepts|Milgram-style obedience,Concept,Milgram-style obedience,16
row:5693,Row,S5693,6
row:5694,Row,S5694,6
row:5695,Row,S5695,4
row:5696,Row,S5696,7
row:5697,Row,S5697,4
sub:Foundational Concepts|Stanford-prison-style role adoption,Concept,Stanford-prison-style role adoption,9
row:5698,Row,S5698,4
row:5699,Row,S5699,6
row:5700,Row,S5700,5
row:5701,Row,S5701,4
row:5702,Row,S5702,6
sub:Foundational Concepts|Asch-style conformity,Concept,Asch-style conformity,11
row:5703,Row,S5703,5
row:5704,Row,S5704,5
row:5705,Row,S5705,5
row:5706,Row,S5706,4
row:5707,Row,S5707,6
sub:Foundational Concepts|Kin selection and family loyalty,Concept,Kin selection and family loyalty,13
row:5708,Row,S5708,5
row:5709,Row,S5709,6
row:5710,Row,S5710,4
row:5711,Row,S5711,5
row:5712,Row,S5712,4
sub:Foundational Concepts|Reciprocal altruism and fairness norms,Concept,Reciprocal altruism and fairness norms,13
row:5713,Row,S5713,4
row:5714,Row,S5714,6
row:5715,Row,S5715,5
row:5716,Row,S5716,6
row:5717,Row,S5717,5
sub:Foundational Concepts|Ostracism and social pain,Concept,Ostracism and social pain,11
row:5718,Row,S5718,7
row:5719,Row,S5719,6
row:5720,Row,S5720,5
row:5721,Row,S5721,5
row:5722,Row,S5722,5
"sub:Foundational Concepts|Microaggressions (respectful, balanced treatment)",Concept,"Microaggressions (respectful, balanced treatment)",9
row:5723,Row,S5723,6
row:5724,Row,S5724,6
row:5725,Row,S5725,5
row:5726,Row,S5726,5
row:5727,Row,S5727,4
sub:Foundational Concepts|Allyship and how to help a targeted person,Concept,Allyship and how to help a targeted person,10
row:5728,Row,S5728,4
row:5729,Row,S5729,5
row:5730,Row,S5730,5
row:5731,Row,S5731,5
row:5732,Row,S5732,6
sub:Foundational Concepts|Privilege and fairness awareness,Concept,Privilege and fairness awareness,10
row:5733,Row,S5733,4
row:5734,Row,S5734,7
row:5735,Row,S5735,5
row:5736,Row,S5736,5
sub:Foundational Concepts|Social comparison,Concept,Social comparison,12
row:5737,Row,S5737,4
row:5738,Row,S5738,5
row:5739,Row,S5739,5
row:5740,Row,S5740,5
row:5741,Row,S5741,4
sub:Foundational Concepts|Self-fulfilling prophecy,Concept,Self-fulfilling prophecy,11
row:5742,Row,S5742,5
row:5743,Row,S5743,5
row:5744,Row,S5744,6
row:5745,Row,S5745,4
row:5746,Row,S5746,4
sub:Foundational Concepts|Learned optimism,Concept,Learned optimism,13
row:5747,Row,S5747,4
row:5748,Row,S5748,5
row:5749,Row,S5749,6
row:5750,Row,S5750,4
row:5751,Row,S5751,6
sub:Foundational Concepts|Emotional contagion in groups,Concept,Emotional contagion in groups,13
row:5752,Row,S5752,5
row:5753,Row,S5753,6
row:5754,Row,S5754,8
row:5755,Row,S5755,7
row:5756,Row,S5756,4
sub:Foundational Concepts|Trust games and reputation,Concept,Trust games and reputation,11
row:5757,Row,S5757,5
row:5758,Row,S5758,6
row:5759,Row,S5759,4
row:5760,Row,S5760,5
row:5761,Row,S5761,6
topic:Planning & Problem Solving,Topic,Planning & Problem Solving,1929
sub:Planning & Problem Solving|Reaching a toy on a shelf,Subtopic,Reaching a toy on a shelf,12
view:Action,View,Action,610
mech:other,Mechanism,other,1770
family:unclassified,StrategyFamily,unclassified,660
row:5762,Row,S5762,6
view:Thinking,View,Thinking,538
mech:trial and error,Mechanism,trial and error,38
family:try and adapt,StrategyFamily,try and adapt,136
row:5763,Row,S5763,6
family:seek help or advice,StrategyFamily,seek help or advice,216
row:5764,Row,S5764,6
mech:copying without fit,Mechanism,copying without fit,82
family:copy or follow others,StrategyFamily,copy or follow others,44
row:5765,Row,S5765,6
view:Pitfall,View,Pitfall,464
mech:rigid persistence,Mechanism,rigid persistence,16
row:5766,Row,S5766,7
view:Revision,View,Revision,317
family:avoid or give up,StrategyFamily,avoid or give up,134
row:5767,Row,S5767,6
sub:Planning & Problem Solving|Opening a plastic container,Subtopic,Opening a plastic container,12
row:5768,Row,S5768,6
row:5769,Row,S5769,6
row:5770,Row,S5770,7
row:5771,Row,S5771,7
mech:experiment and measure,Mechanism,experiment and measure,36
row:5772,Row,S5772,6
row:5773,Row,S5773,6
sub:Planning & Problem Solving|Getting a caregiver's attention,Subtopic,Getting a caregiver's attention,12
row:5774,Row,S5774,6
row:5775,Row,S5775,7
row:5776,Row,S5776,6
row:5777,Row,S5777,6
row:5778,Row,S5778,6
mech:task decomposition,Mechanism,task decomposition,48
family:plan and structure,StrategyFamily,plan and structure,199
row:5779,Row,S5779,6
sub:Planning & Problem Solving|Fitting shapes into holes,Subtopic,Fitting shapes into holes,12
row:5780,Row,S5780,6
row:5781,Row,S5781,6
row:5782,Row,S5782,6
row:5783,Row,S5783,6
row:5784,Row,S5784,7
mech:emotion-aware planning,Mechanism,emotion-aware planning,46
row:5785,Row,S5785,6
sub:Planning & Problem Solving|Climbing onto the sofa,Subtopic,Climbing onto the sofa,12
row:5786,Row,S5786,6
row:5787,Row,S5787,6
row:5788,Row,S5788,6
mech:learning from past failure,Mechanism,learning from past failure,10
row:5789,Row,S5789,8
mech:impulsive action,Mechanism,impulsive action,66
family:act impulsively,StrategyFamily,act impulsively,36
row:5790,Row,S5790,7
row:5791,Row,S5791,6
sub:Planning & Problem Solving|Fetching help for a problem,Subtopic,Fetching help for a problem,12
row:5792,Row,S5792,6
row:5793,Row,S5793,6
row:5794,Row,S5794,7
row:5795,Row,S5795,6
row:5796,Row,S5796,6
row:5797,Row,S5797,6
sub:Planning & Problem Solving|Getting food when hungry,Subtopic,Getting food when hungry,12
mech:delegation,Mechanism,delegation,22
row:5798,Row,S5798,6
row:5799,Row,S5799,6
row:5800,Row,S5800,6
row:5801,Row,S5801,7
row:5802,Row,S5802,7
family:creative reframing,StrategyFamily,creative reframing,23
row:5803,Row,S5803,6
sub:Planning & Problem Solving|Building with blocks,Subtopic,Building with blocks,14
row:5804,Row,S5804,6
row:5805,Row,S5805,6
row:5806,Row,S5806,6
mech:magical thinking,Mechanism,magical thinking,34
row:5807,Row,S5807,6
mech:if-then plan,Mechanism,if-then plan,54
row:5808,Row,S5808,8
row:5809,Row,S5809,6
mech:asking an adult,Mechanism,asking an adult,42
row:5810,Row,S5810,6
sub:Planning & Problem Solving|Hide and seek strategy,Subtopic,Hide and seek strategy,14
row:5811,Row,S5811,6
row:5812,Row,S5812,6
row:5813,Row,S5813,6
row:5814,Row,S5814,6
row:5815,Row,S5815,7
row:5816,Row,S5816,6
mech:negotiation,Mechanism,negotiation,74
row:5817,Row,S5817,6
sub:Planning & Problem Solving|Planning a pretend game,Subtopic,Planning a pretend game,14
mech:mental simulation,Mechanism,mental simulation,116
row:5818,Row,S5818,6
row:5819,Row,S5819,6
row:5820,Row,S5820,6
row:5821,Row,S5821,6
row:5822,Row,S5822,7
row:5823,Row,S5823,6
row:5824,Row,S5824,6
sub:Planning & Problem Solving|Tidying a room,Subtopic,Tidying a room,14
row:5825,Row,S5825,6
row:5826,Row,S5826,6
row:5827,Row,S5827,7
row:5828,Row,S5828,7
row:5829,Row,S5829,6
row:5830,Row,S5830,6
mech:avoidance and procrastination,Mechanism,avoidance and procrastination,202
row:5831,Row,S5831,6
sub:Planning & Problem Solving|Getting a friend to play,Subtopic,Getting a friend to play,14
row:5832,Row,S5832,6
row:5833,Row,S5833,6
row:5834,Row,S5834,7
row:5835,Row,S5835,6
row:5836,Row,S5836,6
row:5837,Row,S5837,6
row:5838,Row,S5838,6
sub:Planning & Problem Solving|Getting a turn,Subtopic,Getting a turn,14
mech:trial by imitation,Mechanism,trial by imitation,32
row:5839,Row,S5839,6
row:5840,Row,S5840,6
row:5841,Row,S5841,6
row:5842,Row,S5842,6
row:5843,Row,S5843,6
row:5844,Row,S5844,6
row:5845,Row,S5845,6
sub:Planning & Problem Solving|Sharing a toy,Subtopic,Sharing a toy,14
row:5846,Row,S5846,6
row:5847,Row,S5847,6
row:5848,Row,S5848,7
row:5849,Row,S5849,7
row:5850,Row,S5850,7
row:5851,Row,S5851,6
row:5852,Row,S5852,6
sub:Planning & Problem Solving|Solving a puzzle,Subtopic,Solving a puzzle,14
row:5853,Row,S5853,6
row:5854,Row,S5854,7
row:5855,Row,S5855,7
row:5856,Row,S5856,6
row:5857,Row,S5857,6
row:5858,Row,S5858,7
row:5859,Row,S5859,6
sub:Planning & Problem Solving|Getting dressed for school,Subtopic,Getting dressed for school,14
row:5860,Row,S5860,6
row:5861,Row,S5861,6
row:5862,Row,S5862,6
row:5863,Row,S5863,6
row:5864,Row,S5864,6
row:5865,Row,S5865,6
row:5866,Row,S5866,6
sub:Planning & Problem Solving|Packing a bag,Subtopic,Packing a bag,14
mech:externalising on paper,Mechanism,externalising on paper,40
row:5867,Row,S5867,6
row:5868,Row,S5868,6
row:5869,Row,S5869,6
row:5870,Row,S5870,6
family:gather information,StrategyFamily,gather information,215
row:5871,Row,S5871,6
row:5872,Row,S5872,6
row:5873,Row,S5873,6
sub:Planning & Problem Solving|Reaching something high,Subtopic,Reaching something high,12
row:5874,Row,S5874,7
row:5875,Row,S5875,6
row:5876,Row,S5876,6
row:5877,Row,S5877,6
row:5878,Row,S5878,7
row:5879,Row,S5879,6
sub:Planning & Problem Solving|Making a birthday card,Subtopic,Making a birthday card,12
row:5880,Row,S5880,6
row:5881,Row,S5881,6
row:5882,Row,S5882,6
row:5883,Row,S5883,7
row:5884,Row,S5884,6
row:5885,Row,S5885,6
sub:Planning & Problem Solving|Settling a quarrel,Subtopic,Settling a quarrel,12
row:5886,Row,S5886,7
row:5887,Row,S5887,6
row:5888,Row,S5888,8
row:5889,Row,S5889,6
row:5890,Row,S5890,7
row:5891,Row,S5891,6
sub:Planning & Problem Solving|Earning a reward,Subtopic,Earning a reward,12
row:5892,Row,S5892,6
row:5893,Row,S5893,6
row:5894,Row,S5894,7
row:5895,Row,S5895,6
row:5896,Row,S5896,6
row:5897,Row,S5897,6
sub:Planning & Problem Solving|Finding a lost item,Subtopic,Finding a lost item,32
row:5898,Row,S5898,6
row:5899,Row,S5899,6
row:5900,Row,S5900,6
row:5901,Row,S5901,6
row:5902,Row,S5902,6
row:5903,Row,S5903,6
row:5904,Row,S5904,6
row:5905,Row,S5905,6
row:5906,Row,S5906,6
row:5907,Row,S5907,7
row:5908,Row,S5908,8
family:regulate self,StrategyFamily,regulate self,61
row:5909,Row,S5909,6
row:5910,Row,S5910,6
family:protect and reduce risk,StrategyFamily,protect and reduce risk,94
row:5911,Row,S5911,6
row:5912,Row,S5912,6
sub:Planning & Problem Solving|Finishing homework before deadline,Subtopic,Finishing homework before deadline,20
row:5913,Row,S5913,7
row:5914,Row,S5914,7
row:5915,Row,S5915,7
row:5916,Row,S5916,6
row:5917,Row,S5917,6
mech:time-boxing,Mechanism,time-boxing,42
row:5918,Row,S5918,6
row:5919,Row,S5919,6
row:5920,Row,S5920,6
row:5921,Row,S5921,6
row:5922,Row,S5922,6
sub:Planning & Problem Solving|Preparing for a test,Subtopic,Preparing for a test,20
row:5923,Row,S5923,6
row:5924,Row,S5924,6
row:5925,Row,S5925,6
row:5926,Row,S5926,7
row:5927,Row,S5927,6
row:5928,Row,S5928,6
row:5929,Row,S5929,6
mech:adaptive replanning,Mechanism,adaptive replanning,46
row:5930,Row,S5930,6
row:5931,Row,S5931,7
row:5932,Row,S5932,7
sub:Planning & Problem Solving|Learning a hard topic,Subtopic,Learning a hard topic,18
row:5933,Row,S5933,7
row:5934,Row,S5934,6
row:5935,Row,S5935,6
row:5936,Row,S5936,6
row:5937,Row,S5937,6
row:5938,Row,S5938,6
mech:seeking advice,Mechanism,seeking advice,160
row:5939,Row,S5939,6
row:5940,Row,S5940,7
row:5941,Row,S5941,7
sub:Planning & Problem Solving|Organising school bag and timetable,Subtopic,Organising school bag and timetable,18
mech:forward planning,Mechanism,forward planning,76
row:5942,Row,S5942,6
row:5943,Row,S5943,6
row:5944,Row,S5944,6
row:5945,Row,S5945,6
row:5946,Row,S5946,6
row:5947,Row,S5947,6
row:5948,Row,S5948,6
row:5949,Row,S5949,6
row:5950,Row,S5950,7
sub:Planning & Problem Solving|Planning a birthday party,Subtopic,Planning a birthday party,18
row:5951,Row,S5951,7
mech:brainstorming,Mechanism,brainstorming,20
row:5952,Row,S5952,6
row:5953,Row,S5953,7
row:5954,Row,S5954,6
mech:contingency planning,Mechanism,contingency planning,70
row:5955,Row,S5955,7
row:5956,Row,S5956,6
mech:resource and budget planning,Mechanism,resource and budget planning,62
row:5957,Row,S5957,7
row:5958,Row,S5958,8
row:5959,Row,S5959,8
sub:Planning & Problem Solving|Making up after friend fight,Subtopic,Making up after friend fight,18
row:5960,Row,S5960,7
row:5961,Row,S5961,8
row:5962,Row,S5962,7
family:communicate and negotiate,StrategyFamily,communicate and negotiate,111
row:5963,Row,S5963,6
row:5964,Row,S5964,7
row:5965,Row,S5965,6
row:5966,Row,S5966,6
row:5967,Row,S5967,7
row:5968,Row,S5968,6
sub:Planning & Problem Solving|Planning a game with rules,Subtopic,Planning a game with rules,18
row:5969,Row,S5969,6
row:5970,Row,S5970,6
row:5971,Row,S5971,7
row:5972,Row,S5972,7
row:5973,Row,S5973,6
row:5974,Row,S5974,8
row:5975,Row,S5975,6
row:5976,Row,S5976,6
row:5977,Row,S5977,7
sub:Planning & Problem Solving|Settling group project disagreement,Subtopic,Settling group project disagreement,18
row:5978,Row,S5978,7
row:5979,Row,S5979,6
row:5980,Row,S5980,7
row:5981,Row,S5981,6
mech:commitment device,Mechanism,commitment device,56
row:5982,Row,S5982,6
row:5983,Row,S5983,8
row:5984,Row,S5984,6
row:5985,Row,S5985,6
row:5986,Row,S5986,7
sub:Planning & Problem Solving|Saving for a toy,Subtopic,Saving for a toy,18
row:5987,Row,S5987,6
row:5988,Row,S5988,6
row:5989,Row,S5989,6
row:5990,Row,S5990,6
row:5991,Row,S5991,6
mech:critical path,Mechanism,critical path,24
row:5992,Row,S5992,6
row:5993,Row,S5993,6
row:5994,Row,S5994,6
row:5995,Row,S5995,7
sub:Planning & Problem Solving|Cleaning and chores,Subtopic,Cleaning and chores,18
row:5996,Row,S5996,6
row:5997,Row,S5997,7
row:5998,Row,S5998,7
row:5999,Row,S5999,7
row:6000,Row,S6000,6
row:6001,Row,S6001,6
row:6002,Row,S6002,6
row:6003,Row,S6003,7
row:6004,Row,S6004,7
sub:Planning & Problem Solving|Learning to ride a cycle,Subtopic,Learning to ride a cycle,18
row:6005,Row,S6005,6
row:6006,Row,S6006,7
row:6007,Row,S6007,6
row:6008,Row,S6008,6
row:6009,Row,S6009,9
row:6010,Row,S6010,7
row:6011,Row,S6011,6
row:6012,Row,S6012,6
row:6013,Row,S6013,6
sub:Planning & Problem Solving|Remembering a long list,Subtopic,Remembering a long list,18
row:6014,Row,S6014,8
row:6015,Row,S6015,6
row:6016,Row,S6016,6
row:6017,Row,S6017,7
row:6018,Row,S6018,6
row:6019,Row,S6019,6
row:6020,Row,S6020,6
row:6021,Row,S6021,6
row:6022,Row,S6022,6
sub:Planning & Problem Solving|Sibling sharing schedule,Subtopic,Sibling sharing schedule,18
row:6023,Row,S6023,6
row:6024,Row,S6024,6
row:6025,Row,S6025,6
row:6026,Row,S6026,6
row:6027,Row,S6027,6
row:6028,Row,S6028,6
row:6029,Row,S6029,6
mech:lateral thinking,Mechanism,lateral thinking,20
row:6030,Row,S6030,6
row:6031,Row,S6031,6
sub:Planning & Problem Solving|Being new at school,Subtopic,Being new at school,18
row:6032,Row,S6032,6
row:6033,Row,S6033,8
row:6034,Row,S6034,8
row:6035,Row,S6035,6
row:6036,Row,S6036,7
row:6037,Row,S6037,6
row:6038,Row,S6038,8
row:6039,Row,S6039,6
row:6040,Row,S6040,6
sub:Planning & Problem Solving|Preparing for a school performance,Subtopic,Preparing for a school performance,18
row:6041,Row,S6041,6
row:6042,Row,S6042,7
row:6043,Row,S6043,6
row:6044,Row,S6044,8
row:6045,Row,S6045,8
row:6046,Row,S6046,7
row:6047,Row,S6047,6
row:6048,Row,S6048,6
row:6049,Row,S6049,6
sub:Planning & Problem Solving|Preparing for a quiz competition,Subtopic,Preparing for a quiz competition,18
row:6050,Row,S6050,6
row:6051,Row,S6051,8
row:6052,Row,S6052,6
row:6053,Row,S6053,6
mech:buffer and slack,Mechanism,buffer and slack,44
row:6054,Row,S6054,6
row:6055,Row,S6055,6
row:6056,Row,S6056,6
row:6057,Row,S6057,6
row:6058,Row,S6058,8
sub:Planning & Problem Solving|Planning a science fair project,Subtopic,Planning a science fair project,18
row:6059,Row,S6059,6
row:6060,Row,S6060,6
row:6061,Row,S6061,6
mech:working backward,Mechanism,working backward,58
row:6062,Row,S6062,7
row:6063,Row,S6063,6
row:6064,Row,S6064,6
row:6065,Row,S6065,6
row:6066,Row,S6066,8
row:6067,Row,S6067,8
sub:Planning & Problem Solving|Learning to swim,Subtopic,Learning to swim,16
row:6068,Row,S6068,7
row:6069,Row,S6069,7
row:6070,Row,S6070,8
row:6071,Row,S6071,6
row:6072,Row,S6072,7
row:6073,Row,S6073,7
row:6074,Row,S6074,6
row:6075,Row,S6075,6
sub:Planning & Problem Solving|Planning a school trip packing,Subtopic,Planning a school trip packing,14
row:6076,Row,S6076,6
row:6077,Row,S6077,6
row:6078,Row,S6078,7
row:6079,Row,S6079,7
row:6080,Row,S6080,7
mech:pre-mortem,Mechanism,pre-mortem,36
row:6081,Row,S6081,6
row:6082,Row,S6082,6
sub:Planning & Problem Solving|Lost in a crowded market,Subtopic,Lost in a crowded market,20
row:6083,Row,S6083,8
row:6084,Row,S6084,8
row:6085,Row,S6085,7
row:6086,Row,S6086,7
row:6087,Row,S6087,8
row:6088,Row,S6088,8
row:6089,Row,S6089,6
row:6090,Row,S6090,6
row:6091,Row,S6091,7
row:6092,Row,S6092,6
sub:Planning & Problem Solving|A stranger asks for help,Subtopic,A stranger asks for help,20
row:6093,Row,S6093,7
row:6094,Row,S6094,9
row:6095,Row,S6095,7
row:6096,Row,S6096,7
row:6097,Row,S6097,7
row:6098,Row,S6098,7
mech:analogy,Mechanism,analogy,20
row:6099,Row,S6099,9
row:6100,Row,S6100,6
row:6101,Row,S6101,7
row:6102,Row,S6102,6
sub:Planning & Problem Solving|Fire drill at home,Subtopic,Fire drill at home,20
row:6103,Row,S6103,8
row:6104,Row,S6104,7
row:6105,Row,S6105,6
row:6106,Row,S6106,8
mech:checklist,Mechanism,checklist,28
row:6107,Row,S6107,7
row:6108,Row,S6108,6
row:6109,Row,S6109,6
row:6110,Row,S6110,6
row:6111,Row,S6111,6
row:6112,Row,S6112,6
sub:Planning & Problem Solving|Found money or a lost wallet,Subtopic,Found money or a lost wallet,20
row:6113,Row,S6113,6
row:6114,Row,S6114,7
mech:pros and cons,Mechanism,pros and cons,12
row:6115,Row,S6115,8
row:6116,Row,S6116,6
row:6117,Row,S6117,6
row:6118,Row,S6118,7
row:6119,Row,S6119,6
row:6120,Row,S6120,8
row:6121,Row,S6121,6
row:6122,Row,S6122,6
sub:Planning & Problem Solving|Deciding what to do with pocket money,Subtopic,Deciding what to do with pocket money,20
row:6123,Row,S6123,6
row:6124,Row,S6124,6
row:6125,Row,S6125,6
row:6126,Row,S6126,7
row:6127,Row,S6127,6
row:6128,Row,S6128,6
row:6129,Row,S6129,6
row:6130,Row,S6130,6
row:6131,Row,S6131,6
row:6132,Row,S6132,6
sub:Planning & Problem Solving|Planning a family trip,Subtopic,Planning a family trip,20
row:6133,Row,S6133,7
row:6134,Row,S6134,6
row:6135,Row,S6135,6
row:6136,Row,S6136,6
row:6137,Row,S6137,6
row:6138,Row,S6138,7
row:6139,Row,S6139,6
row:6140,Row,S6140,6
row:6141,Row,S6141,6
row:6142,Row,S6142,6
sub:Planning & Problem Solving|Building something from scraps,Subtopic,Building something from scraps,20
row:6143,Row,S6143,6
row:6144,Row,S6144,6
row:6145,Row,S6145,7
row:6146,Row,S6146,6
row:6147,Row,S6147,6
mech:minimum viable version,Mechanism,minimum viable version,46
row:6148,Row,S6148,6
row:6149,Row,S6149,7
row:6150,Row,S6150,6
row:6151,Row,S6151,6
row:6152,Row,S6152,6
sub:Planning & Problem Solving|Growing a small garden,Subtopic,Growing a small garden,20
row:6153,Row,S6153,6
row:6154,Row,S6154,7
row:6155,Row,S6155,6
row:6156,Row,S6156,6
row:6157,Row,S6157,6
row:6158,Row,S6158,6
row:6159,Row,S6159,6
row:6160,Row,S6160,6
row:6161,Row,S6161,6
row:6162,Row,S6162,6
sub:Planning & Problem Solving|Taking care of a pet,Subtopic,Taking care of a pet,20
row:6163,Row,S6163,6
row:6164,Row,S6164,7
row:6165,Row,S6165,7
row:6166,Row,S6166,6
row:6167,Row,S6167,6
row:6168,Row,S6168,6
row:6169,Row,S6169,8
row:6170,Row,S6170,6
row:6171,Row,S6171,6
row:6172,Row,S6172,6
sub:Planning & Problem Solving|Learning an instrument,Subtopic,Learning an instrument,20
row:6173,Row,S6173,6
row:6174,Row,S6174,6
row:6175,Row,S6175,6
row:6176,Row,S6176,6
row:6177,Row,S6177,6
row:6178,Row,S6178,7
mech:cutting losses,Mechanism,cutting losses,28
row:6179,Row,S6179,6
row:6180,Row,S6180,6
row:6181,Row,S6181,8
row:6182,Row,S6182,8
sub:Planning & Problem Solving|Handling a bully,Subtopic,Handling a bully,20
row:6183,Row,S6183,6
row:6184,Row,S6184,7
row:6185,Row,S6185,6
row:6186,Row,S6186,7
row:6187,Row,S6187,7
row:6188,Row,S6188,7
row:6189,Row,S6189,6
row:6190,Row,S6190,7
row:6191,Row,S6191,7
row:6192,Row,S6192,8
sub:Planning & Problem Solving|Asking parents for something,Subtopic,Asking parents for something,20
row:6193,Row,S6193,7
row:6194,Row,S6194,6
row:6195,Row,S6195,6
row:6196,Row,S6196,6
row:6197,Row,S6197,8
row:6198,Row,S6198,6
row:6199,Row,S6199,7
row:6200,Row,S6200,7
row:6201,Row,S6201,6
row:6202,Row,S6202,7
sub:Planning & Problem Solving|A power cut or rain spoils plans,Subtopic,A power cut or rain spoils plans,20
row:6203,Row,S6203,6
row:6204,Row,S6204,7
row:6205,Row,S6205,6
row:6206,Row,S6206,6
row:6207,Row,S6207,6
row:6208,Row,S6208,7
row:6209,Row,S6209,7
row:6210,Row,S6210,7
row:6211,Row,S6211,7
row:6212,Row,S6212,7
sub:Planning & Problem Solving|Gaming versus homework,Subtopic,Gaming versus homework,20
row:6213,Row,S6213,6
row:6214,Row,S6214,7
row:6215,Row,S6215,6
mech:prioritising,Mechanism,prioritising,44
row:6216,Row,S6216,6
row:6217,Row,S6217,7
row:6218,Row,S6218,6
row:6219,Row,S6219,7
row:6220,Row,S6220,7
row:6221,Row,S6221,6
row:6222,Row,S6222,7
sub:Planning & Problem Solving|Telling the truth after a mistake,Subtopic,Telling the truth after a mistake,20
row:6223,Row,S6223,7
row:6224,Row,S6224,6
row:6225,Row,S6225,7
row:6226,Row,S6226,6
row:6227,Row,S6227,6
row:6228,Row,S6228,6
row:6229,Row,S6229,6
row:6230,Row,S6230,9
row:6231,Row,S6231,6
row:6232,Row,S6232,6
sub:Planning & Problem Solving|Friend wants to cheat,Subtopic,Friend wants to cheat,18
row:6233,Row,S6233,6
row:6234,Row,S6234,8
row:6235,Row,S6235,6
row:6236,Row,S6236,6
row:6237,Row,S6237,6
row:6238,Row,S6238,6
row:6239,Row,S6239,7
row:6240,Row,S6240,6
row:6241,Row,S6241,8
sub:Planning & Problem Solving|Facing a risky dare,Subtopic,Facing a risky dare,18
row:6242,Row,S6242,7
row:6243,Row,S6243,7
row:6244,Row,S6244,6
row:6245,Row,S6245,9
row:6246,Row,S6246,7
row:6247,Row,S6247,8
row:6248,Row,S6248,6
row:6249,Row,S6249,7
row:6250,Row,S6250,7
sub:Planning & Problem Solving|Planning a hobby routine,Subtopic,Planning a hobby routine,20
row:6251,Row,S6251,6
row:6252,Row,S6252,7
mech:overplanning,Mechanism,overplanning,6
row:6253,Row,S6253,6
row:6254,Row,S6254,7
row:6255,Row,S6255,6
row:6256,Row,S6256,7
row:6257,Row,S6257,6
row:6258,Row,S6258,6
row:6259,Row,S6259,6
row:6260,Row,S6260,6
sub:Planning & Problem Solving|Preparing for board exams,Subtopic,Preparing for board exams,20
row:6261,Row,S6261,6
row:6262,Row,S6262,7
row:6263,Row,S6263,6
row:6264,Row,S6264,7
mech:planning fallacy,Mechanism,planning fallacy,12
row:6265,Row,S6265,6
row:6266,Row,S6266,6
row:6267,Row,S6267,7
row:6268,Row,S6268,6
row:6269,Row,S6269,6
row:6270,Row,S6270,6
sub:Planning & Problem Solving|Fixing a failing subject,Subtopic,Fixing a failing subject,20
mech:root cause analysis,Mechanism,root cause analysis,16
row:6271,Row,S6271,7
mech:batching,Mechanism,batching,16
row:6272,Row,S6272,6
row:6273,Row,S6273,6
row:6274,Row,S6274,6
row:6275,Row,S6275,6
row:6276,Row,S6276,6
row:6277,Row,S6277,6
mech:accountability partner,Mechanism,accountability partner,18
row:6278,Row,S6278,6
row:6279,Row,S6279,7
row:6280,Row,S6280,7
sub:Planning & Problem Solving|Choosing subjects or stream,Subtopic,Choosing subjects or stream,20
mech:decision matrix,Mechanism,decision matrix,16
row:6281,Row,S6281,9
mech:values-first planning,Mechanism,values-first planning,56
row:6282,Row,S6282,6
row:6283,Row,S6283,6
row:6284,Row,S6284,6
row:6285,Row,S6285,8
row:6286,Row,S6286,6
row:6287,Row,S6287,6
row:6288,Row,S6288,7
mech:analysis paralysis,Mechanism,analysis paralysis,10
row:6289,Row,S6289,7
row:6290,Row,S6290,6
"sub:Planning & Problem Solving|Balancing study, sport and screens",Subtopic,"Balancing study, sport and screens",18
row:6291,Row,S6291,6
row:6292,Row,S6292,6
row:6293,Row,S6293,6
row:6294,Row,S6294,6
row:6295,Row,S6295,6
row:6296,Row,S6296,6
row:6297,Row,S6297,7
row:6298,Row,S6298,7
row:6299,Row,S6299,6
sub:Planning & Problem Solving|Planning last-month revision,Subtopic,Planning last-month revision,20
row:6300,Row,S6300,6
row:6301,Row,S6301,6
mech:first principles,Mechanism,first principles,8
row:6302,Row,S6302,6
row:6303,Row,S6303,6
row:6304,Row,S6304,7
row:6305,Row,S6305,6
row:6306,Row,S6306,6
row:6307,Row,S6307,6
row:6308,Row,S6308,7
row:6309,Row,S6309,8
sub:Planning & Problem Solving|Conflict with a best friend,Subtopic,Conflict with a best friend,20
row:6310,Row,S6310,6
row:6311,Row,S6311,10
row:6312,Row,S6312,6
row:6313,Row,S6313,7
row:6314,Row,S6314,6
row:6315,Row,S6315,6
row:6316,Row,S6316,9
row:6317,Row,S6317,7
row:6318,Row,S6318,7
row:6319,Row,S6319,7
sub:Planning & Problem Solving|Asking a crush out respectfully,Subtopic,Asking a crush out respectfully,20
row:6320,Row,S6320,7
row:6321,Row,S6321,7
row:6322,Row,S6322,7
row:6323,Row,S6323,8
row:6324,Row,S6324,6
row:6325,Row,S6325,7
row:6326,Row,S6326,6
row:6327,Row,S6327,8
row:6328,Row,S6328,7
row:6329,Row,S6329,7
sub:Planning & Problem Solving|Facing peer pressure to do something unsafe,Subtopic,Facing peer pressure to do something unsafe,20
row:6330,Row,S6330,7
row:6331,Row,S6331,9
row:6332,Row,S6332,7
row:6333,Row,S6333,7
mech:inversion,Mechanism,inversion,12
row:6334,Row,S6334,8
row:6335,Row,S6335,7
row:6336,Row,S6336,6
row:6337,Row,S6337,6
row:6338,Row,S6338,7
row:6339,Row,S6339,8
sub:Planning & Problem Solving|Negotiating more freedom with parents,Subtopic,Negotiating more freedom with parents,20
row:6340,Row,S6340,6
row:6341,Row,S6341,6
row:6342,Row,S6342,7
row:6343,Row,S6343,8
row:6344,Row,S6344,8
row:6345,Row,S6345,8
row:6346,Row,S6346,7
row:6347,Row,S6347,7
row:6348,Row,S6348,6
row:6349,Row,S6349,7
sub:Planning & Problem Solving|Handling a family financial squeeze,Subtopic,Handling a family financial squeeze,20
row:6350,Row,S6350,6
row:6351,Row,S6351,7
row:6352,Row,S6352,6
row:6353,Row,S6353,6
row:6354,Row,S6354,7
row:6355,Row,S6355,7
row:6356,Row,S6356,8
row:6357,Row,S6357,6
row:6358,Row,S6358,8
row:6359,Row,S6359,6
sub:Planning & Problem Solving|Planning a party or event,Subtopic,Planning a party or event,20
row:6360,Row,S6360,6
row:6361,Row,S6361,6
row:6362,Row,S6362,6
row:6363,Row,S6363,7
row:6364,Row,S6364,6
row:6365,Row,S6365,7
row:6366,Row,S6366,7
row:6367,Row,S6367,6
row:6368,Row,S6368,7
row:6369,Row,S6369,6
sub:Planning & Problem Solving|Running for school election,Subtopic,Running for school election,20
row:6370,Row,S6370,6
row:6371,Row,S6371,6
row:6372,Row,S6372,6
row:6373,Row,S6373,6
row:6374,Row,S6374,7
row:6375,Row,S6375,7
row:6376,Row,S6376,8
row:6377,Row,S6377,6
row:6378,Row,S6378,6
row:6379,Row,S6379,7
sub:Planning & Problem Solving|Leading a group project,Subtopic,Leading a group project,20
row:6380,Row,S6380,7
row:6381,Row,S6381,8
row:6382,Row,S6382,6
row:6383,Row,S6383,6
row:6384,Row,S6384,6
row:6385,Row,S6385,6
row:6386,Row,S6386,7
mech:groupthink planning,Mechanism,groupthink planning,10
row:6387,Row,S6387,6
row:6388,Row,S6388,6
row:6389,Row,S6389,6
sub:Planning & Problem Solving|Handling a bullying situation,Subtopic,Handling a bullying situation,20
row:6390,Row,S6390,7
row:6391,Row,S6391,8
row:6392,Row,S6392,7
row:6393,Row,S6393,8
row:6394,Row,S6394,8
row:6395,Row,S6395,7
row:6396,Row,S6396,6
row:6397,Row,S6397,7
row:6398,Row,S6398,6
row:6399,Row,S6399,6
sub:Planning & Problem Solving|Repairing sleep and routine,Subtopic,Repairing sleep and routine,20
row:6400,Row,S6400,6
row:6401,Row,S6401,7
mech:sleeping on it,Mechanism,sleeping on it,20
row:6402,Row,S6402,6
row:6403,Row,S6403,7
row:6404,Row,S6404,6
row:6405,Row,S6405,6
row:6406,Row,S6406,6
row:6407,Row,S6407,6
row:6408,Row,S6408,7
row:6409,Row,S6409,9
sub:Planning & Problem Solving|Coping with exam failure,Subtopic,Coping with exam failure,20
row:6410,Row,S6410,6
row:6411,Row,S6411,6
row:6412,Row,S6412,9
row:6413,Row,S6413,9
row:6414,Row,S6414,6
row:6415,Row,S6415,6
row:6416,Row,S6416,6
row:6417,Row,S6417,8
row:6418,Row,S6418,6
row:6419,Row,S6419,6
sub:Planning & Problem Solving|Deciding whether to join a protest,Subtopic,Deciding whether to join a protest,20
row:6420,Row,S6420,7
row:6421,Row,S6421,8
row:6422,Row,S6422,8
row:6423,Row,S6423,9
row:6424,Row,S6424,7
row:6425,Row,S6425,7
row:6426,Row,S6426,9
row:6427,Row,S6427,7
row:6428,Row,S6428,7
row:6429,Row,S6429,6
sub:Planning & Problem Solving|Duty versus personal desire,Subtopic,Duty versus personal desire,20
row:6430,Row,S6430,6
row:6431,Row,S6431,7
row:6432,Row,S6432,7
row:6433,Row,S6433,7
row:6434,Row,S6434,6
row:6435,Row,S6435,7
row:6436,Row,S6436,8
row:6437,Row,S6437,6
row:6438,Row,S6438,6
row:6439,Row,S6439,7
sub:Planning & Problem Solving|Planning a first part-time gig,Subtopic,Planning a first part-time gig,20
row:6440,Row,S6440,7
row:6441,Row,S6441,8
row:6442,Row,S6442,6
row:6443,Row,S6443,6
row:6444,Row,S6444,7
row:6445,Row,S6445,6
row:6446,Row,S6446,6
row:6447,Row,S6447,8
row:6448,Row,S6448,6
row:6449,Row,S6449,6
sub:Planning & Problem Solving|Managing coaching class overload,Subtopic,Managing coaching class overload,20
row:6450,Row,S6450,6
row:6451,Row,S6451,8
row:6452,Row,S6452,6
row:6453,Row,S6453,7
row:6454,Row,S6454,7
row:6455,Row,S6455,7
row:6456,Row,S6456,6
row:6457,Row,S6457,6
row:6458,Row,S6458,6
row:6459,Row,S6459,6
sub:Planning & Problem Solving|Choosing a career path,Subtopic,Choosing a career path,22
row:6460,Row,S6460,7
row:6461,Row,S6461,6
row:6462,Row,S6462,7
row:6463,Row,S6463,6
row:6464,Row,S6464,6
row:6465,Row,S6465,7
row:6466,Row,S6466,6
row:6467,Row,S6467,6
row:6468,Row,S6468,6
row:6469,Row,S6469,6
row:6470,Row,S6470,6
sub:Planning & Problem Solving|Entrance exam and backup plans,Subtopic,Entrance exam and backup plans,22
row:6471,Row,S6471,6
row:6472,Row,S6472,6
row:6473,Row,S6473,6
row:6474,Row,S6474,6
row:6475,Row,S6475,6
row:6476,Row,S6476,6
row:6477,Row,S6477,6
row:6478,Row,S6478,6
row:6479,Row,S6479,7
row:6480,Row,S6480,6
row:6481,Row,S6481,6
sub:Planning & Problem Solving|Learning to code from the internet,Subtopic,Learning to code from the internet,20
row:6482,Row,S6482,6
row:6483,Row,S6483,6
row:6484,Row,S6484,7
row:6485,Row,S6485,6
row:6486,Row,S6486,6
row:6487,Row,S6487,7
row:6488,Row,S6488,6
row:6489,Row,S6489,6
row:6490,Row,S6490,6
row:6491,Row,S6491,6
sub:Planning & Problem Solving|Building a small online project,Subtopic,Building a small online project,20
row:6492,Row,S6492,6
row:6493,Row,S6493,6
mech:constraint-based thinking,Mechanism,constraint-based thinking,16
row:6494,Row,S6494,7
row:6495,Row,S6495,6
row:6496,Row,S6496,7
row:6497,Row,S6497,8
row:6498,Row,S6498,6
row:6499,Row,S6499,7
row:6500,Row,S6500,6
row:6501,Row,S6501,7
sub:Planning & Problem Solving|Phone scam or phishing attempt,Subtopic,Phone scam or phishing attempt,20
row:6502,Row,S6502,7
row:6503,Row,S6503,6
row:6504,Row,S6504,7
row:6505,Row,S6505,7
row:6506,Row,S6506,7
row:6507,Row,S6507,9
row:6508,Row,S6508,6
row:6509,Row,S6509,7
row:6510,Row,S6510,6
row:6511,Row,S6511,8
sub:Planning & Problem Solving|Handling a leaked photo or online harassment,Subtopic,Handling a leaked photo or online harassment,20
row:6512,Row,S6512,6
row:6513,Row,S6513,8
row:6514,Row,S6514,7
row:6515,Row,S6515,7
row:6516,Row,S6516,7
row:6517,Row,S6517,6
row:6518,Row,S6518,7
row:6519,Row,S6519,7
row:6520,Row,S6520,6
row:6521,Row,S6521,9
sub:Planning & Problem Solving|Repairing screen addiction,Subtopic,Repairing screen addiction,20
row:6522,Row,S6522,8
row:6523,Row,S6523,6
row:6524,Row,S6524,6
row:6525,Row,S6525,6
row:6526,Row,S6526,7
row:6527,Row,S6527,6
row:6528,Row,S6528,6
row:6529,Row,S6529,8
row:6530,Row,S6530,6
row:6531,Row,S6531,6
sub:Planning & Problem Solving|Reaching a fitness or sports goal,Subtopic,Reaching a fitness or sports goal,20
row:6532,Row,S6532,7
row:6533,Row,S6533,6
row:6534,Row,S6534,6
row:6535,Row,S6535,6
row:6536,Row,S6536,6
row:6537,Row,S6537,7
row:6538,Row,S6538,6
row:6539,Row,S6539,6
row:6540,Row,S6540,7
row:6541,Row,S6541,7
sub:Planning & Problem Solving|Supporting a friend in crisis,Subtopic,Supporting a friend in crisis,20
row:6542,Row,S6542,7
row:6543,Row,S6543,7
row:6544,Row,S6544,8
row:6545,Row,S6545,6
row:6546,Row,S6546,6
row:6547,Row,S6547,8
row:6548,Row,S6548,8
row:6549,Row,S6549,6
row:6550,Row,S6550,8
row:6551,Row,S6551,9
sub:Planning & Problem Solving|Responding to a natural disaster or accident,Subtopic,Responding to a natural disaster or accident,20
row:6552,Row,S6552,6
row:6553,Row,S6553,9
row:6554,Row,S6554,7
row:6555,Row,S6555,7
row:6556,Row,S6556,8
row:6557,Row,S6557,7
row:6558,Row,S6558,7
row:6559,Row,S6559,7
row:6560,Row,S6560,9
row:6561,Row,S6561,6
sub:Planning & Problem Solving|Moving to a new city for study,Subtopic,Moving to a new city for study,20
row:6562,Row,S6562,7
row:6563,Row,S6563,7
row:6564,Row,S6564,8
row:6565,Row,S6565,7
row:6566,Row,S6566,7
row:6567,Row,S6567,7
row:6568,Row,S6568,6
row:6569,Row,S6569,6
row:6570,Row,S6570,7
row:6571,Row,S6571,6
sub:Planning & Problem Solving|Saving from allowance,Subtopic,Saving from allowance,20
row:6572,Row,S6572,6
row:6573,Row,S6573,6
row:6574,Row,S6574,6
row:6575,Row,S6575,6
row:6576,Row,S6576,6
row:6577,Row,S6577,7
row:6578,Row,S6578,6
row:6579,Row,S6579,6
row:6580,Row,S6580,6
row:6581,Row,S6581,7
sub:Planning & Problem Solving|Deciding whether to report a cheating friend,Subtopic,Deciding whether to report a cheating friend,20
row:6582,Row,S6582,7
row:6583,Row,S6583,7
row:6584,Row,S6584,6
row:6585,Row,S6585,8
row:6586,Row,S6586,7
row:6587,Row,S6587,8
row:6588,Row,S6588,6
row:6589,Row,S6589,6
row:6590,Row,S6590,6
row:6591,Row,S6591,6
sub:Planning & Problem Solving|Managing a social media presence,Subtopic,Managing a social media presence,20
row:6592,Row,S6592,8
row:6593,Row,S6593,7
row:6594,Row,S6594,6
row:6595,Row,S6595,8
row:6596,Row,S6596,6
row:6597,Row,S6597,7
row:6598,Row,S6598,6
row:6599,Row,S6599,7
row:6600,Row,S6600,8
row:6601,Row,S6601,6
sub:Planning & Problem Solving|Planning a trip on a budget,Subtopic,Planning a trip on a budget,20
row:6602,Row,S6602,7
row:6603,Row,S6603,7
row:6604,Row,S6604,8
row:6605,Row,S6605,6
row:6606,Row,S6606,7
row:6607,Row,S6607,6
row:6608,Row,S6608,6
row:6609,Row,S6609,6
row:6610,Row,S6610,6
row:6611,Row,S6611,6
sub:Planning & Problem Solving|Deciding about a relationship boundary,Subtopic,Deciding about a relationship boundary,20
row:6612,Row,S6612,7
row:6613,Row,S6613,7
row:6614,Row,S6614,8
row:6615,Row,S6615,7
row:6616,Row,S6616,8
row:6617,Row,S6617,6
row:6618,Row,S6618,6
row:6619,Row,S6619,7
row:6620,Row,S6620,7
row:6621,Row,S6621,8
sub:Planning & Problem Solving|Handling a sudden bereavement,Subtopic,Handling a sudden bereavement,20
row:6622,Row,S6622,7
row:6623,Row,S6623,8
row:6624,Row,S6624,6
row:6625,Row,S6625,7
row:6626,Row,S6626,8
row:6627,Row,S6627,6
row:6628,Row,S6628,8
row:6629,Row,S6629,8
row:6630,Row,S6630,6
row:6631,Row,S6631,6
sub:Planning & Problem Solving|Preparing for a science or robotics competition,Subtopic,Preparing for a science or robotics competition,20
row:6632,Row,S6632,6
row:6633,Row,S6633,6
row:6634,Row,S6634,6
row:6635,Row,S6635,7
row:6636,Row,S6636,6
row:6637,Row,S6637,6
row:6638,Row,S6638,6
row:6639,Row,S6639,6
row:6640,Row,S6640,8
row:6641,Row,S6641,6
sub:Planning & Problem Solving|Using AI tools for learning without cheating,Subtopic,Using AI tools for learning without cheating,20
row:6642,Row,S6642,6
row:6643,Row,S6643,6
row:6644,Row,S6644,6
row:6645,Row,S6645,6
row:6646,Row,S6646,6
row:6647,Row,S6647,7
row:6648,Row,S6648,6
row:6649,Row,S6649,6
row:6650,Row,S6650,6
row:6651,Row,S6651,6
sub:Planning & Problem Solving|Landing a first job,Subtopic,Landing a first job,20
row:6652,Row,S6652,6
row:6653,Row,S6653,6
row:6654,Row,S6654,6
row:6655,Row,S6655,6
row:6656,Row,S6656,6
row:6657,Row,S6657,7
mech:satisficing,Mechanism,satisficing,14
row:6658,Row,S6658,7
row:6659,Row,S6659,6
row:6660,Row,S6660,6
row:6661,Row,S6661,6
sub:Planning & Problem Solving|Preparing for placement interviews,Subtopic,Preparing for placement interviews,20
mech:means-end analysis,Mechanism,means-end analysis,4
row:6662,Row,S6662,6
row:6663,Row,S6663,7
row:6664,Row,S6664,6
row:6665,Row,S6665,6
row:6666,Row,S6666,6
row:6667,Row,S6667,7
row:6668,Row,S6668,6
row:6669,Row,S6669,7
row:6670,Row,S6670,6
row:6671,Row,S6671,6
sub:Planning & Problem Solving|Choosing between two job offers,Subtopic,Choosing between two job offers,20
row:6672,Row,S6672,6
row:6673,Row,S6673,6
row:6674,Row,S6674,6
row:6675,Row,S6675,6
row:6676,Row,S6676,6
row:6677,Row,S6677,7
row:6678,Row,S6678,6
row:6679,Row,S6679,6
row:6680,Row,S6680,6
row:6681,Row,S6681,6
sub:Planning & Problem Solving|Final-year project with a team,Subtopic,Final-year project with a team,20
row:6682,Row,S6682,6
row:6683,Row,S6683,6
row:6684,Row,S6684,6
row:6685,Row,S6685,7
row:6686,Row,S6686,7
row:6687,Row,S6687,6
row:6688,Row,S6688,7
row:6689,Row,S6689,6
row:6690,Row,S6690,6
row:6691,Row,S6691,7
sub:Planning & Problem Solving|Startup idea in college,Subtopic,Startup idea in college,20
row:6692,Row,S6692,6
row:6693,Row,S6693,6
row:6694,Row,S6694,9
row:6695,Row,S6695,6
row:6696,Row,S6696,6
row:6697,Row,S6697,7
row:6698,Row,S6698,6
row:6699,Row,S6699,6
row:6700,Row,S6700,7
row:6701,Row,S6701,6
sub:Planning & Problem Solving|Preparing for a competitive exam,Subtopic,Preparing for a competitive exam,20
row:6702,Row,S6702,6
row:6703,Row,S6703,6
row:6704,Row,S6704,6
row:6705,Row,S6705,7
row:6706,Row,S6706,6
row:6707,Row,S6707,6
row:6708,Row,S6708,6
row:6709,Row,S6709,6
row:6710,Row,S6710,6
row:6711,Row,S6711,6
sub:Planning & Problem Solving|Recovering from a failed semester,Subtopic,Recovering from a failed semester,20
row:6712,Row,S6712,6
row:6713,Row,S6713,7
row:6714,Row,S6714,6
row:6715,Row,S6715,6
row:6716,Row,S6716,7
row:6717,Row,S6717,6
row:6718,Row,S6718,7
row:6719,Row,S6719,6
row:6720,Row,S6720,6
row:6721,Row,S6721,6
sub:Planning & Problem Solving|Learning a new technology fast,Subtopic,Learning a new technology fast,20
row:6722,Row,S6722,6
row:6723,Row,S6723,6
row:6724,Row,S6724,6
row:6725,Row,S6725,6
row:6726,Row,S6726,6
row:6727,Row,S6727,6
row:6728,Row,S6728,6
row:6729,Row,S6729,6
row:6730,Row,S6730,6
row:6731,Row,S6731,6
sub:Planning & Problem Solving|Building a portfolio,Subtopic,Building a portfolio,20
row:6732,Row,S6732,6
row:6733,Row,S6733,6
row:6734,Row,S6734,6
row:6735,Row,S6735,7
row:6736,Row,S6736,6
row:6737,Row,S6737,6
row:6738,Row,S6738,6
row:6739,Row,S6739,6
row:6740,Row,S6740,6
row:6741,Row,S6741,7
sub:Planning & Problem Solving|Networking with a stranger,Subtopic,Networking with a stranger,20
row:6742,Row,S6742,6
row:6743,Row,S6743,6
row:6744,Row,S6744,7
row:6745,Row,S6745,8
row:6746,Row,S6746,6
row:6747,Row,S6747,7
row:6748,Row,S6748,6
row:6749,Row,S6749,6
row:6750,Row,S6750,7
row:6751,Row,S6751,6
sub:Planning & Problem Solving|Long-distance relationship,Subtopic,Long-distance relationship,20
row:6752,Row,S6752,6
row:6753,Row,S6753,8
row:6754,Row,S6754,7
row:6755,Row,S6755,6
row:6756,Row,S6756,6
row:6757,Row,S6757,9
row:6758,Row,S6758,6
row:6759,Row,S6759,6
row:6760,Row,S6760,7
row:6761,Row,S6761,6
sub:Planning & Problem Solving|Moving on after a breakup,Subtopic,Moving on after a breakup,20
row:6762,Row,S6762,8
row:6763,Row,S6763,7
row:6764,Row,S6764,6
row:6765,Row,S6765,8
row:6766,Row,S6766,6
row:6767,Row,S6767,7
row:6768,Row,S6768,6
row:6769,Row,S6769,7
row:6770,Row,S6770,7
row:6771,Row,S6771,6
sub:Planning & Problem Solving|Roommate disagreement over shared space,Subtopic,Roommate disagreement over shared space,20
row:6772,Row,S6772,7
row:6773,Row,S6773,6
row:6774,Row,S6774,7
row:6775,Row,S6775,6
row:6776,Row,S6776,7
row:6777,Row,S6777,7
row:6778,Row,S6778,8
row:6779,Row,S6779,6
row:6780,Row,S6780,6
row:6781,Row,S6781,6
sub:Planning & Problem Solving|Planning a trip with friends,Subtopic,Planning a trip with friends,20
row:6782,Row,S6782,6
row:6783,Row,S6783,6
row:6784,Row,S6784,7
row:6785,Row,S6785,6
row:6786,Row,S6786,6
row:6787,Row,S6787,6
row:6788,Row,S6788,7
row:6789,Row,S6789,8
row:6790,Row,S6790,6
row:6791,Row,S6791,7
sub:Planning & Problem Solving|Asking a professor for help,Subtopic,Asking a professor for help,20
row:6792,Row,S6792,7
row:6793,Row,S6793,8
row:6794,Row,S6794,7
row:6795,Row,S6795,7
row:6796,Row,S6796,6
row:6797,Row,S6797,6
row:6798,Row,S6798,7
row:6799,Row,S6799,7
row:6800,Row,S6800,6
row:6801,Row,S6801,6
sub:Planning & Problem Solving|Managing time in a heavy semester,Subtopic,Managing time in a heavy semester,20
row:6802,Row,S6802,7
row:6803,Row,S6803,6
row:6804,Row,S6804,6
row:6805,Row,S6805,6
row:6806,Row,S6806,8
row:6807,Row,S6807,6
row:6808,Row,S6808,7
row:6809,Row,S6809,6
row:6810,Row,S6810,6
row:6811,Row,S6811,6
sub:Planning & Problem Solving|Giving a big presentation,Subtopic,Giving a big presentation,20
row:6812,Row,S6812,6
row:6813,Row,S6813,6
row:6814,Row,S6814,8
row:6815,Row,S6815,7
row:6816,Row,S6816,7
row:6817,Row,S6817,6
row:6818,Row,S6818,6
row:6819,Row,S6819,6
row:6820,Row,S6820,7
row:6821,Row,S6821,6
sub:Planning & Problem Solving|Talking with parents about marriage pressure,Subtopic,Talking with parents about marriage pressure,20
row:6822,Row,S6822,8
row:6823,Row,S6823,9
row:6824,Row,S6824,6
row:6825,Row,S6825,8
row:6826,Row,S6826,8
row:6827,Row,S6827,6
row:6828,Row,S6828,6
row:6829,Row,S6829,8
row:6830,Row,S6830,7
row:6831,Row,S6831,6
sub:Planning & Problem Solving|Mentoring a junior,Subtopic,Mentoring a junior,20
row:6832,Row,S6832,6
row:6833,Row,S6833,6
row:6834,Row,S6834,6
row:6835,Row,S6835,7
row:6836,Row,S6836,7
row:6837,Row,S6837,8
row:6838,Row,S6838,6
row:6839,Row,S6839,6
row:6840,Row,S6840,6
row:6841,Row,S6841,6
sub:Planning & Problem Solving|Planning side income,Subtopic,Planning side income,20
row:6842,Row,S6842,6
row:6843,Row,S6843,6
row:6844,Row,S6844,6
row:6845,Row,S6845,7
row:6846,Row,S6846,6
row:6847,Row,S6847,6
row:6848,Row,S6848,7
row:6849,Row,S6849,6
row:6850,Row,S6850,6
row:6851,Row,S6851,6
sub:Planning & Problem Solving|Budgeting a first salary,Subtopic,Budgeting a first salary,24
row:6852,Row,S6852,6
row:6853,Row,S6853,6
row:6854,Row,S6854,6
row:6855,Row,S6855,6
row:6856,Row,S6856,7
row:6857,Row,S6857,6
row:6858,Row,S6858,6
row:6859,Row,S6859,6
row:6860,Row,S6860,6
row:6861,Row,S6861,7
row:6862,Row,S6862,7
row:6863,Row,S6863,6
sub:Planning & Problem Solving|Planning education loan repayment,Subtopic,Planning education loan repayment,22
row:6864,Row,S6864,7
row:6865,Row,S6865,7
row:6866,Row,S6866,8
row:6867,Row,S6867,6
row:6868,Row,S6868,6
row:6869,Row,S6869,8
row:6870,Row,S6870,8
row:6871,Row,S6871,6
row:6872,Row,S6872,6
row:6873,Row,S6873,6
row:6874,Row,S6874,6
sub:Planning & Problem Solving|Avoiding a scam investment,Subtopic,Avoiding a scam investment,20
row:6875,Row,S6875,7
row:6876,Row,S6876,8
row:6877,Row,S6877,6
row:6878,Row,S6878,7
row:6879,Row,S6879,7
row:6880,Row,S6880,7
row:6881,Row,S6881,6
row:6882,Row,S6882,8
row:6883,Row,S6883,6
row:6884,Row,S6884,8
sub:Planning & Problem Solving|Handling a sudden job loss,Subtopic,Handling a sudden job loss,20
row:6885,Row,S6885,7
row:6886,Row,S6886,7
row:6887,Row,S6887,6
row:6888,Row,S6888,8
row:6889,Row,S6889,7
row:6890,Row,S6890,6
row:6891,Row,S6891,6
row:6892,Row,S6892,6
row:6893,Row,S6893,6
row:6894,Row,S6894,6
sub:Planning & Problem Solving|Moving to a new city on limited money,Subtopic,Moving to a new city on limited money,20
row:6895,Row,S6895,6
row:6896,Row,S6896,7
row:6897,Row,S6897,6
row:6898,Row,S6898,8
row:6899,Row,S6899,6
row:6900,Row,S6900,6
row:6901,Row,S6901,7
row:6902,Row,S6902,7
row:6903,Row,S6903,6
row:6904,Row,S6904,6
sub:Planning & Problem Solving|Responding to a health scare,Subtopic,Responding to a health scare,20
row:6905,Row,S6905,6
row:6906,Row,S6906,9
row:6907,Row,S6907,7
row:6908,Row,S6908,6
row:6909,Row,S6909,6
row:6910,Row,S6910,7
row:6911,Row,S6911,7
row:6912,Row,S6912,6
row:6913,Row,S6913,6
row:6914,Row,S6914,7
sub:Planning & Problem Solving|Coping with a mental-health dip,Subtopic,Coping with a mental-health dip,20
row:6915,Row,S6915,8
row:6916,Row,S6916,6
row:6917,Row,S6917,7
row:6918,Row,S6918,6
row:6919,Row,S6919,8
row:6920,Row,S6920,7
row:6921,Row,S6921,9
row:6922,Row,S6922,6
row:6923,Row,S6923,6
row:6924,Row,S6924,7
sub:Planning & Problem Solving|Refusing an unethical boss demand,Subtopic,Refusing an unethical boss demand,20
row:6925,Row,S6925,7
row:6926,Row,S6926,8
row:6927,Row,S6927,6
row:6928,Row,S6928,7
row:6929,Row,S6929,6
row:6930,Row,S6930,6
row:6931,Row,S6931,8
row:6932,Row,S6932,6
row:6933,Row,S6933,6
row:6934,Row,S6934,6
sub:Planning & Problem Solving|Deciding whether to whistleblow,Subtopic,Deciding whether to whistleblow,20
row:6935,Row,S6935,6
row:6936,Row,S6936,9
row:6937,Row,S6937,7
row:6938,Row,S6938,6
row:6939,Row,S6939,7
row:6940,Row,S6940,6
row:6941,Row,S6941,6
row:6942,Row,S6942,7
row:6943,Row,S6943,7
row:6944,Row,S6944,9
sub:Planning & Problem Solving|Arguing politics with family,Subtopic,Arguing politics with family,20
row:6945,Row,S6945,6
row:6946,Row,S6946,7
row:6947,Row,S6947,8
row:6948,Row,S6948,11
row:6949,Row,S6949,6
row:6950,Row,S6950,6
row:6951,Row,S6951,6
row:6952,Row,S6952,6
row:6953,Row,S6953,7
row:6954,Row,S6954,6
sub:Planning & Problem Solving|Responding to a data breach,Subtopic,Responding to a data breach,20
row:6955,Row,S6955,7
row:6956,Row,S6956,6
row:6957,Row,S6957,7
row:6958,Row,S6958,7
row:6959,Row,S6959,7
row:6960,Row,S6960,6
row:6961,Row,S6961,6
row:6962,Row,S6962,7
row:6963,Row,S6963,6
row:6964,Row,S6964,6
sub:Planning & Problem Solving|Using AI tools responsibly,Subtopic,Using AI tools responsibly,20
row:6965,Row,S6965,6
row:6966,Row,S6966,6
row:6967,Row,S6967,6
row:6968,Row,S6968,6
row:6969,Row,S6969,8
row:6970,Row,S6970,7
row:6971,Row,S6971,6
row:6972,Row,S6972,6
row:6973,Row,S6973,6
row:6974,Row,S6974,7
sub:Planning & Problem Solving|Facing an online pile-on,Subtopic,Facing an online pile-on,20
row:6975,Row,S6975,8
row:6976,Row,S6976,6
row:6977,Row,S6977,8
row:6978,Row,S6978,6
row:6979,Row,S6979,6
row:6980,Row,S6980,9
row:6981,Row,S6981,6
row:6982,Row,S6982,6
row:6983,Row,S6983,7
row:6984,Row,S6984,8
sub:Planning & Problem Solving|Deciding whether to quit or persist,Subtopic,Deciding whether to quit or persist,20
row:6985,Row,S6985,7
row:6986,Row,S6986,6
row:6987,Row,S6987,6
row:6988,Row,S6988,8
row:6989,Row,S6989,6
row:6990,Row,S6990,7
row:6991,Row,S6991,6
row:6992,Row,S6992,6
row:6993,Row,S6993,6
row:6994,Row,S6994,6
sub:Planning & Problem Solving|Caring for a sick parent while studying,Subtopic,Caring for a sick parent while studying,20
row:6995,Row,S6995,6
row:6996,Row,S6996,7
row:6997,Row,S6997,6
row:6998,Row,S6998,7
row:6999,Row,S6999,6
row:7000,Row,S7000,8
row:7001,Row,S7001,6
row:7002,Row,S7002,7
row:7003,Row,S7003,7
row:7004,Row,S7004,6
sub:Planning & Problem Solving|Building a fitness habit,Subtopic,Building a fitness habit,20
row:7005,Row,S7005,6
row:7006,Row,S7006,6
row:7007,Row,S7007,6
row:7008,Row,S7008,6
row:7009,Row,S7009,7
row:7010,Row,S7010,6
row:7011,Row,S7011,6
row:7012,Row,S7012,6
row:7013,Row,S7013,8
row:7014,Row,S7014,7
sub:Planning & Problem Solving|Planning a career switch,Subtopic,Planning a career switch,20
row:7015,Row,S7015,6
row:7016,Row,S7016,7
row:7017,Row,S7017,7
row:7018,Row,S7018,6
row:7019,Row,S7019,6
row:7020,Row,S7020,6
row:7021,Row,S7021,6
row:7022,Row,S7022,6
row:7023,Row,S7023,7
row:7024,Row,S7024,9
sub:Planning & Problem Solving|Handling a road accident,Subtopic,Handling a road accident,20
row:7025,Row,S7025,9
row:7026,Row,S7026,7
row:7027,Row,S7027,6
row:7028,Row,S7028,8
row:7029,Row,S7029,6
row:7030,Row,S7030,6
row:7031,Row,S7031,8
row:7032,Row,S7032,6
row:7033,Row,S7033,7
row:7034,Row,S7034,7
sub:Planning & Problem Solving|Surviving a natural disaster,Subtopic,Surviving a natural disaster,20
row:7035,Row,S7035,6
row:7036,Row,S7036,8
row:7037,Row,S7037,7
row:7038,Row,S7038,7
row:7039,Row,S7039,11
row:7040,Row,S7040,6
row:7041,Row,S7041,7
row:7042,Row,S7042,6
row:7043,Row,S7043,7
row:7044,Row,S7044,8
sub:Planning & Problem Solving|Resisting a high-control group,Subtopic,Resisting a high-control group,20
row:7045,Row,S7045,6
row:7046,Row,S7046,6
row:7047,Row,S7047,6
row:7048,Row,S7048,6
row:7049,Row,S7049,10
row:7050,Row,S7050,8
row:7051,Row,S7051,8
row:7052,Row,S7052,6
row:7053,Row,S7053,6
row:7054,Row,S7054,6
sub:Planning & Problem Solving|Leading a first project,Subtopic,Leading a first project,24
row:7055,Row,S7055,6
row:7056,Row,S7056,6
row:7057,Row,S7057,6
row:7058,Row,S7058,6
row:7059,Row,S7059,7
row:7060,Row,S7060,8
row:7061,Row,S7061,6
row:7062,Row,S7062,6
row:7063,Row,S7063,6
row:7064,Row,S7064,6
row:7065,Row,S7065,6
row:7066,Row,S7066,7
sub:Planning & Problem Solving|An unrealistic deadline from a manager,Subtopic,An unrealistic deadline from a manager,18
row:7067,Row,S7067,6
row:7068,Row,S7068,6
row:7069,Row,S7069,6
row:7070,Row,S7070,7
row:7071,Row,S7071,6
row:7072,Row,S7072,6
row:7073,Row,S7073,7
row:7074,Row,S7074,6
row:7075,Row,S7075,6
sub:Planning & Problem Solving|Delivering bad news to a client,Subtopic,Delivering bad news to a client,20
row:7076,Row,S7076,8
row:7077,Row,S7077,6
row:7078,Row,S7078,7
row:7079,Row,S7079,6
row:7080,Row,S7080,6
row:7081,Row,S7081,7
row:7082,Row,S7082,6
row:7083,Row,S7083,6
row:7084,Row,S7084,7
row:7085,Row,S7085,6
sub:Planning & Problem Solving|A conflict between two team members,Subtopic,A conflict between two team members,20
row:7086,Row,S7086,6
row:7087,Row,S7087,6
row:7088,Row,S7088,6
row:7089,Row,S7089,7
row:7090,Row,S7090,8
row:7091,Row,S7091,7
row:7092,Row,S7092,6
row:7093,Row,S7093,6
row:7094,Row,S7094,6
row:7095,Row,S7095,6
sub:Planning & Problem Solving|Planning a promotion,Subtopic,Planning a promotion,20
row:7096,Row,S7096,6
row:7097,Row,S7097,7
row:7098,Row,S7098,6
row:7099,Row,S7099,6
row:7100,Row,S7100,6
row:7101,Row,S7101,6
row:7102,Row,S7102,6
row:7103,Row,S7103,6
row:7104,Row,S7104,7
row:7105,Row,S7105,6
sub:Planning & Problem Solving|Negotiating salary,Subtopic,Negotiating salary,20
row:7106,Row,S7106,6
row:7107,Row,S7107,7
row:7108,Row,S7108,7
row:7109,Row,S7109,8
row:7110,Row,S7110,6
row:7111,Row,S7111,6
row:7112,Row,S7112,6
row:7113,Row,S7113,6
row:7114,Row,S7114,6
row:7115,Row,S7115,6
sub:Planning & Problem Solving|Handling an underperforming junior,Subtopic,Handling an underperforming junior,18
row:7116,Row,S7116,7
row:7117,Row,S7117,6
row:7118,Row,S7118,6
row:7119,Row,S7119,6
row:7120,Row,S7120,8
row:7121,Row,S7121,6
row:7122,Row,S7122,6
row:7123,Row,S7123,8
row:7124,Row,S7124,6
sub:Planning & Problem Solving|Planning a wedding and family expectations,Subtopic,Planning a wedding and family expectations,18
row:7125,Row,S7125,6
row:7126,Row,S7126,9
row:7127,Row,S7127,6
row:7128,Row,S7128,7
row:7129,Row,S7129,6
row:7130,Row,S7130,6
row:7131,Row,S7131,7
row:7132,Row,S7132,6
row:7133,Row,S7133,6
sub:Planning & Problem Solving|Merging finances with a partner,Subtopic,Merging finances with a partner,18
row:7134,Row,S7134,6
row:7135,Row,S7135,6
row:7136,Row,S7136,6
row:7137,Row,S7137,6
row:7138,Row,S7138,7
row:7139,Row,S7139,6
row:7140,Row,S7140,6
row:7141,Row,S7141,6
row:7142,Row,S7142,6
sub:Planning & Problem Solving|Conflict with in-laws,Subtopic,Conflict with in-laws,20
row:7143,Row,S7143,6
row:7144,Row,S7144,9
row:7145,Row,S7145,6
row:7146,Row,S7146,8
row:7147,Row,S7147,7
row:7148,Row,S7148,9
row:7149,Row,S7149,6
row:7150,Row,S7150,6
row:7151,Row,S7151,7
row:7152,Row,S7152,6
sub:Planning & Problem Solving|Planning to buy a home,Subtopic,Planning to buy a home,20
row:7153,Row,S7153,6
row:7154,Row,S7154,6
row:7155,Row,S7155,6
row:7156,Row,S7156,6
row:7157,Row,S7157,7
row:7158,Row,S7158,6
row:7159,Row,S7159,6
row:7160,Row,S7160,8
row:7161,Row,S7161,6
row:7162,Row,S7162,6
sub:Planning & Problem Solving|Planning for a baby,Subtopic,Planning for a baby,18
row:7163,Row,S7163,6
row:7164,Row,S7164,6
row:7165,Row,S7165,7
row:7166,Row,S7166,6
row:7167,Row,S7167,7
row:7168,Row,S7168,6
row:7169,Row,S7169,6
row:7170,Row,S7170,7
row:7171,Row,S7171,6
sub:Planning & Problem Solving|Caring for ageing parents while working,Subtopic,Caring for ageing parents while working,20
row:7172,Row,S7172,6
row:7173,Row,S7173,6
row:7174,Row,S7174,6
row:7175,Row,S7175,7
row:7176,Row,S7176,6
row:7177,Row,S7177,6
row:7178,Row,S7178,6
row:7179,Row,S7179,6
row:7180,Row,S7180,6
row:7181,Row,S7181,6
sub:Planning & Problem Solving|A marriage disagreement over careers or location,Subtopic,A marriage disagreement over careers or location,20
row:7182,Row,S7182,6
row:7183,Row,S7183,7
row:7184,Row,S7184,6
row:7185,Row,S7185,8
row:7186,Row,S7186,7
row:7187,Row,S7187,7
row:7188,Row,S7188,8
row:7189,Row,S7189,7
row:7190,Row,S7190,9
row:7191,Row,S7191,6
sub:Planning & Problem Solving|Relocating for work,Subtopic,Relocating for work,20
row:7192,Row,S7192,6
row:7193,Row,S7193,6
row:7194,Row,S7194,6
row:7195,Row,S7195,6
row:7196,Row,S7196,6
row:7197,Row,S7197,8
row:7198,Row,S7198,6
row:7199,Row,S7199,7
row:7200,Row,S7200,6
row:7201,Row,S7201,7
sub:Planning & Problem Solving|Repairing work-life boundaries,Subtopic,Repairing work-life boundaries,18
row:7202,Row,S7202,6
row:7203,Row,S7203,7
row:7204,Row,S7204,7
row:7205,Row,S7205,6
row:7206,Row,S7206,8
row:7207,Row,S7207,6
row:7208,Row,S7208,6
row:7209,Row,S7209,6
row:7210,Row,S7210,8
sub:Planning & Problem Solving|A burnout recovery plan,Subtopic,A burnout recovery plan,18
row:7211,Row,S7211,6
row:7212,Row,S7212,7
row:7213,Row,S7213,6
row:7214,Row,S7214,7
row:7215,Row,S7215,7
row:7216,Row,S7216,6
row:7217,Row,S7217,6
row:7218,Row,S7218,6
row:7219,Row,S7219,7
sub:Planning & Problem Solving|Managing a household budget,Subtopic,Managing a household budget,20
row:7220,Row,S7220,7
row:7221,Row,S7221,6
row:7222,Row,S7222,7
row:7223,Row,S7223,6
row:7224,Row,S7224,7
row:7225,Row,S7225,6
row:7226,Row,S7226,6
row:7227,Row,S7227,6
row:7228,Row,S7228,6
row:7229,Row,S7229,6
sub:Planning & Problem Solving|A family dispute over property,Subtopic,A family dispute over property,18
row:7230,Row,S7230,6
row:7231,Row,S7231,7
row:7232,Row,S7232,7
row:7233,Row,S7233,6
row:7234,Row,S7234,6
row:7235,Row,S7235,8
row:7236,Row,S7236,6
row:7237,Row,S7237,6
row:7238,Row,S7238,6
sub:Planning & Problem Solving|Planning a difficult conversation,Subtopic,Planning a difficult conversation,18
row:7239,Row,S7239,6
row:7240,Row,S7240,8
row:7241,Row,S7241,7
row:7242,Row,S7242,8
row:7243,Row,S7243,8
row:7244,Row,S7244,7
row:7245,Row,S7245,7
row:7246,Row,S7246,8
row:7247,Row,S7247,6
sub:Planning & Problem Solving|Launching startup with limited runway,Subtopic,Launching startup with limited runway,20
row:7248,Row,S7248,6
row:7249,Row,S7249,7
row:7250,Row,S7250,6
row:7251,Row,S7251,6
row:7252,Row,S7252,6
row:7253,Row,S7253,6
row:7254,Row,S7254,6
row:7255,Row,S7255,6
row:7256,Row,S7256,6
row:7257,Row,S7257,7
sub:Planning & Problem Solving|Pivoting a failing product,Subtopic,Pivoting a failing product,20
row:7258,Row,S7258,6
row:7259,Row,S7259,6
row:7260,Row,S7260,6
row:7261,Row,S7261,6
row:7262,Row,S7262,7
row:7263,Row,S7263,7
row:7264,Row,S7264,6
row:7265,Row,S7265,7
row:7266,Row,S7266,8
row:7267,Row,S7267,8
sub:Planning & Problem Solving|Handling a co-founder disagreement,Subtopic,Handling a co-founder disagreement,20
row:7268,Row,S7268,6
row:7269,Row,S7269,10
row:7270,Row,S7270,7
row:7271,Row,S7271,6
row:7272,Row,S7272,7
row:7273,Row,S7273,6
row:7274,Row,S7274,7
row:7275,Row,S7275,7
row:7276,Row,S7276,6
row:7277,Row,S7277,7
sub:Planning & Problem Solving|Planning a fundraising round,Subtopic,Planning a fundraising round,20
row:7278,Row,S7278,6
row:7279,Row,S7279,6
row:7280,Row,S7280,6
row:7281,Row,S7281,7
row:7282,Row,S7282,6
row:7283,Row,S7283,7
row:7284,Row,S7284,6
row:7285,Row,S7285,6
row:7286,Row,S7286,6
row:7287,Row,S7287,6
sub:Planning & Problem Solving|Managing layoffs and job search,Subtopic,Managing layoffs and job search,20
row:7288,Row,S7288,6
row:7289,Row,S7289,6
row:7290,Row,S7290,6
row:7291,Row,S7291,6
row:7292,Row,S7292,7
row:7293,Row,S7293,6
row:7294,Row,S7294,6
row:7295,Row,S7295,6
row:7296,Row,S7296,6
row:7297,Row,S7297,6
sub:Planning & Problem Solving|Handling a family diagnosis,Subtopic,Handling a family diagnosis,20
row:7298,Row,S7298,6
row:7299,Row,S7299,6
row:7300,Row,S7300,7
row:7301,Row,S7301,7
row:7302,Row,S7302,7
row:7303,Row,S7303,6
row:7304,Row,S7304,7
row:7305,Row,S7305,6
row:7306,Row,S7306,7
row:7307,Row,S7307,6
sub:Planning & Problem Solving|Responding to a market crash,Subtopic,Responding to a market crash,20
row:7308,Row,S7308,8
row:7309,Row,S7309,6
row:7310,Row,S7310,7
row:7311,Row,S7311,6
row:7312,Row,S7312,7
row:7313,Row,S7313,7
row:7314,Row,S7314,6
row:7315,Row,S7315,6
row:7316,Row,S7316,6
row:7317,Row,S7317,7
sub:Planning & Problem Solving|Building insurance and an emergency fund,Subtopic,Building insurance and an emergency fund,20
row:7318,Row,S7318,6
row:7319,Row,S7319,6
row:7320,Row,S7320,7
row:7321,Row,S7321,6
row:7322,Row,S7322,6
row:7323,Row,S7323,7
row:7324,Row,S7324,7
row:7325,Row,S7325,6
row:7326,Row,S7326,6
row:7327,Row,S7327,8
sub:Planning & Problem Solving|Facing a natural disaster at home,Subtopic,Facing a natural disaster at home,20
row:7328,Row,S7328,8
row:7329,Row,S7329,7
row:7330,Row,S7330,7
row:7331,Row,S7331,7
row:7332,Row,S7332,7
row:7333,Row,S7333,6
row:7334,Row,S7334,6
row:7335,Row,S7335,6
row:7336,Row,S7336,6
row:7337,Row,S7337,6
sub:Planning & Problem Solving|Handling a legal or tax notice,Subtopic,Handling a legal or tax notice,20
row:7338,Row,S7338,6
row:7339,Row,S7339,7
row:7340,Row,S7340,7
row:7341,Row,S7341,7
row:7342,Row,S7342,7
row:7343,Row,S7343,6
row:7344,Row,S7344,7
row:7345,Row,S7345,6
row:7346,Row,S7346,6
row:7347,Row,S7347,6
sub:Planning & Problem Solving|Deciding whether to migrate abroad,Subtopic,Deciding whether to migrate abroad,20
row:7348,Row,S7348,6
row:7349,Row,S7349,7
row:7350,Row,S7350,7
row:7351,Row,S7351,6
row:7352,Row,S7352,6
row:7353,Row,S7353,7
row:7354,Row,S7354,9
row:7355,Row,S7355,6
row:7356,Row,S7356,6
row:7357,Row,S7357,7
sub:Planning & Problem Solving|Facing an ethical breach at work,Subtopic,Facing an ethical breach at work,20
row:7358,Row,S7358,6
row:7359,Row,S7359,7
row:7360,Row,S7360,7
row:7361,Row,S7361,7
row:7362,Row,S7362,7
row:7363,Row,S7363,7
row:7364,Row,S7364,6
row:7365,Row,S7365,7
row:7366,Row,S7366,6
row:7367,Row,S7367,6
sub:Planning & Problem Solving|Recovering from a major work mistake,Subtopic,Recovering from a major work mistake,20
row:7368,Row,S7368,7
row:7369,Row,S7369,6
row:7370,Row,S7370,7
row:7371,Row,S7371,6
row:7372,Row,S7372,8
row:7373,Row,S7373,6
row:7374,Row,S7374,6
row:7375,Row,S7375,7
row:7376,Row,S7376,8
row:7377,Row,S7377,6
sub:Planning & Problem Solving|Planning a five-year career strategy,Subtopic,Planning a five-year career strategy,20
row:7378,Row,S7378,6
row:7379,Row,S7379,6
row:7380,Row,S7380,7
row:7381,Row,S7381,6
row:7382,Row,S7382,6
row:7383,Row,S7383,6
row:7384,Row,S7384,6
row:7385,Row,S7385,7
row:7386,Row,S7386,6
row:7387,Row,S7387,7
sub:Planning & Problem Solving|Deciding among conflicting stakeholders,Subtopic,Deciding among conflicting stakeholders,20
row:7388,Row,S7388,7
row:7389,Row,S7389,6
row:7390,Row,S7390,6
row:7391,Row,S7391,6
row:7392,Row,S7392,8
row:7393,Row,S7393,7
row:7394,Row,S7394,6
row:7395,Row,S7395,7
row:7396,Row,S7396,6
row:7397,Row,S7397,6
sub:Planning & Problem Solving|Responding to a production outage,Subtopic,Responding to a production outage,20
row:7398,Row,S7398,6
row:7399,Row,S7399,7
row:7400,Row,S7400,6
row:7401,Row,S7401,7
row:7402,Row,S7402,6
row:7403,Row,S7403,8
row:7404,Row,S7404,6
row:7405,Row,S7405,6
row:7406,Row,S7406,7
row:7407,Row,S7407,6
sub:Planning & Problem Solving|Using AI tools inside a team,Subtopic,Using AI tools inside a team,20
row:7408,Row,S7408,6
row:7409,Row,S7409,8
row:7410,Row,S7410,6
row:7411,Row,S7411,6
row:7412,Row,S7412,8
row:7413,Row,S7413,6
row:7414,Row,S7414,7
row:7415,Row,S7415,7
row:7416,Row,S7416,8
row:7417,Row,S7417,7
sub:Planning & Problem Solving|Handling public criticism online,Subtopic,Handling public criticism online,20
row:7418,Row,S7418,6
row:7419,Row,S7419,6
row:7420,Row,S7420,7
row:7421,Row,S7421,7
row:7422,Row,S7422,7
row:7423,Row,S7423,7
row:7424,Row,S7424,7
row:7425,Row,S7425,6
row:7426,Row,S7426,6
row:7427,Row,S7427,6
sub:Planning & Problem Solving|Planning to mentor others,Subtopic,Planning to mentor others,20
row:7428,Row,S7428,6
row:7429,Row,S7429,6
row:7430,Row,S7430,6
row:7431,Row,S7431,7
row:7432,Row,S7432,6
row:7433,Row,S7433,6
row:7434,Row,S7434,7
row:7435,Row,S7435,6
row:7436,Row,S7436,6
row:7437,Row,S7437,6
sub:Planning & Problem Solving|Planning a legacy or purpose project,Subtopic,Planning a legacy or purpose project,20
row:7438,Row,S7438,6
row:7439,Row,S7439,7
row:7440,Row,S7440,6
row:7441,Row,S7441,6
row:7442,Row,S7442,6
row:7443,Row,S7443,6
row:7444,Row,S7444,7
row:7445,Row,S7445,6
row:7446,Row,S7446,6
row:7447,Row,S7447,6
sub:Planning & Problem Solving|Working backward from the goal,Subtopic,Working backward from the goal,20
row:7448,Row,S7448,6
row:7449,Row,S7449,6
row:7450,Row,S7450,6
row:7451,Row,S7451,6
row:7452,Row,S7452,6
row:7453,Row,S7453,7
sub:Planning & Problem Solving|Pre-mortem,Subtopic,Pre-mortem,14
row:7454,Row,S7454,6
row:7455,Row,S7455,7
row:7456,Row,S7456,6
row:7457,Row,S7457,6
row:7458,Row,S7458,6
sub:Planning & Problem Solving|Means-end analysis,Subtopic,Means-end analysis,18
row:7459,Row,S7459,6
row:7460,Row,S7460,7
row:7461,Row,S7461,6
row:7462,Row,S7462,6
row:7463,Row,S7463,6
sub:Planning & Problem Solving|Trial and error,Subtopic,Trial and error,22
row:7464,Row,S7464,6
row:7465,Row,S7465,6
row:7466,Row,S7466,6
row:7467,Row,S7467,6
row:7468,Row,S7468,7
row:7469,Row,S7469,6
sub:Planning & Problem Solving|Satisficing,Subtopic,Satisficing,16
row:7470,Row,S7470,6
row:7471,Row,S7471,6
row:7472,Row,S7472,6
row:7473,Row,S7473,6
row:7474,Row,S7474,7
sub:Planning & Problem Solving|Decision matrix,Subtopic,Decision matrix,14
row:7475,Row,S7475,6
row:7476,Row,S7476,8
row:7477,Row,S7477,6
row:7478,Row,S7478,7
row:7479,Row,S7479,6
sub:Planning & Problem Solving|Analogy,Subtopic,Analogy,18
row:7480,Row,S7480,7
row:7481,Row,S7481,6
row:7482,Row,S7482,6
row:7483,Row,S7483,6
row:7484,Row,S7484,6
sub:Planning & Problem Solving|First-principles reasoning,Subtopic,First-principles reasoning,18
row:7485,Row,S7485,6
row:7486,Row,S7486,6
row:7487,Row,S7487,6
row:7488,Row,S7488,6
row:7489,Row,S7489,6
row:7490,Row,S7490,6
sub:Planning & Problem Solving|Inversion,Subtopic,Inversion,14
row:7491,Row,S7491,6
row:7492,Row,S7492,7
row:7493,Row,S7493,7
row:7494,Row,S7494,7
row:7495,Row,S7495,6
sub:Planning & Problem Solving|Five whys,Subtopic,Five whys,16
row:7496,Row,S7496,6
row:7497,Row,S7497,6
row:7498,Row,S7498,6
row:7499,Row,S7499,6
row:7500,Row,S7500,6
sub:Planning & Problem Solving|Brainstorming then selecting,Subtopic,Brainstorming then selecting,18
row:7501,Row,S7501,6
row:7502,Row,S7502,7
row:7503,Row,S7503,7
row:7504,Row,S7504,6
row:7505,Row,S7505,6
sub:Planning & Problem Solving|Lateral thinking,Subtopic,Lateral thinking,16
row:7506,Row,S7506,6
row:7507,Row,S7507,6
row:7508,Row,S7508,8
row:7509,Row,S7509,6
row:7510,Row,S7510,8
sub:Planning & Problem Solving|Sleeping on it,Subtopic,Sleeping on it,14
row:7511,Row,S7511,6
row:7512,Row,S7512,6
row:7513,Row,S7513,7
row:7514,Row,S7514,6
row:7515,Row,S7515,6
sub:Planning & Problem Solving|Time-boxing,Subtopic,Time-boxing,16
row:7516,Row,S7516,6
row:7517,Row,S7517,6
row:7518,Row,S7518,6
row:7519,Row,S7519,6
row:7520,Row,S7520,6
sub:Planning & Problem Solving|Checklists,Subtopic,Checklists,16
row:7521,Row,S7521,6
row:7522,Row,S7522,7
row:7523,Row,S7523,6
row:7524,Row,S7524,6
row:7525,Row,S7525,6
sub:Planning & Problem Solving|If-then plans,Subtopic,If-then plans,16
row:7526,Row,S7526,6
row:7527,Row,S7527,7
row:7528,Row,S7528,6
row:7529,Row,S7529,6
row:7530,Row,S7530,6
sub:Planning & Problem Solving|Mental simulation,Subtopic,Mental simulation,18
row:7531,Row,S7531,6
row:7532,Row,S7532,6
row:7533,Row,S7533,7
row:7534,Row,S7534,7
row:7535,Row,S7535,6
sub:Planning & Problem Solving|Contingency planning,Subtopic,Contingency planning,14
row:7536,Row,S7536,6
row:7537,Row,S7537,6
row:7538,Row,S7538,6
row:7539,Row,S7539,6
row:7540,Row,S7540,6
sub:Planning & Problem Solving|Slack and buffers,Subtopic,Slack and buffers,16
row:7541,Row,S7541,6
row:7542,Row,S7542,7
row:7543,Row,S7543,7
row:7544,Row,S7544,6
row:7545,Row,S7545,7
sub:Planning & Problem Solving|Minimum viable version and iteration,Subtopic,Minimum viable version and iteration,16
row:7546,Row,S7546,6
row:7547,Row,S7547,6
row:7548,Row,S7548,6
row:7549,Row,S7549,6
row:7550,Row,S7550,6
sub:Planning & Problem Solving|Experiments and measurement,Subtopic,Experiments and measurement,14
row:7551,Row,S7551,6
row:7552,Row,S7552,6
row:7553,Row,S7553,6
row:7554,Row,S7554,7
row:7555,Row,S7555,6
sub:Planning & Problem Solving|Externalising thought on paper,Subtopic,Externalising thought on paper,16
row:7556,Row,S7556,7
row:7557,Row,S7557,6
row:7558,Row,S7558,6
row:7559,Row,S7559,6
row:7560,Row,S7560,6
sub:Planning & Problem Solving|Delegating,Subtopic,Delegating,16
row:7561,Row,S7561,6
row:7562,Row,S7562,6
row:7563,Row,S7563,6
row:7564,Row,S7564,7
row:7565,Row,S7565,6
sub:Planning & Problem Solving|Asking an expert,Subtopic,Asking an expert,20
row:7566,Row,S7566,7
row:7567,Row,S7567,6
row:7568,Row,S7568,6
row:7569,Row,S7569,6
row:7570,Row,S7570,6
row:7571,Row,S7571,7
sub:Planning & Problem Solving|Crowdsourcing ideas,Subtopic,Crowdsourcing ideas,16
mech:crowdsourcing,Mechanism,crowdsourcing,4
row:7572,Row,S7572,6
row:7573,Row,S7573,7
row:7574,Row,S7574,6
row:7575,Row,S7575,6
row:7576,Row,S7576,6
sub:Planning & Problem Solving|Win-win negotiation planning,Subtopic,Win-win negotiation planning,16
row:7577,Row,S7577,9
row:7578,Row,S7578,7
row:7579,Row,S7579,6
row:7580,Row,S7580,6
row:7581,Row,S7581,6
sub:Planning & Problem Solving|Values-first planning,Subtopic,Values-first planning,16
row:7582,Row,S7582,6
row:7583,Row,S7583,6
row:7584,Row,S7584,6
row:7585,Row,S7585,6
row:7586,Row,S7586,9
sub:Planning & Problem Solving|Emotion-aware planning,Subtopic,Emotion-aware planning,18
row:7587,Row,S7587,9
row:7588,Row,S7588,6
row:7589,Row,S7589,10
row:7590,Row,S7590,8
row:7591,Row,S7591,7
sub:Planning & Problem Solving|Critical path and dependencies,Subtopic,Critical path and dependencies,14
row:7592,Row,S7592,6
row:7593,Row,S7593,6
row:7594,Row,S7594,6
row:7595,Row,S7595,7
row:7596,Row,S7596,7
sub:Planning & Problem Solving|Batching,Subtopic,Batching,18
row:7597,Row,S7597,6
row:7598,Row,S7598,6
row:7599,Row,S7599,6
row:7600,Row,S7600,6
row:7601,Row,S7601,7
row:7602,Row,S7602,6
sub:Planning & Problem Solving|Commitment devices,Subtopic,Commitment devices,14
row:7603,Row,S7603,6
row:7604,Row,S7604,6
row:7605,Row,S7605,6
row:7606,Row,S7606,6
row:7607,Row,S7607,6
sub:Planning & Problem Solving|Accountability partners,Subtopic,Accountability partners,14
row:7608,Row,S7608,6
row:7609,Row,S7609,6
row:7610,Row,S7610,6
row:7611,Row,S7611,6
row:7612,Row,S7612,6
sub:Planning & Problem Solving|Cutting losses,Subtopic,Cutting losses,16
row:7613,Row,S7613,6
row:7614,Row,S7614,6
row:7615,Row,S7615,6
row:7616,Row,S7616,6
row:7617,Row,S7617,6
sub:Planning & Problem Solving|Impulsive action,Subtopic,Impulsive action,22
row:7618,Row,S7618,7
row:7619,Row,S7619,6
row:7620,Row,S7620,6
row:7621,Row,S7621,6
row:7622,Row,S7622,6
row:7623,Row,S7623,6
sub:Planning & Problem Solving|Rigid persistence,Subtopic,Rigid persistence,18
row:7624,Row,S7624,6
row:7625,Row,S7625,6
row:7626,Row,S7626,7
row:7627,Row,S7627,6
row:7628,Row,S7628,6
row:7629,Row,S7629,7
sub:Planning & Problem Solving|Analysis paralysis,Subtopic,Analysis paralysis,14
row:7630,Row,S7630,7
row:7631,Row,S7631,6
row:7632,Row,S7632,6
row:7633,Row,S7633,7
row:7634,Row,S7634,6
sub:Planning & Problem Solving|Overplanning,Subtopic,Overplanning,14
row:7635,Row,S7635,6
row:7636,Row,S7636,6
row:7637,Row,S7637,6
row:7638,Row,S7638,6
row:7639,Row,S7639,7
sub:Planning & Problem Solving|Magical thinking,Subtopic,Magical thinking,18
row:7640,Row,S7640,7
row:7641,Row,S7641,7
row:7642,Row,S7642,6
row:7643,Row,S7643,7
row:7644,Row,S7644,9
sub:Planning & Problem Solving|Avoidance and procrastination,Subtopic,Avoidance and procrastination,16
row:7645,Row,S7645,8
row:7646,Row,S7646,8
row:7647,Row,S7647,8
row:7648,Row,S7648,11
row:7649,Row,S7649,6
sub:Planning & Problem Solving|Copying others without fit,Subtopic,Copying others without fit,18
row:7650,Row,S7650,6
row:7651,Row,S7651,8
row:7652,Row,S7652,6
row:7653,Row,S7653,6
row:7654,Row,S7654,6
row:7655,Row,S7655,7
sub:Planning & Problem Solving|Planning fallacy,Subtopic,Planning fallacy,16
row:7656,Row,S7656,7
row:7657,Row,S7657,7
row:7658,Row,S7658,9
row:7659,Row,S7659,7
row:7660,Row,S7660,8
sub:Planning & Problem Solving|Groupthink planning,Subtopic,Groupthink planning,14
row:7661,Row,S7661,6
row:7662,Row,S7662,7
row:7663,Row,S7663,6
row:7664,Row,S7664,6
row:7665,Row,S7665,7
sub:Planning & Problem Solving|Choosing a planning approach,Subtopic,Choosing a planning approach,56
row:7666,Row,S7666,7
row:7667,Row,S7667,6
row:7668,Row,S7668,6
row:7669,Row,S7669,6
row:7670,Row,S7670,6
row:7671,Row,S7671,6
row:7672,Row,S7672,6
row:7673,Row,S7673,6
row:7674,Row,S7674,6
row:7675,Row,S7675,6
row:7676,Row,S7676,6
row:7677,Row,S7677,6
row:7678,Row,S7678,6
row:7679,Row,S7679,6
row:7680,Row,S7680,6
row:7681,Row,S7681,6
row:7682,Row,S7682,6
row:7683,Row,S7683,6
row:7684,Row,S7684,7
row:7685,Row,S7685,6
row:7686,Row,S7686,6
row:7687,Row,S7687,6
row:7688,Row,S7688,6
row:7689,Row,S7689,6
stage:sub:Interaction Dynamics|Argument escalation and de-escalation|7–12|1,Stage,stage 1: Small trigger,2
stage:sub:Interaction Dynamics|Argument escalation and de-escalation|7–12|2,Stage,stage 2: Blame and counter-blame,3
stage:sub:Interaction Dynamics|Argument escalation and de-escalation|7–12|3,Stage,stage 3: Raising the stakes,3
stage:sub:Interaction Dynamics|Argument escalation and de-escalation|7–12|4,Stage,stage 4: Flooding,3
stage:sub:Interaction Dynamics|Argument escalation and de-escalation|7–12|5,Stage,stage 5: Adult or peer pause,3
stage:sub:Interaction Dynamics|Argument escalation and de-escalation|7–12|6,Stage,stage 6: Naming the need and settling,2
stage:sub:Interaction Dynamics|Argument escalation and de-escalation|13–17|1,Stage,stage 1: Public teasing meets a raw spot,2
stage:sub:Interaction Dynamics|Argument escalation and de-escalation|13–17|2,Stage,stage 2: Audience effect,3
stage:sub:Interaction Dynamics|Argument escalation and de-escalation|13–17|3,Stage,stage 3: Escalation by allies,3
stage:sub:Interaction Dynamics|Argument escalation and de-escalation|13–17|4,Stage,stage 4: Exhaustion and second thoughts,3
stage:sub:Interaction Dynamics|Argument escalation and de-escalation|13–17|5,Stage,stage 5: One person moves first,3
stage:sub:Interaction Dynamics|Argument escalation and de-escalation|13–17|6,Stage,"stage 6: Owning your part, not the whole",2
stage:sub:Interaction Dynamics|Argument escalation and de-escalation|18–22|1,Stage,stage 1: Spark over a small thing,2
stage:sub:Interaction Dynamics|Argument escalation and de-escalation|18–22|2,Stage,stage 2: Defensive reply,3
stage:sub:Interaction Dynamics|Argument escalation and de-escalation|18–22|3,Stage,stage 3: Generalising and mind-reading,3
stage:sub:Interaction Dynamics|Argument escalation and de-escalation|18–22|4,Stage,stage 4: Peak and point of no return,3
stage:sub:Interaction Dynamics|Argument escalation and de-escalation|18–22|5,Stage,stage 5: Calling a time-out,3
stage:sub:Interaction Dynamics|Argument escalation and de-escalation|18–22|6,Stage,stage 6: Repair and one concrete agreement,2
stage:sub:Interaction Dynamics|Pursue-withdraw cycle|18–22|1,Stage,stage 1: Rising unmet need,2
stage:sub:Interaction Dynamics|Pursue-withdraw cycle|18–22|2,Stage,stage 2: Pursuit,3
stage:sub:Interaction Dynamics|Pursue-withdraw cycle|18–22|3,Stage,stage 3: Feeling flooded and withdrawing,3
stage:sub:Interaction Dynamics|Pursue-withdraw cycle|18–22|4,Stage,stage 4: Intensified pursuit,3
stage:sub:Interaction Dynamics|Pursue-withdraw cycle|18–22|5,Stage,"stage 5: Seeing the loop, not the villain",3
stage:sub:Interaction Dynamics|Pursue-withdraw cycle|18–22|6,Stage,stage 6: Softer ask and staying present,2
stage:sub:Interaction Dynamics|Pursue-withdraw cycle|23–26|1,Stage,stage 1: Work stress and quiet distance,2
stage:sub:Interaction Dynamics|Pursue-withdraw cycle|23–26|2,Stage,stage 2: Bids for attention,3
stage:sub:Interaction Dynamics|Pursue-withdraw cycle|23–26|3,Stage,stage 3: Retreat under criticism,3
stage:sub:Interaction Dynamics|Pursue-withdraw cycle|23–26|4,Stage,stage 4: Resentment on both sides,3
stage:sub:Interaction Dynamics|Pursue-withdraw cycle|23–26|5,Stage,stage 5: Third-party view,3
stage:sub:Interaction Dynamics|Pursue-withdraw cycle|23–26|6,Stage,stage 6: Scheduled closeness and honest limits,2
stage:sub:Interaction Dynamics|Silent treatment|13–17|1,Stage,stage 1: A hurt that is not spoken,2
stage:sub:Interaction Dynamics|Silent treatment|13–17|2,Stage,stage 2: Withholding as protection,3
stage:sub:Interaction Dynamics|Silent treatment|13–17|3,Stage,stage 3: Confusion for the one ignored,3
stage:sub:Interaction Dynamics|Silent treatment|13–17|4,Stage,stage 4: Silence hardens into punishment,3
stage:sub:Interaction Dynamics|Silent treatment|13–17|5,Stage,stage 5: Naming the pattern kindly,3
stage:sub:Interaction Dynamics|Silent treatment|13–17|6,Stage,stage 6: Speaking the real hurt,2
stage:sub:Interaction Dynamics|Silent treatment|23–26|1,Stage,stage 1: Withdrawal after conflict,2
stage:sub:Interaction Dynamics|Silent treatment|23–26|2,Stage,stage 2: Stonewalling becomes a habit,3
stage:sub:Interaction Dynamics|Silent treatment|23–26|3,Stage,stage 3: The partner's escalating alarm,3
stage:sub:Interaction Dynamics|Silent treatment|23–26|4,Stage,stage 4: Mutual freeze,3
stage:sub:Interaction Dynamics|Silent treatment|23–26|5,Stage,stage 5: The breaking of the ice,3
stage:sub:Interaction Dynamics|Silent treatment|23–26|6,Stage,stage 6: New rules for conflict,2
stage:sub:Interaction Dynamics|Apology and repair cycle|4–6|1,Stage,stage 1: The harm happens,2
stage:sub:Interaction Dynamics|Apology and repair cycle|4–6|2,Stage,stage 2: Notice the other's feelings,3
stage:sub:Interaction Dynamics|Apology and repair cycle|4–6|3,Stage,stage 3: Defensiveness,3
stage:sub:Interaction Dynamics|Apology and repair cycle|4–6|4,Stage,stage 4: Forced sorry versus felt sorry,3
stage:sub:Interaction Dynamics|Apology and repair cycle|4–6|5,Stage,stage 5: A repair action,3
stage:sub:Interaction Dynamics|Apology and repair cycle|4–6|6,Stage,stage 6: Friendship resumes,2
stage:sub:Interaction Dynamics|Apology and repair cycle|18–22|1,Stage,stage 1: Realising the harm,2
stage:sub:Interaction Dynamics|Apology and repair cycle|18–22|2,Stage,stage 2: Temptation to excuse,3
stage:sub:Interaction Dynamics|Apology and repair cycle|18–22|3,Stage,stage 3: The friend's hurt and guard,3
stage:sub:Interaction Dynamics|Apology and repair cycle|18–22|4,Stage,stage 4: The real apology,3
stage:sub:Interaction Dynamics|Apology and repair cycle|18–22|5,Stage,stage 5: Allowing time,3
stage:sub:Interaction Dynamics|Apology and repair cycle|18–22|6,Stage,stage 6: Changed behaviour proves it,2
stage:sub:Interaction Dynamics|Broken trust and rebuilding|13–17|1,Stage,stage 1: The discovery,2
stage:sub:Interaction Dynamics|Broken trust and rebuilding|13–17|2,Stage,stage 2: Why the lie happened,3
stage:sub:Interaction Dynamics|Broken trust and rebuilding|13–17|3,Stage,stage 3: Punishment and defensiveness,3
stage:sub:Interaction Dynamics|Broken trust and rebuilding|13–17|4,Stage,stage 4: The honest conversation,3
stage:sub:Interaction Dynamics|Broken trust and rebuilding|13–17|5,Stage,stage 5: A clear path back,3
stage:sub:Interaction Dynamics|Broken trust and rebuilding|13–17|6,Stage,stage 6: Trust as a track record,2
stage:sub:Interaction Dynamics|Broken trust and rebuilding|23–26|1,Stage,stage 1: Betrayal revealed,2
stage:sub:Interaction Dynamics|Broken trust and rebuilding|23–26|2,Stage,stage 2: Shame and justification,3
stage:sub:Interaction Dynamics|Broken trust and rebuilding|23–26|3,Stage,stage 3: Hypervigilance,3
stage:sub:Interaction Dynamics|Broken trust and rebuilding|23–26|4,Stage,stage 4: Full disclosure and accountability,3
stage:sub:Interaction Dynamics|Broken trust and rebuilding|23–26|5,Stage,stage 5: Transparent routines,3
stage:sub:Interaction Dynamics|Broken trust and rebuilding|23–26|6,Stage,"stage 6: Gradual, uneven healing",2
stage:sub:Interaction Dynamics|Friendship formation and fading|7–12|1,Stage,stage 1: Proximity and shared interest,2
stage:sub:Interaction Dynamics|Friendship formation and fading|7–12|2,Stage,stage 2: Testing safety,3
stage:sub:Interaction Dynamics|Friendship formation and fading|7–12|3,Stage,stage 3: Becoming best friends,3
stage:sub:Interaction Dynamics|Friendship formation and fading|7–12|4,Stage,stage 4: Changing interests and groups,3
stage:sub:Interaction Dynamics|Friendship formation and fading|7–12|5,Stage,stage 5: Fading without a fight,3
stage:sub:Interaction Dynamics|Friendship formation and fading|7–12|6,Stage,stage 6: Keeping kindness through change,2
stage:sub:Interaction Dynamics|Friendship formation and fading|18–22|1,Stage,"stage 1: New environment, open door",2
stage:sub:Interaction Dynamics|Friendship formation and fading|18–22|2,Stage,stage 2: Deepening through disclosure,3
stage:sub:Interaction Dynamics|Friendship formation and fading|18–22|3,Stage,stage 3: Routine and a core group,3
stage:sub:Interaction Dynamics|Friendship formation and fading|18–22|4,Stage,stage 4: Divergence,3
stage:sub:Interaction Dynamics|Friendship formation and fading|18–22|5,Stage,stage 5: Fading and quiet grief,3
stage:sub:Interaction Dynamics|Friendship formation and fading|18–22|6,Stage,stage 6: Choosing what to keep,2
stage:sub:Interaction Dynamics|Friendship betrayal to reconciliation or ending|13–17|1,Stage,stage 1: Trust and a shared secret,2
stage:sub:Interaction Dynamics|Friendship betrayal to reconciliation or ending|13–17|2,Stage,stage 2: The betrayal,3
stage:sub:Interaction Dynamics|Friendship betrayal to reconciliation or ending|13–17|3,Stage,stage 3: Discovery and shock,3
stage:sub:Interaction Dynamics|Friendship betrayal to reconciliation or ending|13–17|4,Stage,"stage 4: Anger, retaliation urge and withdrawal",3
stage:sub:Interaction Dynamics|Friendship betrayal to reconciliation or ending|13–17|5,Stage,stage 5: Accountability or excuse,3
stage:sub:Interaction Dynamics|Friendship betrayal to reconciliation or ending|13–17|6,Stage,stage 6: Reconciliation or a clean ending,2
stage:sub:Interaction Dynamics|Friendship betrayal to reconciliation or ending|23–26|1,Stage,stage 1: Loyal friendship of years,2
stage:sub:Interaction Dynamics|Friendship betrayal to reconciliation or ending|23–26|2,Stage,stage 2: The competitive moment,3
stage:sub:Interaction Dynamics|Friendship betrayal to reconciliation or ending|23–26|3,Stage,stage 3: Learning and disbelief,3
stage:sub:Interaction Dynamics|Friendship betrayal to reconciliation or ending|23–26|4,Stage,stage 4: The confrontation,3
stage:sub:Interaction Dynamics|Friendship betrayal to reconciliation or ending|23–26|5,Stage,stage 5: Facing shame,3
stage:sub:Interaction Dynamics|Friendship betrayal to reconciliation or ending|23–26|6,Stage,stage 6: Rebuilt at a different depth or ended,2
stage:sub:Interaction Dynamics|Romantic attraction to commitment|18–22|1,Stage,stage 1: Attraction and idealising,2
stage:sub:Interaction Dynamics|Romantic attraction to commitment|18–22|2,Stage,stage 2: Approach and uncertainty,3
stage:sub:Interaction Dynamics|Romantic attraction to commitment|18–22|3,Stage,stage 3: Getting to know the real person,3
stage:sub:Interaction Dynamics|Romantic attraction to commitment|18–22|4,Stage,stage 4: The exclusivity question,3
stage:sub:Interaction Dynamics|Romantic attraction to commitment|18–22|5,Stage,stage 5: Meeting families and worlds,3
stage:sub:Interaction Dynamics|Romantic attraction to commitment|18–22|6,Stage,stage 6: A grounded commitment,2
stage:sub:Interaction Dynamics|Romantic attraction to commitment|23–26|1,Stage,stage 1: Spark with practical eyes,2
stage:sub:Interaction Dynamics|Romantic attraction to commitment|23–26|2,Stage,stage 2: Building routine and closeness,3
stage:sub:Interaction Dynamics|Romantic attraction to commitment|23–26|3,Stage,stage 3: First real friction,3
stage:sub:Interaction Dynamics|Romantic attraction to commitment|23–26|4,Stage,stage 4: Fear of loss of freedom,3
stage:sub:Interaction Dynamics|Romantic attraction to commitment|23–26|5,Stage,stage 5: The honest conversation,3
stage:sub:Interaction Dynamics|Romantic attraction to commitment|23–26|6,Stage,"stage 6: Choosing each other, with eyes open",2
stage:sub:Interaction Dynamics|A relationship's slow drift and breakup|13–17|1,Stage,stage 1: Fresh and consuming,2
stage:sub:Interaction Dynamics|A relationship's slow drift and breakup|13–17|2,Stage,stage 2: Small cracks,3
stage:sub:Interaction Dynamics|A relationship's slow drift and breakup|13–17|3,Stage,stage 3: Avoidance and mixed signals,3
stage:sub:Interaction Dynamics|A relationship's slow drift and breakup|13–17|4,Stage,stage 4: The decision,3
stage:sub:Interaction Dynamics|A relationship's slow drift and breakup|13–17|5,Stage,"stage 5: A clear, kind ending",3
stage:sub:Interaction Dynamics|A relationship's slow drift and breakup|13–17|6,Stage,stage 6: Grief and the after,2
stage:sub:Interaction Dynamics|A relationship's slow drift and breakup|23–26|1,Stage,stage 1: Comfortable years,2
stage:sub:Interaction Dynamics|A relationship's slow drift and breakup|23–26|2,Stage,stage 2: Diverging paths,3
stage:sub:Interaction Dynamics|A relationship's slow drift and breakup|23–26|3,Stage,stage 3: Emotional distance,3
stage:sub:Interaction Dynamics|A relationship's slow drift and breakup|23–26|4,Stage,stage 4: The naming,3
stage:sub:Interaction Dynamics|A relationship's slow drift and breakup|23–26|5,Stage,stage 5: Trying and deciding,3
stage:sub:Interaction Dynamics|A relationship's slow drift and breakup|23–26|6,Stage,stage 6: Parting with respect,2
stage:sub:Interaction Dynamics|Jealousy spiral|13–17|1,Stage,stage 1: A threat is sensed,2
stage:sub:Interaction Dynamics|Jealousy spiral|13–17|2,Stage,stage 2: Rumination,3
stage:sub:Interaction Dynamics|Jealousy spiral|13–17|3,Stage,stage 3: Checking and questioning,3
stage:sub:Interaction Dynamics|Jealousy spiral|13–17|4,Stage,stage 4: The receiver's strain,3
stage:sub:Interaction Dynamics|Jealousy spiral|13–17|5,Stage,stage 5: Naming the fear beneath,3
stage:sub:Interaction Dynamics|Jealousy spiral|13–17|6,Stage,stage 6: Choosing trust or stepping away,2
stage:sub:Interaction Dynamics|Jealousy spiral|18–22|1,Stage,stage 1: Comparison with a rival,2
stage:sub:Interaction Dynamics|Jealousy spiral|18–22|2,Stage,stage 2: Interpreting neutral events,3
stage:sub:Interaction Dynamics|Jealousy spiral|18–22|3,Stage,stage 3: Testing and provoking,3
stage:sub:Interaction Dynamics|Jealousy spiral|18–22|4,Stage,stage 4: Resentment and defensiveness,3
stage:sub:Interaction Dynamics|Jealousy spiral|18–22|5,Stage,stage 5: Owning the feeling without accusing,3
stage:sub:Interaction Dynamics|Jealousy spiral|18–22|6,Stage,stage 6: Building inner security,2
stage:sub:Interaction Dynamics|Rumour and gossip spread|7–12|1,Stage,stage 1: The juicy piece of news,2
stage:sub:Interaction Dynamics|Rumour and gossip spread|7–12|2,Stage,stage 2: First retelling and embellishing,3
stage:sub:Interaction Dynamics|Rumour and gossip spread|7–12|3,Stage,stage 3: Spreading and secret-swearing,3
stage:sub:Interaction Dynamics|Rumour and gossip spread|7–12|4,Stage,stage 4: The target finds out,3
stage:sub:Interaction Dynamics|Rumour and gossip spread|7–12|5,Stage,stage 5: A bystander stops the chain,3
stage:sub:Interaction Dynamics|Rumour and gossip spread|7–12|6,Stage,stage 6: Adult repair,2
stage:sub:Interaction Dynamics|Rumour and gossip spread|13–17|1,Stage,stage 1: The spark,2
stage:sub:Interaction Dynamics|Rumour and gossip spread|13–17|2,Stage,stage 2: Amplification in chats,3
stage:sub:Interaction Dynamics|Rumour and gossip spread|13–17|3,Stage,stage 3: The silent majority,3
stage:sub:Interaction Dynamics|Rumour and gossip spread|13–17|4,Stage,stage 4: The target's ordeal,3
stage:sub:Interaction Dynamics|Rumour and gossip spread|13–17|5,Stage,stage 5: Correcting without feeding it,3
stage:sub:Interaction Dynamics|Rumour and gossip spread|13–17|6,Stage,stage 6: Consequences and healing,2
stage:sub:Interaction Dynamics|Bullying cycle|7–12|1,Stage,stage 1: The bully picks a target,2
stage:sub:Interaction Dynamics|Bullying cycle|7–12|2,Stage,stage 2: Testing with small acts,3
stage:sub:Interaction Dynamics|Bullying cycle|7–12|3,Stage,stage 3: The target's confusion and shame,3
stage:sub:Interaction Dynamics|Bullying cycle|7–12|4,Stage,stage 4: The bystanders' dilemma,3
stage:sub:Interaction Dynamics|Bullying cycle|7–12|5,Stage,stage 5: An ally breaks the silence,3
stage:sub:Interaction Dynamics|Bullying cycle|7–12|6,Stage,stage 6: Adults act on both sides,2
stage:sub:Interaction Dynamics|Bullying cycle|13–17|1,Stage,stage 1: Status and a group's approval,2
stage:sub:Interaction Dynamics|Bullying cycle|13–17|2,Stage,stage 2: Escalation online and offline,3
stage:sub:Interaction Dynamics|Bullying cycle|13–17|3,Stage,stage 3: The target's withdrawal,3
stage:sub:Interaction Dynamics|Bullying cycle|13–17|4,Stage,stage 4: The bystander's moral tension,3
stage:sub:Interaction Dynamics|Bullying cycle|13–17|5,Stage,stage 5: Reporting and evidence,3
stage:sub:Interaction Dynamics|Bullying cycle|13–17|6,Stage,stage 6: Accountability and repair,2
stage:sub:Interaction Dynamics|Parent-teen conflict cycle|13–17|1,Stage,stage 1: A rule meets a growing self,2
stage:sub:Interaction Dynamics|Parent-teen conflict cycle|13–17|2,Stage,stage 2: Command and protest,3
stage:sub:Interaction Dynamics|Parent-teen conflict cycle|13–17|3,Stage,stage 3: Escalation with old material,3
stage:sub:Interaction Dynamics|Parent-teen conflict cycle|13–17|4,Stage,stage 4: Slammed doors and cold war,3
stage:sub:Interaction Dynamics|Parent-teen conflict cycle|13–17|5,Stage,stage 5: Parent softens first,3
stage:sub:Interaction Dynamics|Parent-teen conflict cycle|13–17|6,Stage,stage 6: Negotiated freedom with responsibility,2
stage:sub:Interaction Dynamics|Parent-teen conflict cycle|18–22|1,Stage,"stage 1: Adult child, parent's old role",2
stage:sub:Interaction Dynamics|Parent-teen conflict cycle|18–22|2,Stage,stage 2: Clash over choices,3
stage:sub:Interaction Dynamics|Parent-teen conflict cycle|18–22|3,Stage,stage 3: Guilt and obligation,3
stage:sub:Interaction Dynamics|Parent-teen conflict cycle|18–22|4,Stage,stage 4: Distance to avoid conflict,3
stage:sub:Interaction Dynamics|Parent-teen conflict cycle|18–22|5,Stage,stage 5: Respectful statement of position,3
stage:sub:Interaction Dynamics|Parent-teen conflict cycle|18–22|6,Stage,stage 6: Parent redefines the role,2
stage:sub:Interaction Dynamics|Sibling rivalry cycle|4–6|1,Stage,stage 1: A new claim on attention,2
stage:sub:Interaction Dynamics|Sibling rivalry cycle|4–6|2,Stage,stage 2: Provocation,3
stage:sub:Interaction Dynamics|Sibling rivalry cycle|4–6|3,Stage,stage 3: Retaliation and tears,3
stage:sub:Interaction Dynamics|Sibling rivalry cycle|4–6|4,Stage,stage 4: Parent takes sides by accident,3
stage:sub:Interaction Dynamics|Sibling rivalry cycle|4–6|5,Stage,"stage 5: Separate, calm, listen to both",3
stage:sub:Interaction Dynamics|Sibling rivalry cycle|4–6|6,Stage,stage 6: One-on-one time and joint tasks,2
stage:sub:Interaction Dynamics|Sibling rivalry cycle|7–12|1,Stage,stage 1: Comparison,2
stage:sub:Interaction Dynamics|Sibling rivalry cycle|7–12|2,Stage,stage 2: Fairness accounting,3
stage:sub:Interaction Dynamics|Sibling rivalry cycle|7–12|3,Stage,stage 3: Teasing and tattling,3
stage:sub:Interaction Dynamics|Sibling rivalry cycle|7–12|4,Stage,stage 4: The middle child's or younger one's view,3
stage:sub:Interaction Dynamics|Sibling rivalry cycle|7–12|5,Stage,stage 5: Parent stops comparing,3
stage:sub:Interaction Dynamics|Sibling rivalry cycle|7–12|6,Stage,stage 6: Loyalty emerges,2
stage:sub:Interaction Dynamics|Caregiver-child tantrum to repair|1–3|1,Stage,stage 1: Trigger and frustration,2
stage:sub:Interaction Dynamics|Caregiver-child tantrum to repair|1–3|2,Stage,stage 2: Peak of the storm,3
stage:sub:Interaction Dynamics|Caregiver-child tantrum to repair|1–3|3,Stage,stage 3: Caregiver's stress and choice point,3
stage:sub:Interaction Dynamics|Caregiver-child tantrum to repair|1–3|4,Stage,stage 4: Staying close and safe,3
stage:sub:Interaction Dynamics|Caregiver-child tantrum to repair|1–3|5,Stage,stage 5: Winding down,3
stage:sub:Interaction Dynamics|Caregiver-child tantrum to repair|1–3|6,Stage,stage 6: Repair and naming the feeling,2
stage:sub:Interaction Dynamics|Caregiver-child tantrum to repair|4–6|1,Stage,stage 1: Denied request,2
stage:sub:Interaction Dynamics|Caregiver-child tantrum to repair|4–6|2,Stage,stage 2: Bargaining and testing,3
stage:sub:Interaction Dynamics|Caregiver-child tantrum to repair|4–6|3,Stage,stage 3: Caregiver's own trigger,3
stage:sub:Interaction Dynamics|Caregiver-child tantrum to repair|4–6|4,Stage,stage 4: Calm and firm limit,3
stage:sub:Interaction Dynamics|Caregiver-child tantrum to repair|4–6|5,Stage,stage 5: Cooling and connection,3
stage:sub:Interaction Dynamics|Caregiver-child tantrum to repair|4–6|6,Stage,stage 6: Reflection and skill building,2
stage:sub:Interaction Dynamics|Mentor relationship arc|13–17|1,Stage,stage 1: Noticing potential,2
stage:sub:Interaction Dynamics|Mentor relationship arc|13–17|2,Stage,stage 2: Cautious openness,3
stage:sub:Interaction Dynamics|Mentor relationship arc|13–17|3,Stage,stage 3: Idealisation,3
stage:sub:Interaction Dynamics|Mentor relationship arc|13–17|4,Stage,stage 4: Challenge and discomfort,3
stage:sub:Interaction Dynamics|Mentor relationship arc|13–17|5,Stage,stage 5: Independence and disagreement,3
stage:sub:Interaction Dynamics|Mentor relationship arc|13–17|6,Stage,stage 6: Boundaries and a lasting thread,2
stage:sub:Interaction Dynamics|Mentor relationship arc|23–26|1,Stage,stage 1: Seeking guidance,2
stage:sub:Interaction Dynamics|Mentor relationship arc|23–26|2,Stage,stage 2: Building rapport,3
stage:sub:Interaction Dynamics|Mentor relationship arc|23–26|3,Stage,stage 3: Direct feedback,3
stage:sub:Interaction Dynamics|Mentor relationship arc|23–26|4,Stage,stage 4: The mentee outgrows some advice,3
stage:sub:Interaction Dynamics|Mentor relationship arc|23–26|5,Stage,stage 5: Mentor's ego test,3
stage:sub:Interaction Dynamics|Mentor relationship arc|23–26|6,Stage,stage 6: Peer and paying it forward,2
stage:sub:Interaction Dynamics|Estrangement and reunion|18–22|1,Stage,stage 1: Accumulated hurt,2
stage:sub:Interaction Dynamics|Estrangement and reunion|18–22|2,Stage,stage 2: The rupture,3
stage:sub:Interaction Dynamics|Estrangement and reunion|18–22|3,Stage,stage 3: Distance and story-hardening,3
stage:sub:Interaction Dynamics|Estrangement and reunion|18–22|4,Stage,stage 4: The parent's silent grief,3
stage:sub:Interaction Dynamics|Estrangement and reunion|18–22|5,Stage,stage 5: A go-between opens a door,3
stage:sub:Interaction Dynamics|Estrangement and reunion|18–22|6,Stage,stage 6: A small first meeting,2
stage:sub:Interaction Dynamics|Estrangement and reunion|23–26|1,Stage,stage 1: Values clash after marriage or career,2
stage:sub:Interaction Dynamics|Estrangement and reunion|23–26|2,Stage,stage 2: Cutting contact to protect herself,3
stage:sub:Interaction Dynamics|Estrangement and reunion|23–26|3,Stage,stage 3: Life events widen the gap,3
stage:sub:Interaction Dynamics|Estrangement and reunion|23–26|4,Stage,stage 4: The softening,3
stage:sub:Interaction Dynamics|Estrangement and reunion|23–26|5,Stage,stage 5: Terms for reunion,3
stage:sub:Interaction Dynamics|Estrangement and reunion|23–26|6,Stage,"stage 6: An imperfect, honest reunion",2
stage:sub:Interaction Dynamics|Workplace conflict arc|18–22|1,Stage,stage 1: Intern under pressure,2
stage:sub:Interaction Dynamics|Workplace conflict arc|18–22|2,Stage,stage 2: Misread signals,3
stage:sub:Interaction Dynamics|Workplace conflict arc|18–22|3,Stage,stage 3: A public correction,3
stage:sub:Interaction Dynamics|Workplace conflict arc|18–22|4,Stage,stage 4: Choosing how to respond,3
stage:sub:Interaction Dynamics|Workplace conflict arc|18–22|5,Stage,stage 5: Senior reflects,3
stage:sub:Interaction Dynamics|Workplace conflict arc|18–22|6,Stage,stage 6: Working norms and growth,2
stage:sub:Interaction Dynamics|Workplace conflict arc|23–26|1,Stage,stage 1: Unclear roles and a slight,2
stage:sub:Interaction Dynamics|Workplace conflict arc|23–26|2,Stage,stage 2: Silent resentment,3
stage:sub:Interaction Dynamics|Workplace conflict arc|23–26|3,Stage,stage 3: Triangulation,3
stage:sub:Interaction Dynamics|Workplace conflict arc|23–26|4,Stage,stage 4: Open clash,3
stage:sub:Interaction Dynamics|Workplace conflict arc|23–26|5,Stage,stage 5: Mediated conversation,3
stage:sub:Interaction Dynamics|Workplace conflict arc|23–26|6,Stage,stage 6: Clear agreements and follow-through,2
stage:sub:Interaction Dynamics|A misunderstanding snowballing over text|13–17|1,Stage,stage 1: An ambiguous message,2
stage:sub:Interaction Dynamics|A misunderstanding snowballing over text|13–17|2,Stage,stage 2: The receiver fills the gap,3
stage:sub:Interaction Dynamics|A misunderstanding snowballing over text|13–17|3,Stage,stage 3: A defensive reply,3
stage:sub:Interaction Dynamics|A misunderstanding snowballing over text|13–17|4,Stage,stage 4: Screenshots and outside opinions,3
stage:sub:Interaction Dynamics|A misunderstanding snowballing over text|13–17|5,Stage,stage 5: Moving to voice,3
stage:sub:Interaction Dynamics|A misunderstanding snowballing over text|13–17|6,Stage,stage 6: A habit for next time,2
stage:sub:Interaction Dynamics|A misunderstanding snowballing over text|23–26|1,Stage,stage 1: A terse message in a busy hour,2
stage:sub:Interaction Dynamics|A misunderstanding snowballing over text|23–26|2,Stage,stage 2: Interpretation through old hurts,3
stage:sub:Interaction Dynamics|A misunderstanding snowballing over text|23–26|3,Stage,"stage 3: A cold reply, a colder one",3
stage:sub:Interaction Dynamics|A misunderstanding snowballing over text|23–26|4,Stage,stage 4: Family or friends pulled in,3
stage:sub:Interaction Dynamics|A misunderstanding snowballing over text|23–26|5,Stage,"stage 5: Stop, ask, clarify",3
stage:sub:Interaction Dynamics|A misunderstanding snowballing over text|23–26|6,Stage,stage 6: Agreed norms for hard topics,2
stage:sub:Interaction Dynamics|Grief over months and years|7–12|1,Stage,stage 1: Shock and numbness,2
stage:sub:Interaction Dynamics|Grief over months and years|7–12|2,Stage,"stage 2: Play, questions and searching",2
stage:sub:Interaction Dynamics|Grief over months and years|13–17|3,Stage,stage 3: Anger and withdrawal,2
stage:sub:Interaction Dynamics|Grief over months and years|13–17|4,Stage,stage 4: Others move on,2
stage:sub:Interaction Dynamics|Grief over months and years|18–22|5,Stage,stage 5: Bargaining and what-ifs,2
stage:sub:Interaction Dynamics|Grief over months and years|18–22|6,Stage,stage 6: Waves and anniversaries,2
stage:sub:Interaction Dynamics|Grief over months and years|23–26|4,Stage,stage 4: Others move on,2
stage:sub:Interaction Dynamics|Grief over months and years|23–26|7,Stage,"stage 7: Guilt, relief and mixed feelings",3
stage:sub:Interaction Dynamics|Grief over months and years|23–26|8,Stage,stage 8: Integration and continuing bond,2
stage:sub:Interaction Dynamics|Burnout build-up and recovery|13–17|1,Stage,stage 1: Enthusiastic overcommitment,2
stage:sub:Interaction Dynamics|Burnout build-up and recovery|13–17|2,Stage,stage 2: Running on fumes,2
stage:sub:Interaction Dynamics|Burnout build-up and recovery|18–22|1,Stage,stage 1: Enthusiastic overcommitment,2
stage:sub:Interaction Dynamics|Burnout build-up and recovery|18–22|3,Stage,stage 3: Cynicism and detachment,3
stage:sub:Interaction Dynamics|Burnout build-up and recovery|18–22|4,Stage,stage 4: Inefficacy and errors,2
stage:sub:Interaction Dynamics|Burnout build-up and recovery|23–26|5,Stage,stage 5: Body and mood sound the alarm,2
stage:sub:Interaction Dynamics|Burnout build-up and recovery|23–26|6,Stage,stage 6: Collapse or forced stop,3
stage:sub:Interaction Dynamics|Burnout build-up and recovery|23–26|7,Stage,stage 7: Honest talk and boundaries,3
stage:sub:Interaction Dynamics|Burnout build-up and recovery|23–26|8,Stage,stage 8: Slow rebuilding,2
stage:sub:Interaction Dynamics|Habit formation and relapse|13–17|2,Stage,stage 2: Early streak and pride,2
stage:sub:Interaction Dynamics|Habit formation and relapse|13–17|3,Stage,stage 3: Novelty fades,2
stage:sub:Interaction Dynamics|Habit formation and relapse|18–22|4,Stage,stage 4: The first slip,2
stage:sub:Interaction Dynamics|Habit formation and relapse|18–22|5,Stage,stage 5: Shame and avoidance,2
stage:sub:Interaction Dynamics|Habit formation and relapse|23–26|2,Stage,stage 2: Early streak and pride,2
stage:sub:Interaction Dynamics|Habit formation and relapse|23–26|6,Stage,stage 6: Redesigning the habit,3
stage:sub:Interaction Dynamics|Habit formation and relapse|23–26|7,Stage,stage 7: Never miss twice,3
stage:sub:Interaction Dynamics|Habit formation and relapse|23–26|8,Stage,stage 8: Habit becomes background,2
stage:sub:Interaction Dynamics|Addiction spiral and recovery|13–17|1,Stage,stage 1: Curiosity and relief,2
stage:sub:Interaction Dynamics|Addiction spiral and recovery|13–17|2,Stage,stage 2: Regular use and rationalising,2
stage:sub:Interaction Dynamics|Addiction spiral and recovery|18–22|3,Stage,stage 3: Tolerance and secrecy,2
stage:sub:Interaction Dynamics|Addiction spiral and recovery|18–22|4,Stage,stage 4: Consequences and loss of control,2
stage:sub:Interaction Dynamics|Addiction spiral and recovery|23–26|5,Stage,stage 5: Hitting a wall and denial cracking,2
stage:sub:Interaction Dynamics|Addiction spiral and recovery|23–26|6,Stage,stage 6: Asking for help,3
stage:sub:Interaction Dynamics|Addiction spiral and recovery|23–26|7,Stage,stage 7: Early recovery and cravings,3
stage:sub:Interaction Dynamics|Addiction spiral and recovery|23–26|8,Stage,"stage 8: Relapse as a setback, not the end",2
stage:sub:Interaction Dynamics|Procrastination cycle|7–12|1,Stage,stage 1: Task feels big or dull,2
stage:sub:Interaction Dynamics|Procrastination cycle|7–12|4,Stage,stage 4: Adult pressure and shame,2
stage:sub:Interaction Dynamics|Procrastination cycle|13–17|2,Stage,stage 2: Delay with good excuses,2
stage:sub:Interaction Dynamics|Procrastination cycle|13–17|3,Stage,stage 3: Relief then guilt,2
stage:sub:Interaction Dynamics|Procrastination cycle|18–22|4,Stage,stage 4: Panic and last-minute sprint,2
stage:sub:Interaction Dynamics|Procrastination cycle|18–22|5,Stage,stage 5: Self-blame loop,3
stage:sub:Interaction Dynamics|Procrastination cycle|18–22|6,Stage,stage 6: Making the start easier,2
stage:sub:Interaction Dynamics|Procrastination cycle|23–26|5,Stage,stage 5: Self-blame loop,2
stage:sub:Interaction Dynamics|Procrastination cycle|23–26|6,Stage,stage 6: Naming the real feeling,3
stage:sub:Interaction Dynamics|Procrastination cycle|23–26|7,Stage,stage 7: Tiny start and self-compassion,2
stage:sub:Interaction Dynamics|Perfectionism and paralysis|13–17|1,Stage,stage 1: High standards and praise,2
stage:sub:Interaction Dynamics|Perfectionism and paralysis|13–17|2,Stage,stage 2: Fear of mistakes,2
stage:sub:Interaction Dynamics|Perfectionism and paralysis|18–22|1,Stage,stage 1: High standards and praise,2
stage:sub:Interaction Dynamics|Perfectionism and paralysis|18–22|3,Stage,stage 3: Endless preparation,3
stage:sub:Interaction Dynamics|Perfectionism and paralysis|18–22|4,Stage,stage 4: Paralysis and avoidance,2
stage:sub:Interaction Dynamics|Perfectionism and paralysis|23–26|5,Stage,stage 5: The crash of comparison,2
stage:sub:Interaction Dynamics|Perfectionism and paralysis|23–26|6,Stage,stage 6: Good enough experiments,3
stage:sub:Interaction Dynamics|Perfectionism and paralysis|23–26|7,Stage,stage 7: Excellence without fear,2
stage:sub:Interaction Dynamics|Learning a hard skill|13–17|2,Stage,stage 2: The gap between taste and ability,2
stage:sub:Interaction Dynamics|Learning a hard skill|13–17|3,Stage,stage 3: The plateau,2
stage:sub:Interaction Dynamics|Learning a hard skill|18–22|4,Stage,stage 4: Frustration and quitting urge,2
stage:sub:Interaction Dynamics|Learning a hard skill|18–22|5,Stage,stage 5: Changing how to practise,2
stage:sub:Interaction Dynamics|Learning a hard skill|23–26|2,Stage,stage 2: The gap between taste and ability,2
stage:sub:Interaction Dynamics|Learning a hard skill|23–26|6,Stage,stage 6: The breakthrough,3
stage:sub:Interaction Dynamics|Learning a hard skill|23–26|7,Stage,stage 7: Confidence and a new edge,3
stage:sub:Interaction Dynamics|Learning a hard skill|23–26|8,Stage,stage 8: Teaching and maintenance,2
stage:sub:Interaction Dynamics|Failure to recovery|7–12|1,Stage,stage 1: The sting,2
stage:sub:Interaction Dynamics|Failure to recovery|7–12|6,Stage,stage 6: Honest review,2
stage:sub:Interaction Dynamics|Failure to recovery|13–17|2,Stage,stage 2: Shame and global verdict,2
stage:sub:Interaction Dynamics|Failure to recovery|13–17|3,Stage,stage 3: Blame and hiding,3
stage:sub:Interaction Dynamics|Failure to recovery|13–17|4,Stage,stage 4: Facing family and peers,2
stage:sub:Interaction Dynamics|Failure to recovery|18–22|4,Stage,stage 4: Facing family and peers,2
stage:sub:Interaction Dynamics|Failure to recovery|18–22|5,Stage,stage 5: Grieving the lost plan,2
stage:sub:Interaction Dynamics|Failure to recovery|23–26|6,Stage,stage 6: Honest review,2
stage:sub:Interaction Dynamics|Failure to recovery|23–26|7,Stage,stage 7: Small steps back,3
stage:sub:Interaction Dynamics|Failure to recovery|23–26|8,Stage,stage 8: Story rewritten,2
stage:sub:Interaction Dynamics|Imposter feelings at a new job|18–22|1,Stage,stage 1: Arrival and anxiety,2
stage:sub:Interaction Dynamics|Imposter feelings at a new job|18–22|2,Stage,stage 2: Overworking to hide gaps,3
stage:sub:Interaction Dynamics|Imposter feelings at a new job|18–22|6,Stage,stage 6: Collecting evidence,2
stage:sub:Interaction Dynamics|Imposter feelings at a new job|23–26|3,Stage,stage 3: Discounting success,2
stage:sub:Interaction Dynamics|Imposter feelings at a new job|23–26|4,Stage,stage 4: Comparison and silence,3
stage:sub:Interaction Dynamics|Imposter feelings at a new job|23–26|5,Stage,stage 5: The small exposure,3
stage:sub:Interaction Dynamics|Imposter feelings at a new job|23–26|6,Stage,stage 6: Collecting evidence,3
stage:sub:Interaction Dynamics|Imposter feelings at a new job|23–26|7,Stage,stage 7: Belonging with humility,2
stage:sub:Interaction Dynamics|A promotion and the ego that follows|23–26|1,Stage,stage 1: The news and the glow,2
stage:sub:Interaction Dynamics|A promotion and the ego that follows|23–26|2,Stage,stage 2: Rising self-image,3
stage:sub:Interaction Dynamics|A promotion and the ego that follows|23–26|3,Stage,stage 3: Distance from former peers,3
stage:sub:Interaction Dynamics|A promotion and the ego that follows|23–26|4,Stage,stage 4: Dismissing feedback,3
stage:sub:Interaction Dynamics|A promotion and the ego that follows|23–26|5,Stage,stage 5: A visible mistake,3
stage:sub:Interaction Dynamics|A promotion and the ego that follows|23–26|6,Stage,stage 6: Humbling and honest reflection,3
stage:sub:Interaction Dynamics|A promotion and the ego that follows|23–26|7,Stage,stage 7: Serving the team,2
stage:sub:Interaction Dynamics|Drawn into a high-control group or online extremism|13–17|1,Stage,stage 1: Need and approach,2
stage:sub:Interaction Dynamics|Drawn into a high-control group or online extremism|13–17|2,Stage,stage 2: Love and belonging,2
stage:sub:Interaction Dynamics|Drawn into a high-control group or online extremism|18–22|1,Stage,stage 1: Need and approach,2
stage:sub:Interaction Dynamics|Drawn into a high-control group or online extremism|18–22|3,Stage,stage 3: Us versus them,3
stage:sub:Interaction Dynamics|Drawn into a high-control group or online extremism|18–22|4,Stage,stage 4: Rising demands and isolation,2
stage:sub:Interaction Dynamics|Drawn into a high-control group or online extremism|23–26|5,Stage,stage 5: Doubt and fear,2
stage:sub:Interaction Dynamics|Drawn into a high-control group or online extremism|23–26|6,Stage,stage 6: Leaving,3
stage:sub:Interaction Dynamics|Drawn into a high-control group or online extremism|23–26|7,Stage,stage 7: Rebuilding identity,2
stage:sub:Interaction Dynamics|Radicalising rage online|13–17|1,Stage,stage 1: A real grievance,2
stage:sub:Interaction Dynamics|Radicalising rage online|13–17|2,Stage,stage 2: Feeding the feed,2
stage:sub:Interaction Dynamics|Radicalising rage online|18–22|3,Stage,stage 3: A villain is named,2
stage:sub:Interaction Dynamics|Radicalising rage online|18–22|4,Stage,stage 4: Echo chamber and dehumanising talk,2
stage:sub:Interaction Dynamics|Radicalising rage online|23–26|5,Stage,stage 5: Real-life costs,2
stage:sub:Interaction Dynamics|Radicalising rage online|23–26|6,Stage,stage 6: A human contact breaks the frame,3
stage:sub:Interaction Dynamics|Radicalising rage online|23–26|7,Stage,stage 7: Redirecting the anger,2
stage:sub:Interaction Dynamics|Scam victim journey|18–22|1,Stage,stage 1: The approach,2
stage:sub:Interaction Dynamics|Scam victim journey|18–22|2,Stage,stage 2: Trust building,3
stage:sub:Interaction Dynamics|Scam victim journey|18–22|4,Stage,stage 4: First payment and sunk cost,2
stage:sub:Interaction Dynamics|Scam victim journey|23–26|3,Stage,stage 3: Urgency and secrecy,2
stage:sub:Interaction Dynamics|Scam victim journey|23–26|4,Stage,stage 4: First payment and sunk cost,3
stage:sub:Interaction Dynamics|Scam victim journey|23–26|5,Stage,stage 5: Doubt and denial,3
stage:sub:Interaction Dynamics|Scam victim journey|23–26|6,Stage,stage 6: Breaking out,3
stage:sub:Interaction Dynamics|Scam victim journey|23–26|7,Stage,stage 7: Shame and recovery,2
stage:sub:Interaction Dynamics|Loneliness and withdrawal spiral|13–17|1,Stage,stage 1: Feeling left out,2
stage:sub:Interaction Dynamics|Loneliness and withdrawal spiral|13–17|2,Stage,stage 2: Protective pulling back,3
stage:sub:Interaction Dynamics|Loneliness and withdrawal spiral|13–17|3,Stage,stage 3: Reading signals as rejection,2
stage:sub:Interaction Dynamics|Loneliness and withdrawal spiral|18–22|4,Stage,stage 4: Screens as substitute,2
stage:sub:Interaction Dynamics|Loneliness and withdrawal spiral|18–22|5,Stage,stage 5: Deepening isolation and low mood,2
stage:sub:Interaction Dynamics|Loneliness and withdrawal spiral|23–26|4,Stage,stage 4: Screens as substitute,2
stage:sub:Interaction Dynamics|Loneliness and withdrawal spiral|23–26|6,Stage,stage 6: One small reach,3
stage:sub:Interaction Dynamics|Loneliness and withdrawal spiral|23–26|7,Stage,stage 7: Building a few real ties,2
stage:sub:Interaction Dynamics|Anxiety avoidance loop|7–12|1,Stage,stage 1: Trigger and alarm,2
stage:sub:Interaction Dynamics|Anxiety avoidance loop|7–12|2,Stage,stage 2: Avoiding for relief,2
stage:sub:Interaction Dynamics|Anxiety avoidance loop|13–17|3,Stage,stage 3: Avoidance widens,2
stage:sub:Interaction Dynamics|Anxiety avoidance loop|13–17|4,Stage,stage 4: Reassurance seeking,2
stage:sub:Interaction Dynamics|Anxiety avoidance loop|18–22|4,Stage,stage 4: Safety behaviours and what-ifs,2
stage:sub:Interaction Dynamics|Anxiety avoidance loop|18–22|5,Stage,stage 5: Life narrows,3
stage:sub:Interaction Dynamics|Anxiety avoidance loop|18–22|6,Stage,stage 6: Facing it in small steps,2
stage:sub:Interaction Dynamics|Anxiety avoidance loop|23–26|6,Stage,stage 6: Facing it in small steps,2
stage:sub:Interaction Dynamics|Anxiety avoidance loop|23–26|7,Stage,stage 7: Getting qualified support,2
stage:sub:Interaction Dynamics|A faith journey through doubt|13–17|1,Stage,stage 1: Inherited belief,2
stage:sub:Interaction Dynamics|A faith journey through doubt|13–17|2,Stage,stage 2: First questions,2
stage:sub:Interaction Dynamics|A faith journey through doubt|18–22|2,Stage,stage 2: First questions,2
stage:sub:Interaction Dynamics|A faith journey through doubt|18–22|3,Stage,stage 3: Doubt and distance,3
stage:sub:Interaction Dynamics|A faith journey through doubt|18–22|4,Stage,stage 4: Anger or emptiness,2
stage:sub:Interaction Dynamics|A faith journey through doubt|23–26|5,Stage,stage 5: Wrestling and seeking,2
stage:sub:Interaction Dynamics|A faith journey through doubt|23–26|6,Stage,stage 6: A changed relationship with belief,3
stage:sub:Interaction Dynamics|A faith journey through doubt|23–26|7,Stage,stage 7: Living with respect and peace,2
stage:sub:Interaction Dynamics|Moral drift in an organisation|23–26|1,Stage,stage 1: A small shortcut,2
stage:sub:Interaction Dynamics|Moral drift in an organisation|23–26|2,Stage,stage 2: Normalising,3
stage:sub:Interaction Dynamics|Moral drift in an organisation|23–26|3,Stage,stage 3: Euphemisms and rationalising,3
stage:sub:Interaction Dynamics|Moral drift in an organisation|23–26|4,Stage,stage 4: Pressure and loyalty,3
stage:sub:Interaction Dynamics|Moral drift in an organisation|23–26|5,Stage,stage 5: Harm becomes real,3
stage:sub:Interaction Dynamics|Moral drift in an organisation|23–26|6,Stage,stage 6: Reckoning,3
stage:sub:Interaction Dynamics|Moral drift in an organisation|23–26|7,Stage,stage 7: Guarding against drift,2
stage:sub:Interaction Dynamics|Whistleblowing|23–26|1,Stage,stage 1: Noticing something wrong,2
stage:sub:Interaction Dynamics|Whistleblowing|23–26|2,Stage,stage 2: Checking and doubting,3
stage:sub:Interaction Dynamics|Whistleblowing|23–26|3,Stage,stage 3: Fear of costs,3
stage:sub:Interaction Dynamics|Whistleblowing|23–26|4,Stage,stage 4: Trying internal channels,3
stage:sub:Interaction Dynamics|Whistleblowing|23–26|5,Stage,stage 5: Retaliation or dismissal,3
stage:sub:Interaction Dynamics|Whistleblowing|23–26|6,Stage,stage 6: External reporting and legal advice,3
stage:sub:Interaction Dynamics|Whistleblowing|23–26|7,Stage,stage 7: Aftermath and peace,2
stage:sub:Interaction Dynamics|Forgiveness process|13–17|1,Stage,stage 1: The hurt and the anger,2
stage:sub:Interaction Dynamics|Forgiveness process|13–17|2,Stage,stage 2: Replaying and revenge fantasies,2
stage:sub:Interaction Dynamics|Forgiveness process|18–22|2,Stage,stage 2: Replaying and revenge fantasies,2
stage:sub:Interaction Dynamics|Forgiveness process|18–22|3,Stage,stage 3: Facing the loss,3
stage:sub:Interaction Dynamics|Forgiveness process|18–22|4,Stage,stage 4: Seeing the other as human,2
stage:sub:Interaction Dynamics|Forgiveness process|23–26|5,Stage,stage 5: Deciding to release the grudge,2
stage:sub:Interaction Dynamics|Forgiveness process|23–26|6,Stage,stage 6: Boundaries and reconciliation choices,3
stage:sub:Interaction Dynamics|Forgiveness process|23–26|7,Stage,stage 7: Self-forgiveness,2
stage:sub:Interaction Dynamics|Midlife-style regret at 25|23–26|1,Stage,stage 1: Comparison shock,2
stage:sub:Interaction Dynamics|Midlife-style regret at 25|23–26|2,Stage,stage 2: Counting the roads not taken,3
stage:sub:Interaction Dynamics|Midlife-style regret at 25|23–26|3,Stage,stage 3: Fear of being behind,3
stage:sub:Interaction Dynamics|Midlife-style regret at 25|23–26|4,Stage,stage 4: Restless drastic thoughts,3
stage:sub:Interaction Dynamics|Midlife-style regret at 25|23–26|5,Stage,stage 5: Sorting regret from values,3
stage:sub:Interaction Dynamics|Midlife-style regret at 25|23–26|6,Stage,stage 6: Small experiments,3
stage:sub:Interaction Dynamics|Midlife-style regret at 25|23–26|7,Stage,"stage 7: Own timeline, own pace",2
stage:sub:Interaction Dynamics|Relocation adjustment|18–22|1,Stage,stage 1: Excitement and honeymoon,2
stage:sub:Interaction Dynamics|Relocation adjustment|18–22|2,Stage,stage 2: Logistics and small frustrations,3
stage:sub:Interaction Dynamics|Relocation adjustment|18–22|3,Stage,stage 3: Homesickness and culture shock,2
stage:sub:Interaction Dynamics|Relocation adjustment|23–26|2,Stage,stage 2: Logistics and small frustrations,2
stage:sub:Interaction Dynamics|Relocation adjustment|23–26|4,Stage,stage 4: Loneliness and testing the new place,3
stage:sub:Interaction Dynamics|Relocation adjustment|23–26|5,Stage,stage 5: The low point,3
stage:sub:Interaction Dynamics|Relocation adjustment|23–26|6,Stage,stage 6: Building routines and roots,3
stage:sub:Interaction Dynamics|Relocation adjustment|23–26|7,Stage,"stage 7: Two homes, one self",2
