phase,stage_no,stage,batch,items,variants,records,first,last,prompt,batch_json,out
phase1,1,core,v01-03_b0001,10,3,30,1,10,batches/01_core/v01-03_b0001.txt,batches/01_core/v01-03_b0001.json,out/01_core/v01-03_b0001.jsonl
phase1,1,core,v01-03_b0002,10,3,30,11,20,batches/01_core/v01-03_b0002.txt,batches/01_core/v01-03_b0002.json,out/01_core/v01-03_b0002.jsonl
phase1,1,core,v01-03_b0003,10,3,30,21,30,batches/01_core/v01-03_b0003.txt,batches/01_core/v01-03_b0003.json,out/01_core/v01-03_b0003.jsonl
phase1,1,core,v01-03_b0004,10,3,30,31,40,batches/01_core/v01-03_b0004.txt,batches/01_core/v01-03_b0004.json,out/01_core/v01-03_b0004.jsonl
phase1,1,core,v01-03_b0005,10,3,30,41,50,batches/01_core/v01-03_b0005.txt,batches/01_core/v01-03_b0005.json,out/01_core/v01-03_b0005.jsonl
phase1,1,core,v01-03_b0006,10,3,30,51,60,batches/01_core/v01-03_b0006.txt,batches/01_core/v01-03_b0006.json,out/01_core/v01-03_b0006.jsonl
phase1,1,core,v01-03_b0007,10,3,30,61,70,batches/01_core/v01-03_b0007.txt,batches/01_core/v01-03_b0007.json,out/01_core/v01-03_b0007.jsonl
phase1,1,core,v01-03_b0008,10,3,30,71,80,batches/01_core/v01-03_b0008.txt,batches/01_core/v01-03_b0008.json,out/01_core/v01-03_b0008.jsonl
phase1,1,core,v01-03_b0009,10,3,30,81,90,batches/01_core/v01-03_b0009.txt,batches/01_core/v01-03_b0009.json,out/01_core/v01-03_b0009.jsonl
phase1,1,core,v01-03_b0010,10,3,30,91,100,batches/01_core/v01-03_b0010.txt,batches/01_core/v01-03_b0010.json,out/01_core/v01-03_b0010.jsonl
phase1,1,core,v01-03_b0011,10,3,30,101,110,batches/01_core/v01-03_b0011.txt,batches/01_core/v01-03_b0011.json,out/01_core/v01-03_b0011.jsonl
phase1,1,core,v01-03_b0012,10,3,30,111,120,batches/01_core/v01-03_b0012.txt,batches/01_core/v01-03_b0012.json,out/01_core/v01-03_b0012.jsonl
phase1,1,core,v01-03_b0013,10,3,30,121,130,batches/01_core/v01-03_b0013.txt,batches/01_core/v01-03_b0013.json,out/01_core/v01-03_b0013.jsonl
phase1,1,core,v01-03_b0014,10,3,30,131,140,batches/01_core/v01-03_b0014.txt,batches/01_core/v01-03_b0014.json,out/01_core/v01-03_b0014.jsonl
phase1,1,core,v01-03_b0015,10,3,30,141,150,batches/01_core/v01-03_b0015.txt,batches/01_core/v01-03_b0015.json,out/01_core/v01-03_b0015.jsonl
phase1,1,core,v01-03_b0016,10,3,30,151,160,batches/01_core/v01-03_b0016.txt,batches/01_core/v01-03_b0016.json,out/01_core/v01-03_b0016.jsonl
phase1,1,core,v01-03_b0017,10,3,30,161,170,batches/01_core/v01-03_b0017.txt,batches/01_core/v01-03_b0017.json,out/01_core/v01-03_b0017.jsonl
phase1,1,core,v01-03_b0018,10,3,30,171,180,batches/01_core/v01-03_b0018.txt,batches/01_core/v01-03_b0018.json,out/01_core/v01-03_b0018.jsonl
phase1,1,core,v01-03_b0019,10,3,30,181,190,batches/01_core/v01-03_b0019.txt,batches/01_core/v01-03_b0019.json,out/01_core/v01-03_b0019.jsonl
phase1,1,core,v01-03_b0020,10,3,30,191,200,batches/01_core/v01-03_b0020.txt,batches/01_core/v01-03_b0020.json,out/01_core/v01-03_b0020.jsonl
phase1,1,core,v01-03_b0021,10,3,30,201,210,batches/01_core/v01-03_b0021.txt,batches/01_core/v01-03_b0021.json,out/01_core/v01-03_b0021.jsonl
phase1,1,core,v01-03_b0022,10,3,30,211,220,batches/01_core/v01-03_b0022.txt,batches/01_core/v01-03_b0022.json,out/01_core/v01-03_b0022.jsonl
phase1,1,core,v01-03_b0023,10,3,30,221,230,batches/01_core/v01-03_b0023.txt,batches/01_core/v01-03_b0023.json,out/01_core/v01-03_b0023.jsonl
phase1,1,core,v01-03_b0024,10,3,30,231,240,batches/01_core/v01-03_b0024.txt,batches/01_core/v01-03_b0024.json,out/01_core/v01-03_b0024.jsonl
phase1,1,core,v01-03_b0025,10,3,30,241,250,batches/01_core/v01-03_b0025.txt,batches/01_core/v01-03_b0025.json,out/01_core/v01-03_b0025.jsonl
phase1,1,core,v01-03_b0026,10,3,30,251,260,batches/01_core/v01-03_b0026.txt,batches/01_core/v01-03_b0026.json,out/01_core/v01-03_b0026.jsonl
phase1,1,core,v01-03_b0027,10,3,30,261,270,batches/01_core/v01-03_b0027.txt,batches/01_core/v01-03_b0027.json,out/01_core/v01-03_b0027.jsonl
phase1,1,core,v01-03_b0028,10,3,30,271,280,batches/01_core/v01-03_b0028.txt,batches/01_core/v01-03_b0028.json,out/01_core/v01-03_b0028.jsonl
phase1,1,core,v01-03_b0029,10,3,30,281,290,batches/01_core/v01-03_b0029.txt,batches/01_core/v01-03_b0029.json,out/01_core/v01-03_b0029.jsonl
phase1,1,core,v01-03_b0030,10,3,30,291,300,batches/01_core/v01-03_b0030.txt,batches/01_core/v01-03_b0030.json,out/01_core/v01-03_b0030.jsonl
phase1,1,core,v01-03_b0031,10,3,30,301,310,batches/01_core/v01-03_b0031.txt,batches/01_core/v01-03_b0031.json,out/01_core/v01-03_b0031.jsonl
phase1,1,core,v01-03_b0032,7,3,21,311,317,batches/01_core/v01-03_b0032.txt,batches/01_core/v01-03_b0032.json,out/01_core/v01-03_b0032.jsonl
phase1,1,core,v04-05_b0001,10,2,20,1,10,batches/01_core/v04-05_b0001.txt,batches/01_core/v04-05_b0001.json,out/01_core/v04-05_b0001.jsonl
phase1,1,core,v04-05_b0002,10,2,20,11,20,batches/01_core/v04-05_b0002.txt,batches/01_core/v04-05_b0002.json,out/01_core/v04-05_b0002.jsonl
phase1,1,core,v04-05_b0003,10,2,20,21,30,batches/01_core/v04-05_b0003.txt,batches/01_core/v04-05_b0003.json,out/01_core/v04-05_b0003.jsonl
phase1,1,core,v04-05_b0004,10,2,20,31,40,batches/01_core/v04-05_b0004.txt,batches/01_core/v04-05_b0004.json,out/01_core/v04-05_b0004.jsonl
phase1,1,core,v04-05_b0005,10,2,20,41,50,batches/01_core/v04-05_b0005.txt,batches/01_core/v04-05_b0005.json,out/01_core/v04-05_b0005.jsonl
phase1,1,core,v04-05_b0006,10,2,20,51,60,batches/01_core/v04-05_b0006.txt,batches/01_core/v04-05_b0006.json,out/01_core/v04-05_b0006.jsonl
phase1,1,core,v04-05_b0007,10,2,20,61,70,batches/01_core/v04-05_b0007.txt,batches/01_core/v04-05_b0007.json,out/01_core/v04-05_b0007.jsonl
phase1,1,core,v04-05_b0008,10,2,20,71,80,batches/01_core/v04-05_b0008.txt,batches/01_core/v04-05_b0008.json,out/01_core/v04-05_b0008.jsonl
phase1,1,core,v04-05_b0009,10,2,20,81,90,batches/01_core/v04-05_b0009.txt,batches/01_core/v04-05_b0009.json,out/01_core/v04-05_b0009.jsonl
phase1,1,core,v04-05_b0010,10,2,20,91,100,batches/01_core/v04-05_b0010.txt,batches/01_core/v04-05_b0010.json,out/01_core/v04-05_b0010.jsonl
phase1,1,core,v04-05_b0011,10,2,20,101,110,batches/01_core/v04-05_b0011.txt,batches/01_core/v04-05_b0011.json,out/01_core/v04-05_b0011.jsonl
phase1,1,core,v04-05_b0012,10,2,20,111,120,batches/01_core/v04-05_b0012.txt,batches/01_core/v04-05_b0012.json,out/01_core/v04-05_b0012.jsonl
phase1,1,core,v04-05_b0013,10,2,20,121,130,batches/01_core/v04-05_b0013.txt,batches/01_core/v04-05_b0013.json,out/01_core/v04-05_b0013.jsonl
phase1,1,core,v04-05_b0014,10,2,20,131,140,batches/01_core/v04-05_b0014.txt,batches/01_core/v04-05_b0014.json,out/01_core/v04-05_b0014.jsonl
phase1,1,core,v04-05_b0015,10,2,20,141,150,batches/01_core/v04-05_b0015.txt,batches/01_core/v04-05_b0015.json,out/01_core/v04-05_b0015.jsonl
phase1,1,core,v04-05_b0016,10,2,20,151,160,batches/01_core/v04-05_b0016.txt,batches/01_core/v04-05_b0016.json,out/01_core/v04-05_b0016.jsonl
phase1,1,core,v04-05_b0017,10,2,20,161,170,batches/01_core/v04-05_b0017.txt,batches/01_core/v04-05_b0017.json,out/01_core/v04-05_b0017.jsonl
phase1,1,core,v04-05_b0018,10,2,20,171,180,batches/01_core/v04-05_b0018.txt,batches/01_core/v04-05_b0018.json,out/01_core/v04-05_b0018.jsonl
phase1,1,core,v04-05_b0019,10,2,20,181,190,batches/01_core/v04-05_b0019.txt,batches/01_core/v04-05_b0019.json,out/01_core/v04-05_b0019.jsonl
phase1,1,core,v04-05_b0020,10,2,20,191,200,batches/01_core/v04-05_b0020.txt,batches/01_core/v04-05_b0020.json,out/01_core/v04-05_b0020.jsonl
phase1,1,core,v04-05_b0021,10,2,20,201,210,batches/01_core/v04-05_b0021.txt,batches/01_core/v04-05_b0021.json,out/01_core/v04-05_b0021.jsonl
phase1,1,core,v04-05_b0022,10,2,20,211,220,batches/01_core/v04-05_b0022.txt,batches/01_core/v04-05_b0022.json,out/01_core/v04-05_b0022.jsonl
phase1,1,core,v04-05_b0023,10,2,20,221,230,batches/01_core/v04-05_b0023.txt,batches/01_core/v04-05_b0023.json,out/01_core/v04-05_b0023.jsonl
phase1,1,core,v04-05_b0024,10,2,20,231,240,batches/01_core/v04-05_b0024.txt,batches/01_core/v04-05_b0024.json,out/01_core/v04-05_b0024.jsonl
phase1,1,core,v04-05_b0025,10,2,20,241,250,batches/01_core/v04-05_b0025.txt,batches/01_core/v04-05_b0025.json,out/01_core/v04-05_b0025.jsonl
phase1,1,core,v04-05_b0026,10,2,20,251,260,batches/01_core/v04-05_b0026.txt,batches/01_core/v04-05_b0026.json,out/01_core/v04-05_b0026.jsonl
phase1,1,core,v04-05_b0027,10,2,20,261,270,batches/01_core/v04-05_b0027.txt,batches/01_core/v04-05_b0027.json,out/01_core/v04-05_b0027.jsonl
phase1,1,core,v04-05_b0028,10,2,20,271,280,batches/01_core/v04-05_b0028.txt,batches/01_core/v04-05_b0028.json,out/01_core/v04-05_b0028.jsonl
phase1,1,core,v04-05_b0029,10,2,20,281,290,batches/01_core/v04-05_b0029.txt,batches/01_core/v04-05_b0029.json,out/01_core/v04-05_b0029.jsonl
phase1,1,core,v04-05_b0030,10,2,20,291,300,batches/01_core/v04-05_b0030.txt,batches/01_core/v04-05_b0030.json,out/01_core/v04-05_b0030.jsonl
phase1,1,core,v04-05_b0031,10,2,20,301,310,batches/01_core/v04-05_b0031.txt,batches/01_core/v04-05_b0031.json,out/01_core/v04-05_b0031.jsonl
phase1,1,core,v04-05_b0032,7,2,14,311,317,batches/01_core/v04-05_b0032.txt,batches/01_core/v04-05_b0032.json,out/01_core/v04-05_b0032.jsonl
phase1,2,expression,v01-02_b0001,10,2,20,2062,2071,batches/02_expression/v01-02_b0001.txt,batches/02_expression/v01-02_b0001.json,out/02_expression/v01-02_b0001.jsonl
phase1,2,expression,v01-02_b0002,10,2,20,2072,2081,batches/02_expression/v01-02_b0002.txt,batches/02_expression/v01-02_b0002.json,out/02_expression/v01-02_b0002.jsonl
phase1,2,expression,v01-02_b0003,10,2,20,2082,2091,batches/02_expression/v01-02_b0003.txt,batches/02_expression/v01-02_b0003.json,out/02_expression/v01-02_b0003.jsonl
phase1,2,expression,v01-02_b0004,10,2,20,2092,2101,batches/02_expression/v01-02_b0004.txt,batches/02_expression/v01-02_b0004.json,out/02_expression/v01-02_b0004.jsonl
phase1,2,expression,v01-02_b0005,10,2,20,2102,2111,batches/02_expression/v01-02_b0005.txt,batches/02_expression/v01-02_b0005.json,out/02_expression/v01-02_b0005.jsonl
phase1,2,expression,v01-02_b0006,10,2,20,2112,2121,batches/02_expression/v01-02_b0006.txt,batches/02_expression/v01-02_b0006.json,out/02_expression/v01-02_b0006.jsonl
phase1,2,expression,v01-02_b0007,10,2,20,2122,2131,batches/02_expression/v01-02_b0007.txt,batches/02_expression/v01-02_b0007.json,out/02_expression/v01-02_b0007.jsonl
phase1,2,expression,v01-02_b0008,10,2,20,2132,2141,batches/02_expression/v01-02_b0008.txt,batches/02_expression/v01-02_b0008.json,out/02_expression/v01-02_b0008.jsonl
phase1,2,expression,v01-02_b0009,10,2,20,2142,2151,batches/02_expression/v01-02_b0009.txt,batches/02_expression/v01-02_b0009.json,out/02_expression/v01-02_b0009.jsonl
phase1,2,expression,v01-02_b0010,10,2,20,2152,2161,batches/02_expression/v01-02_b0010.txt,batches/02_expression/v01-02_b0010.json,out/02_expression/v01-02_b0010.jsonl
phase1,2,expression,v01-02_b0011,10,2,20,2162,2171,batches/02_expression/v01-02_b0011.txt,batches/02_expression/v01-02_b0011.json,out/02_expression/v01-02_b0011.jsonl
phase1,2,expression,v01-02_b0012,10,2,20,2172,2181,batches/02_expression/v01-02_b0012.txt,batches/02_expression/v01-02_b0012.json,out/02_expression/v01-02_b0012.jsonl
phase1,2,expression,v01-02_b0013,10,2,20,2182,2191,batches/02_expression/v01-02_b0013.txt,batches/02_expression/v01-02_b0013.json,out/02_expression/v01-02_b0013.jsonl
phase1,2,expression,v01-02_b0014,10,2,20,2192,2201,batches/02_expression/v01-02_b0014.txt,batches/02_expression/v01-02_b0014.json,out/02_expression/v01-02_b0014.jsonl
phase1,2,expression,v01-02_b0015,10,2,20,2202,2211,batches/02_expression/v01-02_b0015.txt,batches/02_expression/v01-02_b0015.json,out/02_expression/v01-02_b0015.jsonl
phase1,2,expression,v01-02_b0016,10,2,20,2212,2221,batches/02_expression/v01-02_b0016.txt,batches/02_expression/v01-02_b0016.json,out/02_expression/v01-02_b0016.jsonl
phase1,2,expression,v01-02_b0017,10,2,20,2222,2231,batches/02_expression/v01-02_b0017.txt,batches/02_expression/v01-02_b0017.json,out/02_expression/v01-02_b0017.jsonl
phase1,2,expression,v01-02_b0018,10,2,20,2232,2241,batches/02_expression/v01-02_b0018.txt,batches/02_expression/v01-02_b0018.json,out/02_expression/v01-02_b0018.jsonl
phase1,2,expression,v01-02_b0019,10,2,20,2242,2251,batches/02_expression/v01-02_b0019.txt,batches/02_expression/v01-02_b0019.json,out/02_expression/v01-02_b0019.jsonl
phase1,2,expression,v01-02_b0020,10,2,20,2252,2261,batches/02_expression/v01-02_b0020.txt,batches/02_expression/v01-02_b0020.json,out/02_expression/v01-02_b0020.jsonl
phase1,2,expression,v01-02_b0021,10,2,20,2262,2271,batches/02_expression/v01-02_b0021.txt,batches/02_expression/v01-02_b0021.json,out/02_expression/v01-02_b0021.jsonl
phase1,2,expression,v01-02_b0022,10,2,20,2272,2281,batches/02_expression/v01-02_b0022.txt,batches/02_expression/v01-02_b0022.json,out/02_expression/v01-02_b0022.jsonl
phase1,2,expression,v01-02_b0023,10,2,20,2282,2291,batches/02_expression/v01-02_b0023.txt,batches/02_expression/v01-02_b0023.json,out/02_expression/v01-02_b0023.jsonl
phase1,2,expression,v01-02_b0024,10,2,20,2292,2301,batches/02_expression/v01-02_b0024.txt,batches/02_expression/v01-02_b0024.json,out/02_expression/v01-02_b0024.jsonl
phase1,2,expression,v01-02_b0025,10,2,20,2302,2311,batches/02_expression/v01-02_b0025.txt,batches/02_expression/v01-02_b0025.json,out/02_expression/v01-02_b0025.jsonl
phase1,2,expression,v01-02_b0026,10,2,20,2312,2321,batches/02_expression/v01-02_b0026.txt,batches/02_expression/v01-02_b0026.json,out/02_expression/v01-02_b0026.jsonl
phase1,2,expression,v01-02_b0027,10,2,20,2322,2331,batches/02_expression/v01-02_b0027.txt,batches/02_expression/v01-02_b0027.json,out/02_expression/v01-02_b0027.jsonl
phase1,2,expression,v01-02_b0028,10,2,20,2332,2341,batches/02_expression/v01-02_b0028.txt,batches/02_expression/v01-02_b0028.json,out/02_expression/v01-02_b0028.jsonl
phase1,2,expression,v01-02_b0029,10,2,20,2342,2351,batches/02_expression/v01-02_b0029.txt,batches/02_expression/v01-02_b0029.json,out/02_expression/v01-02_b0029.jsonl
phase1,2,expression,v01-02_b0030,10,2,20,2352,2361,batches/02_expression/v01-02_b0030.txt,batches/02_expression/v01-02_b0030.json,out/02_expression/v01-02_b0030.jsonl
phase1,2,expression,v01-02_b0031,10,2,20,2362,2371,batches/02_expression/v01-02_b0031.txt,batches/02_expression/v01-02_b0031.json,out/02_expression/v01-02_b0031.jsonl
phase1,2,expression,v01-02_b0032,10,2,20,2372,2381,batches/02_expression/v01-02_b0032.txt,batches/02_expression/v01-02_b0032.json,out/02_expression/v01-02_b0032.jsonl
phase1,2,expression,v01-02_b0033,10,2,20,2382,2391,batches/02_expression/v01-02_b0033.txt,batches/02_expression/v01-02_b0033.json,out/02_expression/v01-02_b0033.jsonl
phase1,2,expression,v01-02_b0034,10,2,20,2392,2401,batches/02_expression/v01-02_b0034.txt,batches/02_expression/v01-02_b0034.json,out/02_expression/v01-02_b0034.jsonl
phase1,2,expression,v01-02_b0035,10,2,20,2402,2411,batches/02_expression/v01-02_b0035.txt,batches/02_expression/v01-02_b0035.json,out/02_expression/v01-02_b0035.jsonl
phase1,2,expression,v01-02_b0036,10,2,20,2412,2421,batches/02_expression/v01-02_b0036.txt,batches/02_expression/v01-02_b0036.json,out/02_expression/v01-02_b0036.jsonl
phase1,2,expression,v01-02_b0037,10,2,20,2422,2431,batches/02_expression/v01-02_b0037.txt,batches/02_expression/v01-02_b0037.json,out/02_expression/v01-02_b0037.jsonl
phase1,2,expression,v01-02_b0038,10,2,20,2432,2441,batches/02_expression/v01-02_b0038.txt,batches/02_expression/v01-02_b0038.json,out/02_expression/v01-02_b0038.jsonl
phase1,2,expression,v01-02_b0039,10,2,20,2442,2451,batches/02_expression/v01-02_b0039.txt,batches/02_expression/v01-02_b0039.json,out/02_expression/v01-02_b0039.jsonl
phase1,2,expression,v01-02_b0040,10,2,20,2452,2461,batches/02_expression/v01-02_b0040.txt,batches/02_expression/v01-02_b0040.json,out/02_expression/v01-02_b0040.jsonl
phase1,2,expression,v01-02_b0041,10,2,20,2462,2471,batches/02_expression/v01-02_b0041.txt,batches/02_expression/v01-02_b0041.json,out/02_expression/v01-02_b0041.jsonl
phase1,2,expression,v01-02_b0042,10,2,20,2472,2481,batches/02_expression/v01-02_b0042.txt,batches/02_expression/v01-02_b0042.json,out/02_expression/v01-02_b0042.jsonl
phase1,2,expression,v01-02_b0043,10,2,20,2482,2491,batches/02_expression/v01-02_b0043.txt,batches/02_expression/v01-02_b0043.json,out/02_expression/v01-02_b0043.jsonl
phase1,2,expression,v01-02_b0044,10,2,20,2492,2501,batches/02_expression/v01-02_b0044.txt,batches/02_expression/v01-02_b0044.json,out/02_expression/v01-02_b0044.jsonl
phase1,2,expression,v01-02_b0045,10,2,20,2502,2511,batches/02_expression/v01-02_b0045.txt,batches/02_expression/v01-02_b0045.json,out/02_expression/v01-02_b0045.jsonl
phase1,2,expression,v01-02_b0046,10,2,20,2512,2521,batches/02_expression/v01-02_b0046.txt,batches/02_expression/v01-02_b0046.json,out/02_expression/v01-02_b0046.jsonl
phase1,2,expression,v01-02_b0047,10,2,20,2522,2531,batches/02_expression/v01-02_b0047.txt,batches/02_expression/v01-02_b0047.json,out/02_expression/v01-02_b0047.jsonl
phase1,2,expression,v01-02_b0048,10,2,20,2532,2541,batches/02_expression/v01-02_b0048.txt,batches/02_expression/v01-02_b0048.json,out/02_expression/v01-02_b0048.jsonl
phase1,2,expression,v01-02_b0049,10,2,20,2542,2551,batches/02_expression/v01-02_b0049.txt,batches/02_expression/v01-02_b0049.json,out/02_expression/v01-02_b0049.jsonl
phase1,2,expression,v01-02_b0050,10,2,20,2552,2561,batches/02_expression/v01-02_b0050.txt,batches/02_expression/v01-02_b0050.json,out/02_expression/v01-02_b0050.jsonl
phase1,2,expression,v01-02_b0051,10,2,20,2562,2571,batches/02_expression/v01-02_b0051.txt,batches/02_expression/v01-02_b0051.json,out/02_expression/v01-02_b0051.jsonl
phase1,2,expression,v01-02_b0052,10,2,20,2572,2581,batches/02_expression/v01-02_b0052.txt,batches/02_expression/v01-02_b0052.json,out/02_expression/v01-02_b0052.jsonl
phase1,2,expression,v01-02_b0053,10,2,20,2582,2591,batches/02_expression/v01-02_b0053.txt,batches/02_expression/v01-02_b0053.json,out/02_expression/v01-02_b0053.jsonl
phase1,2,expression,v01-02_b0054,10,2,20,2592,2601,batches/02_expression/v01-02_b0054.txt,batches/02_expression/v01-02_b0054.json,out/02_expression/v01-02_b0054.jsonl
phase1,2,expression,v01-02_b0055,10,2,20,2602,2611,batches/02_expression/v01-02_b0055.txt,batches/02_expression/v01-02_b0055.json,out/02_expression/v01-02_b0055.jsonl
phase1,2,expression,v01-02_b0056,10,2,20,2612,2621,batches/02_expression/v01-02_b0056.txt,batches/02_expression/v01-02_b0056.json,out/02_expression/v01-02_b0056.jsonl
phase1,2,expression,v01-02_b0057,10,2,20,2622,2631,batches/02_expression/v01-02_b0057.txt,batches/02_expression/v01-02_b0057.json,out/02_expression/v01-02_b0057.jsonl
phase1,2,expression,v01-02_b0058,10,2,20,2632,2641,batches/02_expression/v01-02_b0058.txt,batches/02_expression/v01-02_b0058.json,out/02_expression/v01-02_b0058.jsonl
phase1,2,expression,v01-02_b0059,10,2,20,2642,2651,batches/02_expression/v01-02_b0059.txt,batches/02_expression/v01-02_b0059.json,out/02_expression/v01-02_b0059.jsonl
phase1,2,expression,v01-02_b0060,10,2,20,2652,2661,batches/02_expression/v01-02_b0060.txt,batches/02_expression/v01-02_b0060.json,out/02_expression/v01-02_b0060.jsonl
phase1,2,expression,v01-02_b0061,10,2,20,2662,2671,batches/02_expression/v01-02_b0061.txt,batches/02_expression/v01-02_b0061.json,out/02_expression/v01-02_b0061.jsonl
phase1,2,expression,v01-02_b0062,10,2,20,2672,2681,batches/02_expression/v01-02_b0062.txt,batches/02_expression/v01-02_b0062.json,out/02_expression/v01-02_b0062.jsonl
phase1,2,expression,v01-02_b0063,10,2,20,2682,2691,batches/02_expression/v01-02_b0063.txt,batches/02_expression/v01-02_b0063.json,out/02_expression/v01-02_b0063.jsonl
phase1,2,expression,v01-02_b0064,10,2,20,2692,2701,batches/02_expression/v01-02_b0064.txt,batches/02_expression/v01-02_b0064.json,out/02_expression/v01-02_b0064.jsonl
phase1,2,expression,v01-02_b0065,10,2,20,2702,2711,batches/02_expression/v01-02_b0065.txt,batches/02_expression/v01-02_b0065.json,out/02_expression/v01-02_b0065.jsonl
phase1,2,expression,v01-02_b0066,10,2,20,2712,2721,batches/02_expression/v01-02_b0066.txt,batches/02_expression/v01-02_b0066.json,out/02_expression/v01-02_b0066.jsonl
phase1,2,expression,v01-02_b0067,10,2,20,2722,2731,batches/02_expression/v01-02_b0067.txt,batches/02_expression/v01-02_b0067.json,out/02_expression/v01-02_b0067.jsonl
phase1,2,expression,v01-02_b0068,10,2,20,2732,2741,batches/02_expression/v01-02_b0068.txt,batches/02_expression/v01-02_b0068.json,out/02_expression/v01-02_b0068.jsonl
phase1,2,expression,v01-02_b0069,10,2,20,2742,2751,batches/02_expression/v01-02_b0069.txt,batches/02_expression/v01-02_b0069.json,out/02_expression/v01-02_b0069.jsonl
phase1,2,expression,v01-02_b0070,10,2,20,2752,2761,batches/02_expression/v01-02_b0070.txt,batches/02_expression/v01-02_b0070.json,out/02_expression/v01-02_b0070.jsonl
phase1,2,expression,v01-02_b0071,10,2,20,2762,2771,batches/02_expression/v01-02_b0071.txt,batches/02_expression/v01-02_b0071.json,out/02_expression/v01-02_b0071.jsonl
phase1,2,expression,v01-02_b0072,10,2,20,2772,2781,batches/02_expression/v01-02_b0072.txt,batches/02_expression/v01-02_b0072.json,out/02_expression/v01-02_b0072.jsonl
phase1,2,expression,v01-02_b0073,10,2,20,2782,2791,batches/02_expression/v01-02_b0073.txt,batches/02_expression/v01-02_b0073.json,out/02_expression/v01-02_b0073.jsonl
phase1,2,expression,v01-02_b0074,10,2,20,2792,2801,batches/02_expression/v01-02_b0074.txt,batches/02_expression/v01-02_b0074.json,out/02_expression/v01-02_b0074.jsonl
phase1,2,expression,v01-02_b0075,10,2,20,2802,2811,batches/02_expression/v01-02_b0075.txt,batches/02_expression/v01-02_b0075.json,out/02_expression/v01-02_b0075.jsonl
phase1,2,expression,v01-02_b0076,10,2,20,2812,2821,batches/02_expression/v01-02_b0076.txt,batches/02_expression/v01-02_b0076.json,out/02_expression/v01-02_b0076.jsonl
phase1,2,expression,v01-02_b0077,10,2,20,2822,2831,batches/02_expression/v01-02_b0077.txt,batches/02_expression/v01-02_b0077.json,out/02_expression/v01-02_b0077.jsonl
phase1,2,expression,v01-02_b0078,10,2,20,2832,2841,batches/02_expression/v01-02_b0078.txt,batches/02_expression/v01-02_b0078.json,out/02_expression/v01-02_b0078.jsonl
phase1,2,expression,v01-02_b0079,10,2,20,2842,2851,batches/02_expression/v01-02_b0079.txt,batches/02_expression/v01-02_b0079.json,out/02_expression/v01-02_b0079.jsonl
phase1,2,expression,v01-02_b0080,10,2,20,2852,2861,batches/02_expression/v01-02_b0080.txt,batches/02_expression/v01-02_b0080.json,out/02_expression/v01-02_b0080.jsonl
phase1,2,expression,v01-02_b0081,10,2,20,2862,2871,batches/02_expression/v01-02_b0081.txt,batches/02_expression/v01-02_b0081.json,out/02_expression/v01-02_b0081.jsonl
phase1,2,expression,v01-02_b0082,10,2,20,2872,2881,batches/02_expression/v01-02_b0082.txt,batches/02_expression/v01-02_b0082.json,out/02_expression/v01-02_b0082.jsonl
phase1,2,expression,v01-02_b0083,10,2,20,2882,2891,batches/02_expression/v01-02_b0083.txt,batches/02_expression/v01-02_b0083.json,out/02_expression/v01-02_b0083.jsonl
phase1,2,expression,v01-02_b0084,10,2,20,2892,2901,batches/02_expression/v01-02_b0084.txt,batches/02_expression/v01-02_b0084.json,out/02_expression/v01-02_b0084.jsonl
phase1,2,expression,v01-02_b0085,6,2,12,2902,2907,batches/02_expression/v01-02_b0085.txt,batches/02_expression/v01-02_b0085.json,out/02_expression/v01-02_b0085.jsonl
phase1,3,situational,v01-01_b0001,10,1,10,318,327,batches/03_situational/v01-01_b0001.txt,batches/03_situational/v01-01_b0001.json,out/03_situational/v01-01_b0001.jsonl
phase1,3,situational,v01-01_b0002,10,1,10,328,337,batches/03_situational/v01-01_b0002.txt,batches/03_situational/v01-01_b0002.json,out/03_situational/v01-01_b0002.jsonl
phase1,3,situational,v01-01_b0003,10,1,10,338,347,batches/03_situational/v01-01_b0003.txt,batches/03_situational/v01-01_b0003.json,out/03_situational/v01-01_b0003.jsonl
phase1,3,situational,v01-01_b0004,10,1,10,348,357,batches/03_situational/v01-01_b0004.txt,batches/03_situational/v01-01_b0004.json,out/03_situational/v01-01_b0004.jsonl
phase1,3,situational,v01-01_b0005,10,1,10,358,367,batches/03_situational/v01-01_b0005.txt,batches/03_situational/v01-01_b0005.json,out/03_situational/v01-01_b0005.jsonl
phase1,3,situational,v01-01_b0006,10,1,10,368,377,batches/03_situational/v01-01_b0006.txt,batches/03_situational/v01-01_b0006.json,out/03_situational/v01-01_b0006.jsonl
phase1,3,situational,v01-01_b0007,10,1,10,378,387,batches/03_situational/v01-01_b0007.txt,batches/03_situational/v01-01_b0007.json,out/03_situational/v01-01_b0007.jsonl
phase1,3,situational,v01-01_b0008,10,1,10,388,397,batches/03_situational/v01-01_b0008.txt,batches/03_situational/v01-01_b0008.json,out/03_situational/v01-01_b0008.jsonl
phase1,3,situational,v01-01_b0009,10,1,10,398,407,batches/03_situational/v01-01_b0009.txt,batches/03_situational/v01-01_b0009.json,out/03_situational/v01-01_b0009.jsonl
phase1,3,situational,v01-01_b0010,10,1,10,408,417,batches/03_situational/v01-01_b0010.txt,batches/03_situational/v01-01_b0010.json,out/03_situational/v01-01_b0010.jsonl
phase1,3,situational,v01-01_b0011,10,1,10,418,427,batches/03_situational/v01-01_b0011.txt,batches/03_situational/v01-01_b0011.json,out/03_situational/v01-01_b0011.jsonl
phase1,3,situational,v01-01_b0012,10,1,10,428,437,batches/03_situational/v01-01_b0012.txt,batches/03_situational/v01-01_b0012.json,out/03_situational/v01-01_b0012.jsonl
phase1,3,situational,v01-01_b0013,10,1,10,438,447,batches/03_situational/v01-01_b0013.txt,batches/03_situational/v01-01_b0013.json,out/03_situational/v01-01_b0013.jsonl
phase1,3,situational,v01-01_b0014,10,1,10,448,457,batches/03_situational/v01-01_b0014.txt,batches/03_situational/v01-01_b0014.json,out/03_situational/v01-01_b0014.jsonl
phase1,3,situational,v01-01_b0015,10,1,10,458,467,batches/03_situational/v01-01_b0015.txt,batches/03_situational/v01-01_b0015.json,out/03_situational/v01-01_b0015.jsonl
phase1,3,situational,v01-01_b0016,10,1,10,468,477,batches/03_situational/v01-01_b0016.txt,batches/03_situational/v01-01_b0016.json,out/03_situational/v01-01_b0016.jsonl
phase1,3,situational,v01-01_b0017,10,1,10,478,487,batches/03_situational/v01-01_b0017.txt,batches/03_situational/v01-01_b0017.json,out/03_situational/v01-01_b0017.jsonl
phase1,3,situational,v01-01_b0018,10,1,10,488,497,batches/03_situational/v01-01_b0018.txt,batches/03_situational/v01-01_b0018.json,out/03_situational/v01-01_b0018.jsonl
phase1,3,situational,v01-01_b0019,10,1,10,498,507,batches/03_situational/v01-01_b0019.txt,batches/03_situational/v01-01_b0019.json,out/03_situational/v01-01_b0019.jsonl
phase1,3,situational,v01-01_b0020,10,1,10,508,517,batches/03_situational/v01-01_b0020.txt,batches/03_situational/v01-01_b0020.json,out/03_situational/v01-01_b0020.jsonl
phase1,3,situational,v01-01_b0021,10,1,10,518,527,batches/03_situational/v01-01_b0021.txt,batches/03_situational/v01-01_b0021.json,out/03_situational/v01-01_b0021.jsonl
phase1,3,situational,v01-01_b0022,10,1,10,528,537,batches/03_situational/v01-01_b0022.txt,batches/03_situational/v01-01_b0022.json,out/03_situational/v01-01_b0022.jsonl
phase1,3,situational,v01-01_b0023,10,1,10,538,547,batches/03_situational/v01-01_b0023.txt,batches/03_situational/v01-01_b0023.json,out/03_situational/v01-01_b0023.jsonl
phase1,3,situational,v01-01_b0024,10,1,10,548,557,batches/03_situational/v01-01_b0024.txt,batches/03_situational/v01-01_b0024.json,out/03_situational/v01-01_b0024.jsonl
phase1,3,situational,v01-01_b0025,10,1,10,558,567,batches/03_situational/v01-01_b0025.txt,batches/03_situational/v01-01_b0025.json,out/03_situational/v01-01_b0025.jsonl
phase1,3,situational,v01-01_b0026,10,1,10,568,577,batches/03_situational/v01-01_b0026.txt,batches/03_situational/v01-01_b0026.json,out/03_situational/v01-01_b0026.jsonl
phase1,3,situational,v01-01_b0027,10,1,10,578,587,batches/03_situational/v01-01_b0027.txt,batches/03_situational/v01-01_b0027.json,out/03_situational/v01-01_b0027.jsonl
phase1,3,situational,v01-01_b0028,10,1,10,588,597,batches/03_situational/v01-01_b0028.txt,batches/03_situational/v01-01_b0028.json,out/03_situational/v01-01_b0028.jsonl
phase1,3,situational,v01-01_b0029,10,1,10,598,607,batches/03_situational/v01-01_b0029.txt,batches/03_situational/v01-01_b0029.json,out/03_situational/v01-01_b0029.jsonl
phase1,3,situational,v01-01_b0030,10,1,10,608,617,batches/03_situational/v01-01_b0030.txt,batches/03_situational/v01-01_b0030.json,out/03_situational/v01-01_b0030.jsonl
phase1,3,situational,v01-01_b0031,10,1,10,618,627,batches/03_situational/v01-01_b0031.txt,batches/03_situational/v01-01_b0031.json,out/03_situational/v01-01_b0031.jsonl
phase1,3,situational,v01-01_b0032,10,1,10,628,637,batches/03_situational/v01-01_b0032.txt,batches/03_situational/v01-01_b0032.json,out/03_situational/v01-01_b0032.jsonl
phase1,3,situational,v01-01_b0033,10,1,10,638,647,batches/03_situational/v01-01_b0033.txt,batches/03_situational/v01-01_b0033.json,out/03_situational/v01-01_b0033.jsonl
phase1,3,situational,v01-01_b0034,10,1,10,648,657,batches/03_situational/v01-01_b0034.txt,batches/03_situational/v01-01_b0034.json,out/03_situational/v01-01_b0034.jsonl
phase1,3,situational,v01-01_b0035,10,1,10,658,667,batches/03_situational/v01-01_b0035.txt,batches/03_situational/v01-01_b0035.json,out/03_situational/v01-01_b0035.jsonl
phase1,3,situational,v01-01_b0036,10,1,10,668,677,batches/03_situational/v01-01_b0036.txt,batches/03_situational/v01-01_b0036.json,out/03_situational/v01-01_b0036.jsonl
phase1,3,situational,v01-01_b0037,10,1,10,678,687,batches/03_situational/v01-01_b0037.txt,batches/03_situational/v01-01_b0037.json,out/03_situational/v01-01_b0037.jsonl
phase1,3,situational,v01-01_b0038,10,1,10,688,697,batches/03_situational/v01-01_b0038.txt,batches/03_situational/v01-01_b0038.json,out/03_situational/v01-01_b0038.jsonl
phase1,3,situational,v01-01_b0039,10,1,10,698,707,batches/03_situational/v01-01_b0039.txt,batches/03_situational/v01-01_b0039.json,out/03_situational/v01-01_b0039.jsonl
phase1,3,situational,v01-01_b0040,10,1,10,708,717,batches/03_situational/v01-01_b0040.txt,batches/03_situational/v01-01_b0040.json,out/03_situational/v01-01_b0040.jsonl
phase1,3,situational,v01-01_b0041,10,1,10,718,727,batches/03_situational/v01-01_b0041.txt,batches/03_situational/v01-01_b0041.json,out/03_situational/v01-01_b0041.jsonl
phase1,3,situational,v01-01_b0042,10,1,10,728,737,batches/03_situational/v01-01_b0042.txt,batches/03_situational/v01-01_b0042.json,out/03_situational/v01-01_b0042.jsonl
phase1,3,situational,v01-01_b0043,10,1,10,738,747,batches/03_situational/v01-01_b0043.txt,batches/03_situational/v01-01_b0043.json,out/03_situational/v01-01_b0043.jsonl
phase1,3,situational,v01-01_b0044,10,1,10,748,757,batches/03_situational/v01-01_b0044.txt,batches/03_situational/v01-01_b0044.json,out/03_situational/v01-01_b0044.jsonl
phase1,3,situational,v01-01_b0045,10,1,10,758,767,batches/03_situational/v01-01_b0045.txt,batches/03_situational/v01-01_b0045.json,out/03_situational/v01-01_b0045.jsonl
phase1,3,situational,v01-01_b0046,10,1,10,768,777,batches/03_situational/v01-01_b0046.txt,batches/03_situational/v01-01_b0046.json,out/03_situational/v01-01_b0046.jsonl
phase1,3,situational,v01-01_b0047,10,1,10,778,787,batches/03_situational/v01-01_b0047.txt,batches/03_situational/v01-01_b0047.json,out/03_situational/v01-01_b0047.jsonl
phase1,3,situational,v01-01_b0048,10,1,10,788,797,batches/03_situational/v01-01_b0048.txt,batches/03_situational/v01-01_b0048.json,out/03_situational/v01-01_b0048.jsonl
phase1,3,situational,v01-01_b0049,10,1,10,798,807,batches/03_situational/v01-01_b0049.txt,batches/03_situational/v01-01_b0049.json,out/03_situational/v01-01_b0049.jsonl
phase1,3,situational,v01-01_b0050,10,1,10,808,817,batches/03_situational/v01-01_b0050.txt,batches/03_situational/v01-01_b0050.json,out/03_situational/v01-01_b0050.jsonl
phase1,3,situational,v01-01_b0051,10,1,10,818,827,batches/03_situational/v01-01_b0051.txt,batches/03_situational/v01-01_b0051.json,out/03_situational/v01-01_b0051.jsonl
phase1,3,situational,v01-01_b0052,10,1,10,828,837,batches/03_situational/v01-01_b0052.txt,batches/03_situational/v01-01_b0052.json,out/03_situational/v01-01_b0052.jsonl
phase1,3,situational,v01-01_b0053,10,1,10,838,847,batches/03_situational/v01-01_b0053.txt,batches/03_situational/v01-01_b0053.json,out/03_situational/v01-01_b0053.jsonl
phase1,3,situational,v01-01_b0054,10,1,10,848,857,batches/03_situational/v01-01_b0054.txt,batches/03_situational/v01-01_b0054.json,out/03_situational/v01-01_b0054.jsonl
phase1,3,situational,v01-01_b0055,10,1,10,858,867,batches/03_situational/v01-01_b0055.txt,batches/03_situational/v01-01_b0055.json,out/03_situational/v01-01_b0055.jsonl
phase1,3,situational,v01-01_b0056,10,1,10,868,877,batches/03_situational/v01-01_b0056.txt,batches/03_situational/v01-01_b0056.json,out/03_situational/v01-01_b0056.jsonl
phase1,3,situational,v01-01_b0057,10,1,10,878,887,batches/03_situational/v01-01_b0057.txt,batches/03_situational/v01-01_b0057.json,out/03_situational/v01-01_b0057.jsonl
phase1,3,situational,v01-01_b0058,10,1,10,888,897,batches/03_situational/v01-01_b0058.txt,batches/03_situational/v01-01_b0058.json,out/03_situational/v01-01_b0058.jsonl
phase1,3,situational,v01-01_b0059,10,1,10,898,907,batches/03_situational/v01-01_b0059.txt,batches/03_situational/v01-01_b0059.json,out/03_situational/v01-01_b0059.jsonl
phase1,3,situational,v01-01_b0060,10,1,10,908,917,batches/03_situational/v01-01_b0060.txt,batches/03_situational/v01-01_b0060.json,out/03_situational/v01-01_b0060.jsonl
phase1,3,situational,v01-01_b0061,10,1,10,918,927,batches/03_situational/v01-01_b0061.txt,batches/03_situational/v01-01_b0061.json,out/03_situational/v01-01_b0061.jsonl
phase1,3,situational,v01-01_b0062,10,1,10,928,937,batches/03_situational/v01-01_b0062.txt,batches/03_situational/v01-01_b0062.json,out/03_situational/v01-01_b0062.jsonl
phase1,3,situational,v01-01_b0063,10,1,10,938,947,batches/03_situational/v01-01_b0063.txt,batches/03_situational/v01-01_b0063.json,out/03_situational/v01-01_b0063.jsonl
phase1,3,situational,v01-01_b0064,10,1,10,948,957,batches/03_situational/v01-01_b0064.txt,batches/03_situational/v01-01_b0064.json,out/03_situational/v01-01_b0064.jsonl
phase1,3,situational,v01-01_b0065,10,1,10,958,967,batches/03_situational/v01-01_b0065.txt,batches/03_situational/v01-01_b0065.json,out/03_situational/v01-01_b0065.jsonl
phase1,3,situational,v01-01_b0066,10,1,10,968,977,batches/03_situational/v01-01_b0066.txt,batches/03_situational/v01-01_b0066.json,out/03_situational/v01-01_b0066.jsonl
phase1,3,situational,v01-01_b0067,10,1,10,978,987,batches/03_situational/v01-01_b0067.txt,batches/03_situational/v01-01_b0067.json,out/03_situational/v01-01_b0067.jsonl
phase1,3,situational,v01-01_b0068,10,1,10,988,997,batches/03_situational/v01-01_b0068.txt,batches/03_situational/v01-01_b0068.json,out/03_situational/v01-01_b0068.jsonl
phase1,3,situational,v01-01_b0069,10,1,10,998,1007,batches/03_situational/v01-01_b0069.txt,batches/03_situational/v01-01_b0069.json,out/03_situational/v01-01_b0069.jsonl
phase1,3,situational,v01-01_b0070,10,1,10,1008,1017,batches/03_situational/v01-01_b0070.txt,batches/03_situational/v01-01_b0070.json,out/03_situational/v01-01_b0070.jsonl
phase1,3,situational,v01-01_b0071,10,1,10,1018,1027,batches/03_situational/v01-01_b0071.txt,batches/03_situational/v01-01_b0071.json,out/03_situational/v01-01_b0071.jsonl
phase1,3,situational,v01-01_b0072,10,1,10,1028,1037,batches/03_situational/v01-01_b0072.txt,batches/03_situational/v01-01_b0072.json,out/03_situational/v01-01_b0072.jsonl
phase1,3,situational,v01-01_b0073,10,1,10,1038,1047,batches/03_situational/v01-01_b0073.txt,batches/03_situational/v01-01_b0073.json,out/03_situational/v01-01_b0073.jsonl
phase1,3,situational,v01-01_b0074,10,1,10,1048,1057,batches/03_situational/v01-01_b0074.txt,batches/03_situational/v01-01_b0074.json,out/03_situational/v01-01_b0074.jsonl
phase1,3,situational,v01-01_b0075,10,1,10,1058,1067,batches/03_situational/v01-01_b0075.txt,batches/03_situational/v01-01_b0075.json,out/03_situational/v01-01_b0075.jsonl
phase1,3,situational,v01-01_b0076,10,1,10,1068,1077,batches/03_situational/v01-01_b0076.txt,batches/03_situational/v01-01_b0076.json,out/03_situational/v01-01_b0076.jsonl
phase1,3,situational,v01-01_b0077,10,1,10,1078,1087,batches/03_situational/v01-01_b0077.txt,batches/03_situational/v01-01_b0077.json,out/03_situational/v01-01_b0077.jsonl
phase1,3,situational,v01-01_b0078,10,1,10,1088,1097,batches/03_situational/v01-01_b0078.txt,batches/03_situational/v01-01_b0078.json,out/03_situational/v01-01_b0078.jsonl
phase1,3,situational,v01-01_b0079,10,1,10,1098,1107,batches/03_situational/v01-01_b0079.txt,batches/03_situational/v01-01_b0079.json,out/03_situational/v01-01_b0079.jsonl
phase1,3,situational,v01-01_b0080,10,1,10,1108,1117,batches/03_situational/v01-01_b0080.txt,batches/03_situational/v01-01_b0080.json,out/03_situational/v01-01_b0080.jsonl
phase1,3,situational,v01-01_b0081,10,1,10,1118,1127,batches/03_situational/v01-01_b0081.txt,batches/03_situational/v01-01_b0081.json,out/03_situational/v01-01_b0081.jsonl
phase1,3,situational,v01-01_b0082,10,1,10,1128,1137,batches/03_situational/v01-01_b0082.txt,batches/03_situational/v01-01_b0082.json,out/03_situational/v01-01_b0082.jsonl
phase1,3,situational,v01-01_b0083,10,1,10,1138,1147,batches/03_situational/v01-01_b0083.txt,batches/03_situational/v01-01_b0083.json,out/03_situational/v01-01_b0083.jsonl
phase1,3,situational,v01-01_b0084,10,1,10,1148,1157,batches/03_situational/v01-01_b0084.txt,batches/03_situational/v01-01_b0084.json,out/03_situational/v01-01_b0084.jsonl
phase1,3,situational,v01-01_b0085,10,1,10,1158,1167,batches/03_situational/v01-01_b0085.txt,batches/03_situational/v01-01_b0085.json,out/03_situational/v01-01_b0085.jsonl
phase1,3,situational,v01-01_b0086,10,1,10,1168,1177,batches/03_situational/v01-01_b0086.txt,batches/03_situational/v01-01_b0086.json,out/03_situational/v01-01_b0086.jsonl
phase1,3,situational,v01-01_b0087,10,1,10,1178,1187,batches/03_situational/v01-01_b0087.txt,batches/03_situational/v01-01_b0087.json,out/03_situational/v01-01_b0087.jsonl
phase1,3,situational,v01-01_b0088,10,1,10,1188,1197,batches/03_situational/v01-01_b0088.txt,batches/03_situational/v01-01_b0088.json,out/03_situational/v01-01_b0088.jsonl
phase1,3,situational,v01-01_b0089,10,1,10,1198,1207,batches/03_situational/v01-01_b0089.txt,batches/03_situational/v01-01_b0089.json,out/03_situational/v01-01_b0089.jsonl
phase1,3,situational,v01-01_b0090,10,1,10,1208,1217,batches/03_situational/v01-01_b0090.txt,batches/03_situational/v01-01_b0090.json,out/03_situational/v01-01_b0090.jsonl
phase1,3,situational,v01-01_b0091,10,1,10,1218,1227,batches/03_situational/v01-01_b0091.txt,batches/03_situational/v01-01_b0091.json,out/03_situational/v01-01_b0091.jsonl
phase1,3,situational,v01-01_b0092,10,1,10,1228,1237,batches/03_situational/v01-01_b0092.txt,batches/03_situational/v01-01_b0092.json,out/03_situational/v01-01_b0092.jsonl
phase1,3,situational,v01-01_b0093,10,1,10,1238,1247,batches/03_situational/v01-01_b0093.txt,batches/03_situational/v01-01_b0093.json,out/03_situational/v01-01_b0093.jsonl
phase1,3,situational,v01-01_b0094,10,1,10,1248,1257,batches/03_situational/v01-01_b0094.txt,batches/03_situational/v01-01_b0094.json,out/03_situational/v01-01_b0094.jsonl
phase1,3,situational,v01-01_b0095,10,1,10,1258,1267,batches/03_situational/v01-01_b0095.txt,batches/03_situational/v01-01_b0095.json,out/03_situational/v01-01_b0095.jsonl
phase1,3,situational,v01-01_b0096,10,1,10,1268,1277,batches/03_situational/v01-01_b0096.txt,batches/03_situational/v01-01_b0096.json,out/03_situational/v01-01_b0096.jsonl
phase1,3,situational,v01-01_b0097,10,1,10,1278,1287,batches/03_situational/v01-01_b0097.txt,batches/03_situational/v01-01_b0097.json,out/03_situational/v01-01_b0097.jsonl
phase1,3,situational,v01-01_b0098,10,1,10,1288,1297,batches/03_situational/v01-01_b0098.txt,batches/03_situational/v01-01_b0098.json,out/03_situational/v01-01_b0098.jsonl
phase1,3,situational,v01-01_b0099,10,1,10,1298,1307,batches/03_situational/v01-01_b0099.txt,batches/03_situational/v01-01_b0099.json,out/03_situational/v01-01_b0099.jsonl
phase1,3,situational,v01-01_b0100,10,1,10,1308,1317,batches/03_situational/v01-01_b0100.txt,batches/03_situational/v01-01_b0100.json,out/03_situational/v01-01_b0100.jsonl
phase1,3,situational,v01-01_b0101,10,1,10,1318,1327,batches/03_situational/v01-01_b0101.txt,batches/03_situational/v01-01_b0101.json,out/03_situational/v01-01_b0101.jsonl
phase1,3,situational,v01-01_b0102,10,1,10,1328,1337,batches/03_situational/v01-01_b0102.txt,batches/03_situational/v01-01_b0102.json,out/03_situational/v01-01_b0102.jsonl
phase1,3,situational,v01-01_b0103,10,1,10,1338,1347,batches/03_situational/v01-01_b0103.txt,batches/03_situational/v01-01_b0103.json,out/03_situational/v01-01_b0103.jsonl
phase1,3,situational,v01-01_b0104,10,1,10,1348,1357,batches/03_situational/v01-01_b0104.txt,batches/03_situational/v01-01_b0104.json,out/03_situational/v01-01_b0104.jsonl
phase1,3,situational,v01-01_b0105,10,1,10,1358,1367,batches/03_situational/v01-01_b0105.txt,batches/03_situational/v01-01_b0105.json,out/03_situational/v01-01_b0105.jsonl
phase1,3,situational,v01-01_b0106,10,1,10,1368,1377,batches/03_situational/v01-01_b0106.txt,batches/03_situational/v01-01_b0106.json,out/03_situational/v01-01_b0106.jsonl
phase1,3,situational,v01-01_b0107,10,1,10,1378,1387,batches/03_situational/v01-01_b0107.txt,batches/03_situational/v01-01_b0107.json,out/03_situational/v01-01_b0107.jsonl
phase1,3,situational,v01-01_b0108,10,1,10,1388,1397,batches/03_situational/v01-01_b0108.txt,batches/03_situational/v01-01_b0108.json,out/03_situational/v01-01_b0108.jsonl
phase1,3,situational,v01-01_b0109,10,1,10,1398,1407,batches/03_situational/v01-01_b0109.txt,batches/03_situational/v01-01_b0109.json,out/03_situational/v01-01_b0109.jsonl
phase1,3,situational,v01-01_b0110,10,1,10,1408,1417,batches/03_situational/v01-01_b0110.txt,batches/03_situational/v01-01_b0110.json,out/03_situational/v01-01_b0110.jsonl
phase1,3,situational,v01-01_b0111,10,1,10,1418,1427,batches/03_situational/v01-01_b0111.txt,batches/03_situational/v01-01_b0111.json,out/03_situational/v01-01_b0111.jsonl
phase1,3,situational,v01-01_b0112,10,1,10,1428,1437,batches/03_situational/v01-01_b0112.txt,batches/03_situational/v01-01_b0112.json,out/03_situational/v01-01_b0112.jsonl
phase1,3,situational,v01-01_b0113,10,1,10,1438,1447,batches/03_situational/v01-01_b0113.txt,batches/03_situational/v01-01_b0113.json,out/03_situational/v01-01_b0113.jsonl
phase1,3,situational,v01-01_b0114,10,1,10,1448,1457,batches/03_situational/v01-01_b0114.txt,batches/03_situational/v01-01_b0114.json,out/03_situational/v01-01_b0114.jsonl
phase1,3,situational,v01-01_b0115,10,1,10,1458,1467,batches/03_situational/v01-01_b0115.txt,batches/03_situational/v01-01_b0115.json,out/03_situational/v01-01_b0115.jsonl
phase1,3,situational,v01-01_b0116,10,1,10,1468,1477,batches/03_situational/v01-01_b0116.txt,batches/03_situational/v01-01_b0116.json,out/03_situational/v01-01_b0116.jsonl
phase1,3,situational,v01-01_b0117,10,1,10,1478,1487,batches/03_situational/v01-01_b0117.txt,batches/03_situational/v01-01_b0117.json,out/03_situational/v01-01_b0117.jsonl
phase1,3,situational,v01-01_b0118,10,1,10,1488,1497,batches/03_situational/v01-01_b0118.txt,batches/03_situational/v01-01_b0118.json,out/03_situational/v01-01_b0118.jsonl
phase1,3,situational,v01-01_b0119,10,1,10,1498,1507,batches/03_situational/v01-01_b0119.txt,batches/03_situational/v01-01_b0119.json,out/03_situational/v01-01_b0119.jsonl
phase1,3,situational,v01-01_b0120,10,1,10,1508,1517,batches/03_situational/v01-01_b0120.txt,batches/03_situational/v01-01_b0120.json,out/03_situational/v01-01_b0120.jsonl
phase1,3,situational,v01-01_b0121,10,1,10,1518,1527,batches/03_situational/v01-01_b0121.txt,batches/03_situational/v01-01_b0121.json,out/03_situational/v01-01_b0121.jsonl
phase1,3,situational,v01-01_b0122,10,1,10,1528,1537,batches/03_situational/v01-01_b0122.txt,batches/03_situational/v01-01_b0122.json,out/03_situational/v01-01_b0122.jsonl
phase1,3,situational,v01-01_b0123,10,1,10,1538,1547,batches/03_situational/v01-01_b0123.txt,batches/03_situational/v01-01_b0123.json,out/03_situational/v01-01_b0123.jsonl
phase1,3,situational,v01-01_b0124,10,1,10,1548,1557,batches/03_situational/v01-01_b0124.txt,batches/03_situational/v01-01_b0124.json,out/03_situational/v01-01_b0124.jsonl
phase1,3,situational,v01-01_b0125,10,1,10,1558,1567,batches/03_situational/v01-01_b0125.txt,batches/03_situational/v01-01_b0125.json,out/03_situational/v01-01_b0125.jsonl
phase1,3,situational,v01-01_b0126,10,1,10,1568,1577,batches/03_situational/v01-01_b0126.txt,batches/03_situational/v01-01_b0126.json,out/03_situational/v01-01_b0126.jsonl
phase1,3,situational,v01-01_b0127,10,1,10,1578,1587,batches/03_situational/v01-01_b0127.txt,batches/03_situational/v01-01_b0127.json,out/03_situational/v01-01_b0127.jsonl
phase1,3,situational,v01-01_b0128,10,1,10,1588,1597,batches/03_situational/v01-01_b0128.txt,batches/03_situational/v01-01_b0128.json,out/03_situational/v01-01_b0128.jsonl
phase1,3,situational,v01-01_b0129,10,1,10,1598,1607,batches/03_situational/v01-01_b0129.txt,batches/03_situational/v01-01_b0129.json,out/03_situational/v01-01_b0129.jsonl
phase1,3,situational,v01-01_b0130,10,1,10,1608,1617,batches/03_situational/v01-01_b0130.txt,batches/03_situational/v01-01_b0130.json,out/03_situational/v01-01_b0130.jsonl
phase1,3,situational,v01-01_b0131,10,1,10,1618,1627,batches/03_situational/v01-01_b0131.txt,batches/03_situational/v01-01_b0131.json,out/03_situational/v01-01_b0131.jsonl
phase1,3,situational,v01-01_b0132,10,1,10,1628,1637,batches/03_situational/v01-01_b0132.txt,batches/03_situational/v01-01_b0132.json,out/03_situational/v01-01_b0132.jsonl
phase1,3,situational,v01-01_b0133,10,1,10,1638,1647,batches/03_situational/v01-01_b0133.txt,batches/03_situational/v01-01_b0133.json,out/03_situational/v01-01_b0133.jsonl
phase1,3,situational,v01-01_b0134,10,1,10,1648,1657,batches/03_situational/v01-01_b0134.txt,batches/03_situational/v01-01_b0134.json,out/03_situational/v01-01_b0134.jsonl
phase1,3,situational,v01-01_b0135,10,1,10,1658,1667,batches/03_situational/v01-01_b0135.txt,batches/03_situational/v01-01_b0135.json,out/03_situational/v01-01_b0135.jsonl
phase1,3,situational,v01-01_b0136,10,1,10,1668,1677,batches/03_situational/v01-01_b0136.txt,batches/03_situational/v01-01_b0136.json,out/03_situational/v01-01_b0136.jsonl
phase1,3,situational,v01-01_b0137,10,1,10,1678,1687,batches/03_situational/v01-01_b0137.txt,batches/03_situational/v01-01_b0137.json,out/03_situational/v01-01_b0137.jsonl
phase1,3,situational,v01-01_b0138,10,1,10,1688,1697,batches/03_situational/v01-01_b0138.txt,batches/03_situational/v01-01_b0138.json,out/03_situational/v01-01_b0138.jsonl
phase1,3,situational,v01-01_b0139,10,1,10,1698,1707,batches/03_situational/v01-01_b0139.txt,batches/03_situational/v01-01_b0139.json,out/03_situational/v01-01_b0139.jsonl
phase1,3,situational,v01-01_b0140,10,1,10,1708,1717,batches/03_situational/v01-01_b0140.txt,batches/03_situational/v01-01_b0140.json,out/03_situational/v01-01_b0140.jsonl
phase1,3,situational,v01-01_b0141,10,1,10,1718,1727,batches/03_situational/v01-01_b0141.txt,batches/03_situational/v01-01_b0141.json,out/03_situational/v01-01_b0141.jsonl
phase1,3,situational,v01-01_b0142,10,1,10,1728,1737,batches/03_situational/v01-01_b0142.txt,batches/03_situational/v01-01_b0142.json,out/03_situational/v01-01_b0142.jsonl
phase1,3,situational,v01-01_b0143,10,1,10,1738,1747,batches/03_situational/v01-01_b0143.txt,batches/03_situational/v01-01_b0143.json,out/03_situational/v01-01_b0143.jsonl
phase1,3,situational,v01-01_b0144,10,1,10,1748,1757,batches/03_situational/v01-01_b0144.txt,batches/03_situational/v01-01_b0144.json,out/03_situational/v01-01_b0144.jsonl
phase1,3,situational,v01-01_b0145,10,1,10,1758,1767,batches/03_situational/v01-01_b0145.txt,batches/03_situational/v01-01_b0145.json,out/03_situational/v01-01_b0145.jsonl
phase1,3,situational,v01-01_b0146,10,1,10,1768,1777,batches/03_situational/v01-01_b0146.txt,batches/03_situational/v01-01_b0146.json,out/03_situational/v01-01_b0146.jsonl
phase1,3,situational,v01-01_b0147,10,1,10,1778,1787,batches/03_situational/v01-01_b0147.txt,batches/03_situational/v01-01_b0147.json,out/03_situational/v01-01_b0147.jsonl
phase1,3,situational,v01-01_b0148,10,1,10,1788,1797,batches/03_situational/v01-01_b0148.txt,batches/03_situational/v01-01_b0148.json,out/03_situational/v01-01_b0148.jsonl
phase1,3,situational,v01-01_b0149,10,1,10,1798,1807,batches/03_situational/v01-01_b0149.txt,batches/03_situational/v01-01_b0149.json,out/03_situational/v01-01_b0149.jsonl
phase1,3,situational,v01-01_b0150,10,1,10,1808,1817,batches/03_situational/v01-01_b0150.txt,batches/03_situational/v01-01_b0150.json,out/03_situational/v01-01_b0150.jsonl
phase1,3,situational,v01-01_b0151,10,1,10,1818,1827,batches/03_situational/v01-01_b0151.txt,batches/03_situational/v01-01_b0151.json,out/03_situational/v01-01_b0151.jsonl
phase1,3,situational,v01-01_b0152,10,1,10,1828,1837,batches/03_situational/v01-01_b0152.txt,batches/03_situational/v01-01_b0152.json,out/03_situational/v01-01_b0152.jsonl
phase1,3,situational,v01-01_b0153,10,1,10,1838,1847,batches/03_situational/v01-01_b0153.txt,batches/03_situational/v01-01_b0153.json,out/03_situational/v01-01_b0153.jsonl
phase1,3,situational,v01-01_b0154,10,1,10,1848,1857,batches/03_situational/v01-01_b0154.txt,batches/03_situational/v01-01_b0154.json,out/03_situational/v01-01_b0154.jsonl
phase1,3,situational,v01-01_b0155,10,1,10,1858,1867,batches/03_situational/v01-01_b0155.txt,batches/03_situational/v01-01_b0155.json,out/03_situational/v01-01_b0155.jsonl
phase1,3,situational,v01-01_b0156,10,1,10,1868,1877,batches/03_situational/v01-01_b0156.txt,batches/03_situational/v01-01_b0156.json,out/03_situational/v01-01_b0156.jsonl
phase1,3,situational,v01-01_b0157,10,1,10,1878,1887,batches/03_situational/v01-01_b0157.txt,batches/03_situational/v01-01_b0157.json,out/03_situational/v01-01_b0157.jsonl
phase1,3,situational,v01-01_b0158,10,1,10,1888,1897,batches/03_situational/v01-01_b0158.txt,batches/03_situational/v01-01_b0158.json,out/03_situational/v01-01_b0158.jsonl
phase1,3,situational,v01-01_b0159,10,1,10,1898,1907,batches/03_situational/v01-01_b0159.txt,batches/03_situational/v01-01_b0159.json,out/03_situational/v01-01_b0159.jsonl
phase1,3,situational,v01-01_b0160,10,1,10,1908,1917,batches/03_situational/v01-01_b0160.txt,batches/03_situational/v01-01_b0160.json,out/03_situational/v01-01_b0160.jsonl
phase1,3,situational,v01-01_b0161,10,1,10,1918,1927,batches/03_situational/v01-01_b0161.txt,batches/03_situational/v01-01_b0161.json,out/03_situational/v01-01_b0161.jsonl
phase1,3,situational,v01-01_b0162,10,1,10,1928,1937,batches/03_situational/v01-01_b0162.txt,batches/03_situational/v01-01_b0162.json,out/03_situational/v01-01_b0162.jsonl
phase1,3,situational,v01-01_b0163,10,1,10,1938,1947,batches/03_situational/v01-01_b0163.txt,batches/03_situational/v01-01_b0163.json,out/03_situational/v01-01_b0163.jsonl
phase1,3,situational,v01-01_b0164,10,1,10,1948,1957,batches/03_situational/v01-01_b0164.txt,batches/03_situational/v01-01_b0164.json,out/03_situational/v01-01_b0164.jsonl
phase1,3,situational,v01-01_b0165,10,1,10,1958,1967,batches/03_situational/v01-01_b0165.txt,batches/03_situational/v01-01_b0165.json,out/03_situational/v01-01_b0165.jsonl
phase1,3,situational,v01-01_b0166,10,1,10,1968,1977,batches/03_situational/v01-01_b0166.txt,batches/03_situational/v01-01_b0166.json,out/03_situational/v01-01_b0166.jsonl
phase1,3,situational,v01-01_b0167,10,1,10,1978,1987,batches/03_situational/v01-01_b0167.txt,batches/03_situational/v01-01_b0167.json,out/03_situational/v01-01_b0167.jsonl
phase1,3,situational,v01-01_b0168,10,1,10,1988,1997,batches/03_situational/v01-01_b0168.txt,batches/03_situational/v01-01_b0168.json,out/03_situational/v01-01_b0168.jsonl
phase1,3,situational,v01-01_b0169,10,1,10,1998,2007,batches/03_situational/v01-01_b0169.txt,batches/03_situational/v01-01_b0169.json,out/03_situational/v01-01_b0169.jsonl
phase1,3,situational,v01-01_b0170,10,1,10,2008,2017,batches/03_situational/v01-01_b0170.txt,batches/03_situational/v01-01_b0170.json,out/03_situational/v01-01_b0170.jsonl
phase1,3,situational,v01-01_b0171,10,1,10,2018,2027,batches/03_situational/v01-01_b0171.txt,batches/03_situational/v01-01_b0171.json,out/03_situational/v01-01_b0171.jsonl
phase1,3,situational,v01-01_b0172,10,1,10,2028,2037,batches/03_situational/v01-01_b0172.txt,batches/03_situational/v01-01_b0172.json,out/03_situational/v01-01_b0172.jsonl
phase1,3,situational,v01-01_b0173,10,1,10,2038,2047,batches/03_situational/v01-01_b0173.txt,batches/03_situational/v01-01_b0173.json,out/03_situational/v01-01_b0173.jsonl
phase1,3,situational,v01-01_b0174,10,1,10,2048,2057,batches/03_situational/v01-01_b0174.txt,batches/03_situational/v01-01_b0174.json,out/03_situational/v01-01_b0174.jsonl
phase1,3,situational,v01-01_b0175,4,1,4,2058,2061,batches/03_situational/v01-01_b0175.txt,batches/03_situational/v01-01_b0175.json,out/03_situational/v01-01_b0175.jsonl
phase1,4,dynamics,v01-02_b0001,10,2,20,2908,2917,batches/04_dynamics/v01-02_b0001.txt,batches/04_dynamics/v01-02_b0001.json,out/04_dynamics/v01-02_b0001.jsonl
phase1,4,dynamics,v01-02_b0002,10,2,20,2918,2927,batches/04_dynamics/v01-02_b0002.txt,batches/04_dynamics/v01-02_b0002.json,out/04_dynamics/v01-02_b0002.jsonl
phase1,4,dynamics,v01-02_b0003,10,2,20,2928,2937,batches/04_dynamics/v01-02_b0003.txt,batches/04_dynamics/v01-02_b0003.json,out/04_dynamics/v01-02_b0003.jsonl
phase1,4,dynamics,v01-02_b0004,10,2,20,2938,2947,batches/04_dynamics/v01-02_b0004.txt,batches/04_dynamics/v01-02_b0004.json,out/04_dynamics/v01-02_b0004.jsonl
phase1,4,dynamics,v01-02_b0005,10,2,20,2948,2957,batches/04_dynamics/v01-02_b0005.txt,batches/04_dynamics/v01-02_b0005.json,out/04_dynamics/v01-02_b0005.jsonl
phase1,4,dynamics,v01-02_b0006,10,2,20,2958,2967,batches/04_dynamics/v01-02_b0006.txt,batches/04_dynamics/v01-02_b0006.json,out/04_dynamics/v01-02_b0006.jsonl
phase1,4,dynamics,v01-02_b0007,10,2,20,2968,2977,batches/04_dynamics/v01-02_b0007.txt,batches/04_dynamics/v01-02_b0007.json,out/04_dynamics/v01-02_b0007.jsonl
phase1,4,dynamics,v01-02_b0008,10,2,20,2978,2987,batches/04_dynamics/v01-02_b0008.txt,batches/04_dynamics/v01-02_b0008.json,out/04_dynamics/v01-02_b0008.jsonl
phase1,4,dynamics,v01-02_b0009,10,2,20,2988,2997,batches/04_dynamics/v01-02_b0009.txt,batches/04_dynamics/v01-02_b0009.json,out/04_dynamics/v01-02_b0009.jsonl
phase1,4,dynamics,v01-02_b0010,10,2,20,2998,3007,batches/04_dynamics/v01-02_b0010.txt,batches/04_dynamics/v01-02_b0010.json,out/04_dynamics/v01-02_b0010.jsonl
phase1,4,dynamics,v01-02_b0011,10,2,20,3008,3017,batches/04_dynamics/v01-02_b0011.txt,batches/04_dynamics/v01-02_b0011.json,out/04_dynamics/v01-02_b0011.jsonl
phase1,4,dynamics,v01-02_b0012,10,2,20,3018,3027,batches/04_dynamics/v01-02_b0012.txt,batches/04_dynamics/v01-02_b0012.json,out/04_dynamics/v01-02_b0012.jsonl
phase1,4,dynamics,v01-02_b0013,10,2,20,3028,3037,batches/04_dynamics/v01-02_b0013.txt,batches/04_dynamics/v01-02_b0013.json,out/04_dynamics/v01-02_b0013.jsonl
phase1,4,dynamics,v01-02_b0014,10,2,20,3038,3047,batches/04_dynamics/v01-02_b0014.txt,batches/04_dynamics/v01-02_b0014.json,out/04_dynamics/v01-02_b0014.jsonl
phase1,4,dynamics,v01-02_b0015,10,2,20,3048,3057,batches/04_dynamics/v01-02_b0015.txt,batches/04_dynamics/v01-02_b0015.json,out/04_dynamics/v01-02_b0015.jsonl
phase1,4,dynamics,v01-02_b0016,10,2,20,3058,3067,batches/04_dynamics/v01-02_b0016.txt,batches/04_dynamics/v01-02_b0016.json,out/04_dynamics/v01-02_b0016.jsonl
phase1,4,dynamics,v01-02_b0017,10,2,20,3068,3077,batches/04_dynamics/v01-02_b0017.txt,batches/04_dynamics/v01-02_b0017.json,out/04_dynamics/v01-02_b0017.jsonl
phase1,4,dynamics,v01-02_b0018,10,2,20,3078,3087,batches/04_dynamics/v01-02_b0018.txt,batches/04_dynamics/v01-02_b0018.json,out/04_dynamics/v01-02_b0018.jsonl
phase1,4,dynamics,v01-02_b0019,10,2,20,3088,3097,batches/04_dynamics/v01-02_b0019.txt,batches/04_dynamics/v01-02_b0019.json,out/04_dynamics/v01-02_b0019.jsonl
phase1,4,dynamics,v01-02_b0020,10,2,20,3098,3107,batches/04_dynamics/v01-02_b0020.txt,batches/04_dynamics/v01-02_b0020.json,out/04_dynamics/v01-02_b0020.jsonl
phase1,4,dynamics,v01-02_b0021,10,2,20,3108,3117,batches/04_dynamics/v01-02_b0021.txt,batches/04_dynamics/v01-02_b0021.json,out/04_dynamics/v01-02_b0021.jsonl
phase1,4,dynamics,v01-02_b0022,10,2,20,3118,3127,batches/04_dynamics/v01-02_b0022.txt,batches/04_dynamics/v01-02_b0022.json,out/04_dynamics/v01-02_b0022.jsonl
phase1,4,dynamics,v01-02_b0023,10,2,20,3128,3137,batches/04_dynamics/v01-02_b0023.txt,batches/04_dynamics/v01-02_b0023.json,out/04_dynamics/v01-02_b0023.jsonl
phase1,4,dynamics,v01-02_b0024,10,2,20,3138,3147,batches/04_dynamics/v01-02_b0024.txt,batches/04_dynamics/v01-02_b0024.json,out/04_dynamics/v01-02_b0024.jsonl
phase1,4,dynamics,v01-02_b0025,10,2,20,3148,3157,batches/04_dynamics/v01-02_b0025.txt,batches/04_dynamics/v01-02_b0025.json,out/04_dynamics/v01-02_b0025.jsonl
phase1,4,dynamics,v01-02_b0026,10,2,20,3158,3167,batches/04_dynamics/v01-02_b0026.txt,batches/04_dynamics/v01-02_b0026.json,out/04_dynamics/v01-02_b0026.jsonl
phase1,4,dynamics,v01-02_b0027,10,2,20,3168,3177,batches/04_dynamics/v01-02_b0027.txt,batches/04_dynamics/v01-02_b0027.json,out/04_dynamics/v01-02_b0027.jsonl
phase1,4,dynamics,v01-02_b0028,10,2,20,3178,3187,batches/04_dynamics/v01-02_b0028.txt,batches/04_dynamics/v01-02_b0028.json,out/04_dynamics/v01-02_b0028.jsonl
phase1,4,dynamics,v01-02_b0029,10,2,20,3188,3197,batches/04_dynamics/v01-02_b0029.txt,batches/04_dynamics/v01-02_b0029.json,out/04_dynamics/v01-02_b0029.jsonl
phase1,4,dynamics,v01-02_b0030,10,2,20,3198,3207,batches/04_dynamics/v01-02_b0030.txt,batches/04_dynamics/v01-02_b0030.json,out/04_dynamics/v01-02_b0030.jsonl
phase1,4,dynamics,v01-02_b0031,10,2,20,3208,3217,batches/04_dynamics/v01-02_b0031.txt,batches/04_dynamics/v01-02_b0031.json,out/04_dynamics/v01-02_b0031.jsonl
phase1,4,dynamics,v01-02_b0032,10,2,20,3218,3227,batches/04_dynamics/v01-02_b0032.txt,batches/04_dynamics/v01-02_b0032.json,out/04_dynamics/v01-02_b0032.jsonl
phase1,4,dynamics,v01-02_b0033,10,2,20,3228,3237,batches/04_dynamics/v01-02_b0033.txt,batches/04_dynamics/v01-02_b0033.json,out/04_dynamics/v01-02_b0033.jsonl
phase1,4,dynamics,v01-02_b0034,10,2,20,3238,3247,batches/04_dynamics/v01-02_b0034.txt,batches/04_dynamics/v01-02_b0034.json,out/04_dynamics/v01-02_b0034.jsonl
phase1,4,dynamics,v01-02_b0035,10,2,20,3248,3257,batches/04_dynamics/v01-02_b0035.txt,batches/04_dynamics/v01-02_b0035.json,out/04_dynamics/v01-02_b0035.jsonl
phase1,4,dynamics,v01-02_b0036,10,2,20,3258,3267,batches/04_dynamics/v01-02_b0036.txt,batches/04_dynamics/v01-02_b0036.json,out/04_dynamics/v01-02_b0036.jsonl
phase1,4,dynamics,v01-02_b0037,10,2,20,3268,3277,batches/04_dynamics/v01-02_b0037.txt,batches/04_dynamics/v01-02_b0037.json,out/04_dynamics/v01-02_b0037.jsonl
phase1,4,dynamics,v01-02_b0038,10,2,20,3278,3287,batches/04_dynamics/v01-02_b0038.txt,batches/04_dynamics/v01-02_b0038.json,out/04_dynamics/v01-02_b0038.jsonl
phase1,4,dynamics,v01-02_b0039,10,2,20,3288,3297,batches/04_dynamics/v01-02_b0039.txt,batches/04_dynamics/v01-02_b0039.json,out/04_dynamics/v01-02_b0039.jsonl
phase1,4,dynamics,v01-02_b0040,10,2,20,3298,3307,batches/04_dynamics/v01-02_b0040.txt,batches/04_dynamics/v01-02_b0040.json,out/04_dynamics/v01-02_b0040.jsonl
phase1,4,dynamics,v01-02_b0041,10,2,20,3308,3317,batches/04_dynamics/v01-02_b0041.txt,batches/04_dynamics/v01-02_b0041.json,out/04_dynamics/v01-02_b0041.jsonl
phase1,4,dynamics,v01-02_b0042,10,2,20,3318,3327,batches/04_dynamics/v01-02_b0042.txt,batches/04_dynamics/v01-02_b0042.json,out/04_dynamics/v01-02_b0042.jsonl
phase1,4,dynamics,v01-02_b0043,10,2,20,3328,3337,batches/04_dynamics/v01-02_b0043.txt,batches/04_dynamics/v01-02_b0043.json,out/04_dynamics/v01-02_b0043.jsonl
phase1,4,dynamics,v01-02_b0044,10,2,20,3338,3347,batches/04_dynamics/v01-02_b0044.txt,batches/04_dynamics/v01-02_b0044.json,out/04_dynamics/v01-02_b0044.jsonl
phase1,4,dynamics,v01-02_b0045,1,2,2,3348,3348,batches/04_dynamics/v01-02_b0045.txt,batches/04_dynamics/v01-02_b0045.json,out/04_dynamics/v01-02_b0045.jsonl
phase1,5,cognitive,v01-03_b0001,10,3,30,3570,3579,batches/05_cognitive/v01-03_b0001.txt,batches/05_cognitive/v01-03_b0001.json,out/05_cognitive/v01-03_b0001.jsonl
phase1,5,cognitive,v01-03_b0002,10,3,30,3580,3589,batches/05_cognitive/v01-03_b0002.txt,batches/05_cognitive/v01-03_b0002.json,out/05_cognitive/v01-03_b0002.jsonl
phase1,5,cognitive,v01-03_b0003,10,3,30,3590,3599,batches/05_cognitive/v01-03_b0003.txt,batches/05_cognitive/v01-03_b0003.json,out/05_cognitive/v01-03_b0003.jsonl
phase1,5,cognitive,v01-03_b0004,10,3,30,3600,3609,batches/05_cognitive/v01-03_b0004.txt,batches/05_cognitive/v01-03_b0004.json,out/05_cognitive/v01-03_b0004.jsonl
phase1,5,cognitive,v01-03_b0005,10,3,30,3610,3619,batches/05_cognitive/v01-03_b0005.txt,batches/05_cognitive/v01-03_b0005.json,out/05_cognitive/v01-03_b0005.jsonl
phase1,5,cognitive,v01-03_b0006,10,3,30,3620,3629,batches/05_cognitive/v01-03_b0006.txt,batches/05_cognitive/v01-03_b0006.json,out/05_cognitive/v01-03_b0006.jsonl
phase1,5,cognitive,v01-03_b0007,10,3,30,3630,3639,batches/05_cognitive/v01-03_b0007.txt,batches/05_cognitive/v01-03_b0007.json,out/05_cognitive/v01-03_b0007.jsonl
phase1,5,cognitive,v01-03_b0008,10,3,30,3640,3649,batches/05_cognitive/v01-03_b0008.txt,batches/05_cognitive/v01-03_b0008.json,out/05_cognitive/v01-03_b0008.jsonl
phase1,5,cognitive,v01-03_b0009,10,3,30,3650,3659,batches/05_cognitive/v01-03_b0009.txt,batches/05_cognitive/v01-03_b0009.json,out/05_cognitive/v01-03_b0009.jsonl
phase1,5,cognitive,v01-03_b0010,10,3,30,3660,3669,batches/05_cognitive/v01-03_b0010.txt,batches/05_cognitive/v01-03_b0010.json,out/05_cognitive/v01-03_b0010.jsonl
phase1,5,cognitive,v01-03_b0011,10,3,30,3670,3679,batches/05_cognitive/v01-03_b0011.txt,batches/05_cognitive/v01-03_b0011.json,out/05_cognitive/v01-03_b0011.jsonl
phase1,5,cognitive,v01-03_b0012,10,3,30,3680,3689,batches/05_cognitive/v01-03_b0012.txt,batches/05_cognitive/v01-03_b0012.json,out/05_cognitive/v01-03_b0012.jsonl
phase1,5,cognitive,v01-03_b0013,10,3,30,3690,3699,batches/05_cognitive/v01-03_b0013.txt,batches/05_cognitive/v01-03_b0013.json,out/05_cognitive/v01-03_b0013.jsonl
phase1,5,cognitive,v01-03_b0014,10,3,30,3700,3709,batches/05_cognitive/v01-03_b0014.txt,batches/05_cognitive/v01-03_b0014.json,out/05_cognitive/v01-03_b0014.jsonl
phase1,5,cognitive,v01-03_b0015,10,3,30,3710,3719,batches/05_cognitive/v01-03_b0015.txt,batches/05_cognitive/v01-03_b0015.json,out/05_cognitive/v01-03_b0015.jsonl
phase1,5,cognitive,v01-03_b0016,10,3,30,3720,3729,batches/05_cognitive/v01-03_b0016.txt,batches/05_cognitive/v01-03_b0016.json,out/05_cognitive/v01-03_b0016.jsonl
phase1,5,cognitive,v01-03_b0017,10,3,30,3730,3739,batches/05_cognitive/v01-03_b0017.txt,batches/05_cognitive/v01-03_b0017.json,out/05_cognitive/v01-03_b0017.jsonl
phase1,5,cognitive,v01-03_b0018,10,3,30,3740,3749,batches/05_cognitive/v01-03_b0018.txt,batches/05_cognitive/v01-03_b0018.json,out/05_cognitive/v01-03_b0018.jsonl
phase1,5,cognitive,v01-03_b0019,10,3,30,3750,3759,batches/05_cognitive/v01-03_b0019.txt,batches/05_cognitive/v01-03_b0019.json,out/05_cognitive/v01-03_b0019.jsonl
phase1,5,cognitive,v01-03_b0020,10,3,30,3760,3769,batches/05_cognitive/v01-03_b0020.txt,batches/05_cognitive/v01-03_b0020.json,out/05_cognitive/v01-03_b0020.jsonl
phase1,5,cognitive,v01-03_b0021,10,3,30,3770,3779,batches/05_cognitive/v01-03_b0021.txt,batches/05_cognitive/v01-03_b0021.json,out/05_cognitive/v01-03_b0021.jsonl
phase1,5,cognitive,v01-03_b0022,10,3,30,3780,3789,batches/05_cognitive/v01-03_b0022.txt,batches/05_cognitive/v01-03_b0022.json,out/05_cognitive/v01-03_b0022.jsonl
phase1,5,cognitive,v01-03_b0023,10,3,30,3790,3799,batches/05_cognitive/v01-03_b0023.txt,batches/05_cognitive/v01-03_b0023.json,out/05_cognitive/v01-03_b0023.jsonl
phase1,5,cognitive,v01-03_b0024,10,3,30,3800,3809,batches/05_cognitive/v01-03_b0024.txt,batches/05_cognitive/v01-03_b0024.json,out/05_cognitive/v01-03_b0024.jsonl
phase1,5,cognitive,v01-03_b0025,10,3,30,3810,3819,batches/05_cognitive/v01-03_b0025.txt,batches/05_cognitive/v01-03_b0025.json,out/05_cognitive/v01-03_b0025.jsonl
phase1,5,cognitive,v01-03_b0026,10,3,30,3820,3829,batches/05_cognitive/v01-03_b0026.txt,batches/05_cognitive/v01-03_b0026.json,out/05_cognitive/v01-03_b0026.jsonl
phase1,5,cognitive,v01-03_b0027,10,3,30,3830,3839,batches/05_cognitive/v01-03_b0027.txt,batches/05_cognitive/v01-03_b0027.json,out/05_cognitive/v01-03_b0027.jsonl
phase1,5,cognitive,v01-03_b0028,10,3,30,3840,3849,batches/05_cognitive/v01-03_b0028.txt,batches/05_cognitive/v01-03_b0028.json,out/05_cognitive/v01-03_b0028.jsonl
phase1,5,cognitive,v01-03_b0029,10,3,30,3850,3859,batches/05_cognitive/v01-03_b0029.txt,batches/05_cognitive/v01-03_b0029.json,out/05_cognitive/v01-03_b0029.jsonl
phase1,5,cognitive,v01-03_b0030,10,3,30,3860,3869,batches/05_cognitive/v01-03_b0030.txt,batches/05_cognitive/v01-03_b0030.json,out/05_cognitive/v01-03_b0030.jsonl
phase1,5,cognitive,v01-03_b0031,10,3,30,3870,3879,batches/05_cognitive/v01-03_b0031.txt,batches/05_cognitive/v01-03_b0031.json,out/05_cognitive/v01-03_b0031.jsonl
phase1,5,cognitive,v01-03_b0032,10,3,30,3880,3889,batches/05_cognitive/v01-03_b0032.txt,batches/05_cognitive/v01-03_b0032.json,out/05_cognitive/v01-03_b0032.jsonl
phase1,5,cognitive,v01-03_b0033,10,3,30,3890,3899,batches/05_cognitive/v01-03_b0033.txt,batches/05_cognitive/v01-03_b0033.json,out/05_cognitive/v01-03_b0033.jsonl
phase1,5,cognitive,v01-03_b0034,10,3,30,3900,3909,batches/05_cognitive/v01-03_b0034.txt,batches/05_cognitive/v01-03_b0034.json,out/05_cognitive/v01-03_b0034.jsonl
phase1,5,cognitive,v01-03_b0035,10,3,30,3910,3919,batches/05_cognitive/v01-03_b0035.txt,batches/05_cognitive/v01-03_b0035.json,out/05_cognitive/v01-03_b0035.jsonl
phase1,5,cognitive,v01-03_b0036,10,3,30,3920,3929,batches/05_cognitive/v01-03_b0036.txt,batches/05_cognitive/v01-03_b0036.json,out/05_cognitive/v01-03_b0036.jsonl
phase1,5,cognitive,v01-03_b0037,10,3,30,3930,3939,batches/05_cognitive/v01-03_b0037.txt,batches/05_cognitive/v01-03_b0037.json,out/05_cognitive/v01-03_b0037.jsonl
phase1,5,cognitive,v01-03_b0038,10,3,30,3940,3949,batches/05_cognitive/v01-03_b0038.txt,batches/05_cognitive/v01-03_b0038.json,out/05_cognitive/v01-03_b0038.jsonl
phase1,5,cognitive,v01-03_b0039,10,3,30,3950,3959,batches/05_cognitive/v01-03_b0039.txt,batches/05_cognitive/v01-03_b0039.json,out/05_cognitive/v01-03_b0039.jsonl
phase1,5,cognitive,v01-03_b0040,10,3,30,3960,3969,batches/05_cognitive/v01-03_b0040.txt,batches/05_cognitive/v01-03_b0040.json,out/05_cognitive/v01-03_b0040.jsonl
phase1,5,cognitive,v01-03_b0041,10,3,30,3970,3979,batches/05_cognitive/v01-03_b0041.txt,batches/05_cognitive/v01-03_b0041.json,out/05_cognitive/v01-03_b0041.jsonl
phase1,5,cognitive,v01-03_b0042,10,3,30,3980,3989,batches/05_cognitive/v01-03_b0042.txt,batches/05_cognitive/v01-03_b0042.json,out/05_cognitive/v01-03_b0042.jsonl
phase1,5,cognitive,v01-03_b0043,10,3,30,3990,3999,batches/05_cognitive/v01-03_b0043.txt,batches/05_cognitive/v01-03_b0043.json,out/05_cognitive/v01-03_b0043.jsonl
phase1,5,cognitive,v01-03_b0044,10,3,30,4000,4009,batches/05_cognitive/v01-03_b0044.txt,batches/05_cognitive/v01-03_b0044.json,out/05_cognitive/v01-03_b0044.jsonl
phase1,5,cognitive,v01-03_b0045,10,3,30,4010,4019,batches/05_cognitive/v01-03_b0045.txt,batches/05_cognitive/v01-03_b0045.json,out/05_cognitive/v01-03_b0045.jsonl
phase1,5,cognitive,v01-03_b0046,10,3,30,4020,4029,batches/05_cognitive/v01-03_b0046.txt,batches/05_cognitive/v01-03_b0046.json,out/05_cognitive/v01-03_b0046.jsonl
phase1,5,cognitive,v01-03_b0047,10,3,30,4030,4039,batches/05_cognitive/v01-03_b0047.txt,batches/05_cognitive/v01-03_b0047.json,out/05_cognitive/v01-03_b0047.jsonl
phase1,5,cognitive,v01-03_b0048,10,3,30,4040,4049,batches/05_cognitive/v01-03_b0048.txt,batches/05_cognitive/v01-03_b0048.json,out/05_cognitive/v01-03_b0048.jsonl
phase1,5,cognitive,v01-03_b0049,10,3,30,4050,4059,batches/05_cognitive/v01-03_b0049.txt,batches/05_cognitive/v01-03_b0049.json,out/05_cognitive/v01-03_b0049.jsonl
phase1,5,cognitive,v01-03_b0050,10,3,30,4060,4069,batches/05_cognitive/v01-03_b0050.txt,batches/05_cognitive/v01-03_b0050.json,out/05_cognitive/v01-03_b0050.jsonl
phase1,5,cognitive,v01-03_b0051,10,3,30,4070,4079,batches/05_cognitive/v01-03_b0051.txt,batches/05_cognitive/v01-03_b0051.json,out/05_cognitive/v01-03_b0051.jsonl
phase1,5,cognitive,v01-03_b0052,10,3,30,4080,4089,batches/05_cognitive/v01-03_b0052.txt,batches/05_cognitive/v01-03_b0052.json,out/05_cognitive/v01-03_b0052.jsonl
phase1,5,cognitive,v01-03_b0053,10,3,30,4090,4099,batches/05_cognitive/v01-03_b0053.txt,batches/05_cognitive/v01-03_b0053.json,out/05_cognitive/v01-03_b0053.jsonl
phase1,5,cognitive,v01-03_b0054,10,3,30,4100,4109,batches/05_cognitive/v01-03_b0054.txt,batches/05_cognitive/v01-03_b0054.json,out/05_cognitive/v01-03_b0054.jsonl
phase1,5,cognitive,v01-03_b0055,9,3,27,4110,4118,batches/05_cognitive/v01-03_b0055.txt,batches/05_cognitive/v01-03_b0055.json,out/05_cognitive/v01-03_b0055.jsonl
phase1,5,cognitive,v04-05_b0001,10,2,20,3570,3579,batches/05_cognitive/v04-05_b0001.txt,batches/05_cognitive/v04-05_b0001.json,out/05_cognitive/v04-05_b0001.jsonl
phase1,5,cognitive,v04-05_b0002,10,2,20,3580,3589,batches/05_cognitive/v04-05_b0002.txt,batches/05_cognitive/v04-05_b0002.json,out/05_cognitive/v04-05_b0002.jsonl
phase1,5,cognitive,v04-05_b0003,10,2,20,3590,3599,batches/05_cognitive/v04-05_b0003.txt,batches/05_cognitive/v04-05_b0003.json,out/05_cognitive/v04-05_b0003.jsonl
phase1,5,cognitive,v04-05_b0004,10,2,20,3600,3609,batches/05_cognitive/v04-05_b0004.txt,batches/05_cognitive/v04-05_b0004.json,out/05_cognitive/v04-05_b0004.jsonl
phase1,5,cognitive,v04-05_b0005,10,2,20,3610,3619,batches/05_cognitive/v04-05_b0005.txt,batches/05_cognitive/v04-05_b0005.json,out/05_cognitive/v04-05_b0005.jsonl
phase1,5,cognitive,v04-05_b0006,10,2,20,3620,3629,batches/05_cognitive/v04-05_b0006.txt,batches/05_cognitive/v04-05_b0006.json,out/05_cognitive/v04-05_b0006.jsonl
phase1,5,cognitive,v04-05_b0007,10,2,20,3630,3639,batches/05_cognitive/v04-05_b0007.txt,batches/05_cognitive/v04-05_b0007.json,out/05_cognitive/v04-05_b0007.jsonl
phase1,5,cognitive,v04-05_b0008,10,2,20,3640,3649,batches/05_cognitive/v04-05_b0008.txt,batches/05_cognitive/v04-05_b0008.json,out/05_cognitive/v04-05_b0008.jsonl
phase1,5,cognitive,v04-05_b0009,10,2,20,3650,3659,batches/05_cognitive/v04-05_b0009.txt,batches/05_cognitive/v04-05_b0009.json,out/05_cognitive/v04-05_b0009.jsonl
phase1,5,cognitive,v04-05_b0010,10,2,20,3660,3669,batches/05_cognitive/v04-05_b0010.txt,batches/05_cognitive/v04-05_b0010.json,out/05_cognitive/v04-05_b0010.jsonl
phase1,5,cognitive,v04-05_b0011,10,2,20,3670,3679,batches/05_cognitive/v04-05_b0011.txt,batches/05_cognitive/v04-05_b0011.json,out/05_cognitive/v04-05_b0011.jsonl
phase1,5,cognitive,v04-05_b0012,10,2,20,3680,3689,batches/05_cognitive/v04-05_b0012.txt,batches/05_cognitive/v04-05_b0012.json,out/05_cognitive/v04-05_b0012.jsonl
phase1,5,cognitive,v04-05_b0013,10,2,20,3690,3699,batches/05_cognitive/v04-05_b0013.txt,batches/05_cognitive/v04-05_b0013.json,out/05_cognitive/v04-05_b0013.jsonl
phase1,5,cognitive,v04-05_b0014,10,2,20,3700,3709,batches/05_cognitive/v04-05_b0014.txt,batches/05_cognitive/v04-05_b0014.json,out/05_cognitive/v04-05_b0014.jsonl
phase1,5,cognitive,v04-05_b0015,10,2,20,3710,3719,batches/05_cognitive/v04-05_b0015.txt,batches/05_cognitive/v04-05_b0015.json,out/05_cognitive/v04-05_b0015.jsonl
phase1,5,cognitive,v04-05_b0016,10,2,20,3720,3729,batches/05_cognitive/v04-05_b0016.txt,batches/05_cognitive/v04-05_b0016.json,out/05_cognitive/v04-05_b0016.jsonl
phase1,5,cognitive,v04-05_b0017,10,2,20,3730,3739,batches/05_cognitive/v04-05_b0017.txt,batches/05_cognitive/v04-05_b0017.json,out/05_cognitive/v04-05_b0017.jsonl
phase1,5,cognitive,v04-05_b0018,10,2,20,3740,3749,batches/05_cognitive/v04-05_b0018.txt,batches/05_cognitive/v04-05_b0018.json,out/05_cognitive/v04-05_b0018.jsonl
phase1,5,cognitive,v04-05_b0019,10,2,20,3750,3759,batches/05_cognitive/v04-05_b0019.txt,batches/05_cognitive/v04-05_b0019.json,out/05_cognitive/v04-05_b0019.jsonl
phase1,5,cognitive,v04-05_b0020,10,2,20,3760,3769,batches/05_cognitive/v04-05_b0020.txt,batches/05_cognitive/v04-05_b0020.json,out/05_cognitive/v04-05_b0020.jsonl
phase1,5,cognitive,v04-05_b0021,10,2,20,3770,3779,batches/05_cognitive/v04-05_b0021.txt,batches/05_cognitive/v04-05_b0021.json,out/05_cognitive/v04-05_b0021.jsonl
phase1,5,cognitive,v04-05_b0022,10,2,20,3780,3789,batches/05_cognitive/v04-05_b0022.txt,batches/05_cognitive/v04-05_b0022.json,out/05_cognitive/v04-05_b0022.jsonl
phase1,5,cognitive,v04-05_b0023,10,2,20,3790,3799,batches/05_cognitive/v04-05_b0023.txt,batches/05_cognitive/v04-05_b0023.json,out/05_cognitive/v04-05_b0023.jsonl
phase1,5,cognitive,v04-05_b0024,10,2,20,3800,3809,batches/05_cognitive/v04-05_b0024.txt,batches/05_cognitive/v04-05_b0024.json,out/05_cognitive/v04-05_b0024.jsonl
phase1,5,cognitive,v04-05_b0025,10,2,20,3810,3819,batches/05_cognitive/v04-05_b0025.txt,batches/05_cognitive/v04-05_b0025.json,out/05_cognitive/v04-05_b0025.jsonl
phase1,5,cognitive,v04-05_b0026,10,2,20,3820,3829,batches/05_cognitive/v04-05_b0026.txt,batches/05_cognitive/v04-05_b0026.json,out/05_cognitive/v04-05_b0026.jsonl
phase1,5,cognitive,v04-05_b0027,10,2,20,3830,3839,batches/05_cognitive/v04-05_b0027.txt,batches/05_cognitive/v04-05_b0027.json,out/05_cognitive/v04-05_b0027.jsonl
phase1,5,cognitive,v04-05_b0028,10,2,20,3840,3849,batches/05_cognitive/v04-05_b0028.txt,batches/05_cognitive/v04-05_b0028.json,out/05_cognitive/v04-05_b0028.jsonl
phase1,5,cognitive,v04-05_b0029,10,2,20,3850,3859,batches/05_cognitive/v04-05_b0029.txt,batches/05_cognitive/v04-05_b0029.json,out/05_cognitive/v04-05_b0029.jsonl
phase1,5,cognitive,v04-05_b0030,10,2,20,3860,3869,batches/05_cognitive/v04-05_b0030.txt,batches/05_cognitive/v04-05_b0030.json,out/05_cognitive/v04-05_b0030.jsonl
phase1,5,cognitive,v04-05_b0031,10,2,20,3870,3879,batches/05_cognitive/v04-05_b0031.txt,batches/05_cognitive/v04-05_b0031.json,out/05_cognitive/v04-05_b0031.jsonl
phase1,5,cognitive,v04-05_b0032,10,2,20,3880,3889,batches/05_cognitive/v04-05_b0032.txt,batches/05_cognitive/v04-05_b0032.json,out/05_cognitive/v04-05_b0032.jsonl
phase1,5,cognitive,v04-05_b0033,10,2,20,3890,3899,batches/05_cognitive/v04-05_b0033.txt,batches/05_cognitive/v04-05_b0033.json,out/05_cognitive/v04-05_b0033.jsonl
phase1,5,cognitive,v04-05_b0034,10,2,20,3900,3909,batches/05_cognitive/v04-05_b0034.txt,batches/05_cognitive/v04-05_b0034.json,out/05_cognitive/v04-05_b0034.jsonl
phase1,5,cognitive,v04-05_b0035,10,2,20,3910,3919,batches/05_cognitive/v04-05_b0035.txt,batches/05_cognitive/v04-05_b0035.json,out/05_cognitive/v04-05_b0035.jsonl
phase1,5,cognitive,v04-05_b0036,10,2,20,3920,3929,batches/05_cognitive/v04-05_b0036.txt,batches/05_cognitive/v04-05_b0036.json,out/05_cognitive/v04-05_b0036.jsonl
phase1,5,cognitive,v04-05_b0037,10,2,20,3930,3939,batches/05_cognitive/v04-05_b0037.txt,batches/05_cognitive/v04-05_b0037.json,out/05_cognitive/v04-05_b0037.jsonl
phase1,5,cognitive,v04-05_b0038,10,2,20,3940,3949,batches/05_cognitive/v04-05_b0038.txt,batches/05_cognitive/v04-05_b0038.json,out/05_cognitive/v04-05_b0038.jsonl
phase1,5,cognitive,v04-05_b0039,10,2,20,3950,3959,batches/05_cognitive/v04-05_b0039.txt,batches/05_cognitive/v04-05_b0039.json,out/05_cognitive/v04-05_b0039.jsonl
phase1,5,cognitive,v04-05_b0040,10,2,20,3960,3969,batches/05_cognitive/v04-05_b0040.txt,batches/05_cognitive/v04-05_b0040.json,out/05_cognitive/v04-05_b0040.jsonl
phase1,5,cognitive,v04-05_b0041,10,2,20,3970,3979,batches/05_cognitive/v04-05_b0041.txt,batches/05_cognitive/v04-05_b0041.json,out/05_cognitive/v04-05_b0041.jsonl
phase1,5,cognitive,v04-05_b0042,10,2,20,3980,3989,batches/05_cognitive/v04-05_b0042.txt,batches/05_cognitive/v04-05_b0042.json,out/05_cognitive/v04-05_b0042.jsonl
phase1,5,cognitive,v04-05_b0043,10,2,20,3990,3999,batches/05_cognitive/v04-05_b0043.txt,batches/05_cognitive/v04-05_b0043.json,out/05_cognitive/v04-05_b0043.jsonl
phase1,5,cognitive,v04-05_b0044,10,2,20,4000,4009,batches/05_cognitive/v04-05_b0044.txt,batches/05_cognitive/v04-05_b0044.json,out/05_cognitive/v04-05_b0044.jsonl
phase1,5,cognitive,v04-05_b0045,10,2,20,4010,4019,batches/05_cognitive/v04-05_b0045.txt,batches/05_cognitive/v04-05_b0045.json,out/05_cognitive/v04-05_b0045.jsonl
phase1,5,cognitive,v04-05_b0046,10,2,20,4020,4029,batches/05_cognitive/v04-05_b0046.txt,batches/05_cognitive/v04-05_b0046.json,out/05_cognitive/v04-05_b0046.jsonl
phase1,5,cognitive,v04-05_b0047,10,2,20,4030,4039,batches/05_cognitive/v04-05_b0047.txt,batches/05_cognitive/v04-05_b0047.json,out/05_cognitive/v04-05_b0047.jsonl
phase1,5,cognitive,v04-05_b0048,10,2,20,4040,4049,batches/05_cognitive/v04-05_b0048.txt,batches/05_cognitive/v04-05_b0048.json,out/05_cognitive/v04-05_b0048.jsonl
phase1,5,cognitive,v04-05_b0049,10,2,20,4050,4059,batches/05_cognitive/v04-05_b0049.txt,batches/05_cognitive/v04-05_b0049.json,out/05_cognitive/v04-05_b0049.jsonl
phase1,5,cognitive,v04-05_b0050,10,2,20,4060,4069,batches/05_cognitive/v04-05_b0050.txt,batches/05_cognitive/v04-05_b0050.json,out/05_cognitive/v04-05_b0050.jsonl
phase1,5,cognitive,v04-05_b0051,10,2,20,4070,4079,batches/05_cognitive/v04-05_b0051.txt,batches/05_cognitive/v04-05_b0051.json,out/05_cognitive/v04-05_b0051.jsonl
phase1,5,cognitive,v04-05_b0052,10,2,20,4080,4089,batches/05_cognitive/v04-05_b0052.txt,batches/05_cognitive/v04-05_b0052.json,out/05_cognitive/v04-05_b0052.jsonl
phase1,5,cognitive,v04-05_b0053,10,2,20,4090,4099,batches/05_cognitive/v04-05_b0053.txt,batches/05_cognitive/v04-05_b0053.json,out/05_cognitive/v04-05_b0053.jsonl
phase1,5,cognitive,v04-05_b0054,10,2,20,4100,4109,batches/05_cognitive/v04-05_b0054.txt,batches/05_cognitive/v04-05_b0054.json,out/05_cognitive/v04-05_b0054.jsonl
phase1,5,cognitive,v04-05_b0055,9,2,18,4110,4118,batches/05_cognitive/v04-05_b0055.txt,batches/05_cognitive/v04-05_b0055.json,out/05_cognitive/v04-05_b0055.jsonl
phase1,6,foundational,v01-03_b0001,10,3,30,5442,5451,batches/06_foundational/v01-03_b0001.txt,batches/06_foundational/v01-03_b0001.json,out/06_foundational/v01-03_b0001.jsonl
phase1,6,foundational,v01-03_b0002,10,3,30,5452,5461,batches/06_foundational/v01-03_b0002.txt,batches/06_foundational/v01-03_b0002.json,out/06_foundational/v01-03_b0002.jsonl
phase1,6,foundational,v01-03_b0003,10,3,30,5462,5471,batches/06_foundational/v01-03_b0003.txt,batches/06_foundational/v01-03_b0003.json,out/06_foundational/v01-03_b0003.jsonl
phase1,6,foundational,v01-03_b0004,10,3,30,5472,5481,batches/06_foundational/v01-03_b0004.txt,batches/06_foundational/v01-03_b0004.json,out/06_foundational/v01-03_b0004.jsonl
phase1,6,foundational,v01-03_b0005,10,3,30,5482,5491,batches/06_foundational/v01-03_b0005.txt,batches/06_foundational/v01-03_b0005.json,out/06_foundational/v01-03_b0005.jsonl
phase1,6,foundational,v01-03_b0006,10,3,30,5492,5501,batches/06_foundational/v01-03_b0006.txt,batches/06_foundational/v01-03_b0006.json,out/06_foundational/v01-03_b0006.jsonl
phase1,6,foundational,v01-03_b0007,10,3,30,5502,5511,batches/06_foundational/v01-03_b0007.txt,batches/06_foundational/v01-03_b0007.json,out/06_foundational/v01-03_b0007.jsonl
phase1,6,foundational,v01-03_b0008,10,3,30,5512,5521,batches/06_foundational/v01-03_b0008.txt,batches/06_foundational/v01-03_b0008.json,out/06_foundational/v01-03_b0008.jsonl
phase1,6,foundational,v01-03_b0009,10,3,30,5522,5531,batches/06_foundational/v01-03_b0009.txt,batches/06_foundational/v01-03_b0009.json,out/06_foundational/v01-03_b0009.jsonl
phase1,6,foundational,v01-03_b0010,10,3,30,5532,5541,batches/06_foundational/v01-03_b0010.txt,batches/06_foundational/v01-03_b0010.json,out/06_foundational/v01-03_b0010.jsonl
phase1,6,foundational,v01-03_b0011,10,3,30,5542,5551,batches/06_foundational/v01-03_b0011.txt,batches/06_foundational/v01-03_b0011.json,out/06_foundational/v01-03_b0011.jsonl
phase1,6,foundational,v01-03_b0012,10,3,30,5552,5561,batches/06_foundational/v01-03_b0012.txt,batches/06_foundational/v01-03_b0012.json,out/06_foundational/v01-03_b0012.jsonl
phase1,6,foundational,v01-03_b0013,10,3,30,5562,5571,batches/06_foundational/v01-03_b0013.txt,batches/06_foundational/v01-03_b0013.json,out/06_foundational/v01-03_b0013.jsonl
phase1,6,foundational,v01-03_b0014,10,3,30,5572,5581,batches/06_foundational/v01-03_b0014.txt,batches/06_foundational/v01-03_b0014.json,out/06_foundational/v01-03_b0014.jsonl
phase1,6,foundational,v01-03_b0015,10,3,30,5582,5591,batches/06_foundational/v01-03_b0015.txt,batches/06_foundational/v01-03_b0015.json,out/06_foundational/v01-03_b0015.jsonl
phase1,6,foundational,v01-03_b0016,10,3,30,5592,5601,batches/06_foundational/v01-03_b0016.txt,batches/06_foundational/v01-03_b0016.json,out/06_foundational/v01-03_b0016.jsonl
phase1,6,foundational,v01-03_b0017,10,3,30,5602,5611,batches/06_foundational/v01-03_b0017.txt,batches/06_foundational/v01-03_b0017.json,out/06_foundational/v01-03_b0017.jsonl
phase1,6,foundational,v01-03_b0018,10,3,30,5612,5621,batches/06_foundational/v01-03_b0018.txt,batches/06_foundational/v01-03_b0018.json,out/06_foundational/v01-03_b0018.jsonl
phase1,6,foundational,v01-03_b0019,10,3,30,5622,5631,batches/06_foundational/v01-03_b0019.txt,batches/06_foundational/v01-03_b0019.json,out/06_foundational/v01-03_b0019.jsonl
phase1,6,foundational,v01-03_b0020,10,3,30,5632,5641,batches/06_foundational/v01-03_b0020.txt,batches/06_foundational/v01-03_b0020.json,out/06_foundational/v01-03_b0020.jsonl
phase1,6,foundational,v01-03_b0021,10,3,30,5642,5651,batches/06_foundational/v01-03_b0021.txt,batches/06_foundational/v01-03_b0021.json,out/06_foundational/v01-03_b0021.jsonl
phase1,6,foundational,v01-03_b0022,10,3,30,5652,5661,batches/06_foundational/v01-03_b0022.txt,batches/06_foundational/v01-03_b0022.json,out/06_foundational/v01-03_b0022.jsonl
phase1,6,foundational,v01-03_b0023,10,3,30,5662,5671,batches/06_foundational/v01-03_b0023.txt,batches/06_foundational/v01-03_b0023.json,out/06_foundational/v01-03_b0023.jsonl
phase1,6,foundational,v01-03_b0024,10,3,30,5672,5681,batches/06_foundational/v01-03_b0024.txt,batches/06_foundational/v01-03_b0024.json,out/06_foundational/v01-03_b0024.jsonl
phase1,6,foundational,v01-03_b0025,10,3,30,5682,5691,batches/06_foundational/v01-03_b0025.txt,batches/06_foundational/v01-03_b0025.json,out/06_foundational/v01-03_b0025.jsonl
phase1,6,foundational,v01-03_b0026,10,3,30,5692,5701,batches/06_foundational/v01-03_b0026.txt,batches/06_foundational/v01-03_b0026.json,out/06_foundational/v01-03_b0026.jsonl
phase1,6,foundational,v01-03_b0027,10,3,30,5702,5711,batches/06_foundational/v01-03_b0027.txt,batches/06_foundational/v01-03_b0027.json,out/06_foundational/v01-03_b0027.jsonl
phase1,6,foundational,v01-03_b0028,10,3,30,5712,5721,batches/06_foundational/v01-03_b0028.txt,batches/06_foundational/v01-03_b0028.json,out/06_foundational/v01-03_b0028.jsonl
phase1,6,foundational,v01-03_b0029,10,3,30,5722,5731,batches/06_foundational/v01-03_b0029.txt,batches/06_foundational/v01-03_b0029.json,out/06_foundational/v01-03_b0029.jsonl
phase1,6,foundational,v01-03_b0030,10,3,30,5732,5741,batches/06_foundational/v01-03_b0030.txt,batches/06_foundational/v01-03_b0030.json,out/06_foundational/v01-03_b0030.jsonl
phase1,6,foundational,v01-03_b0031,10,3,30,5742,5751,batches/06_foundational/v01-03_b0031.txt,batches/06_foundational/v01-03_b0031.json,out/06_foundational/v01-03_b0031.jsonl
phase1,6,foundational,v01-03_b0032,9,3,27,5752,5760,batches/06_foundational/v01-03_b0032.txt,batches/06_foundational/v01-03_b0032.json,out/06_foundational/v01-03_b0032.jsonl
phase1,6,foundational,v04-05_b0001,10,2,20,5442,5451,batches/06_foundational/v04-05_b0001.txt,batches/06_foundational/v04-05_b0001.json,out/06_foundational/v04-05_b0001.jsonl
phase1,6,foundational,v04-05_b0002,10,2,20,5452,5461,batches/06_foundational/v04-05_b0002.txt,batches/06_foundational/v04-05_b0002.json,out/06_foundational/v04-05_b0002.jsonl
phase1,6,foundational,v04-05_b0003,10,2,20,5462,5471,batches/06_foundational/v04-05_b0003.txt,batches/06_foundational/v04-05_b0003.json,out/06_foundational/v04-05_b0003.jsonl
phase1,6,foundational,v04-05_b0004,10,2,20,5472,5481,batches/06_foundational/v04-05_b0004.txt,batches/06_foundational/v04-05_b0004.json,out/06_foundational/v04-05_b0004.jsonl
phase1,6,foundational,v04-05_b0005,10,2,20,5482,5491,batches/06_foundational/v04-05_b0005.txt,batches/06_foundational/v04-05_b0005.json,out/06_foundational/v04-05_b0005.jsonl
phase1,6,foundational,v04-05_b0006,10,2,20,5492,5501,batches/06_foundational/v04-05_b0006.txt,batches/06_foundational/v04-05_b0006.json,out/06_foundational/v04-05_b0006.jsonl
phase1,6,foundational,v04-05_b0007,10,2,20,5502,5511,batches/06_foundational/v04-05_b0007.txt,batches/06_foundational/v04-05_b0007.json,out/06_foundational/v04-05_b0007.jsonl
phase1,6,foundational,v04-05_b0008,10,2,20,5512,5521,batches/06_foundational/v04-05_b0008.txt,batches/06_foundational/v04-05_b0008.json,out/06_foundational/v04-05_b0008.jsonl
phase1,6,foundational,v04-05_b0009,10,2,20,5522,5531,batches/06_foundational/v04-05_b0009.txt,batches/06_foundational/v04-05_b0009.json,out/06_foundational/v04-05_b0009.jsonl
phase1,6,foundational,v04-05_b0010,10,2,20,5532,5541,batches/06_foundational/v04-05_b0010.txt,batches/06_foundational/v04-05_b0010.json,out/06_foundational/v04-05_b0010.jsonl
phase1,6,foundational,v04-05_b0011,10,2,20,5542,5551,batches/06_foundational/v04-05_b0011.txt,batches/06_foundational/v04-05_b0011.json,out/06_foundational/v04-05_b0011.jsonl
phase1,6,foundational,v04-05_b0012,10,2,20,5552,5561,batches/06_foundational/v04-05_b0012.txt,batches/06_foundational/v04-05_b0012.json,out/06_foundational/v04-05_b0012.jsonl
phase1,6,foundational,v04-05_b0013,10,2,20,5562,5571,batches/06_foundational/v04-05_b0013.txt,batches/06_foundational/v04-05_b0013.json,out/06_foundational/v04-05_b0013.jsonl
phase1,6,foundational,v04-05_b0014,10,2,20,5572,5581,batches/06_foundational/v04-05_b0014.txt,batches/06_foundational/v04-05_b0014.json,out/06_foundational/v04-05_b0014.jsonl
phase1,6,foundational,v04-05_b0015,10,2,20,5582,5591,batches/06_foundational/v04-05_b0015.txt,batches/06_foundational/v04-05_b0015.json,out/06_foundational/v04-05_b0015.jsonl
phase1,6,foundational,v04-05_b0016,10,2,20,5592,5601,batches/06_foundational/v04-05_b0016.txt,batches/06_foundational/v04-05_b0016.json,out/06_foundational/v04-05_b0016.jsonl
phase1,6,foundational,v04-05_b0017,10,2,20,5602,5611,batches/06_foundational/v04-05_b0017.txt,batches/06_foundational/v04-05_b0017.json,out/06_foundational/v04-05_b0017.jsonl
phase1,6,foundational,v04-05_b0018,10,2,20,5612,5621,batches/06_foundational/v04-05_b0018.txt,batches/06_foundational/v04-05_b0018.json,out/06_foundational/v04-05_b0018.jsonl
phase1,6,foundational,v04-05_b0019,10,2,20,5622,5631,batches/06_foundational/v04-05_b0019.txt,batches/06_foundational/v04-05_b0019.json,out/06_foundational/v04-05_b0019.jsonl
phase1,6,foundational,v04-05_b0020,10,2,20,5632,5641,batches/06_foundational/v04-05_b0020.txt,batches/06_foundational/v04-05_b0020.json,out/06_foundational/v04-05_b0020.jsonl
phase1,6,foundational,v04-05_b0021,10,2,20,5642,5651,batches/06_foundational/v04-05_b0021.txt,batches/06_foundational/v04-05_b0021.json,out/06_foundational/v04-05_b0021.jsonl
phase1,6,foundational,v04-05_b0022,10,2,20,5652,5661,batches/06_foundational/v04-05_b0022.txt,batches/06_foundational/v04-05_b0022.json,out/06_foundational/v04-05_b0022.jsonl
phase1,6,foundational,v04-05_b0023,10,2,20,5662,5671,batches/06_foundational/v04-05_b0023.txt,batches/06_foundational/v04-05_b0023.json,out/06_foundational/v04-05_b0023.jsonl
phase1,6,foundational,v04-05_b0024,10,2,20,5672,5681,batches/06_foundational/v04-05_b0024.txt,batches/06_foundational/v04-05_b0024.json,out/06_foundational/v04-05_b0024.jsonl
phase1,6,foundational,v04-05_b0025,10,2,20,5682,5691,batches/06_foundational/v04-05_b0025.txt,batches/06_foundational/v04-05_b0025.json,out/06_foundational/v04-05_b0025.jsonl
phase1,6,foundational,v04-05_b0026,10,2,20,5692,5701,batches/06_foundational/v04-05_b0026.txt,batches/06_foundational/v04-05_b0026.json,out/06_foundational/v04-05_b0026.jsonl
phase1,6,foundational,v04-05_b0027,10,2,20,5702,5711,batches/06_foundational/v04-05_b0027.txt,batches/06_foundational/v04-05_b0027.json,out/06_foundational/v04-05_b0027.jsonl
phase1,6,foundational,v04-05_b0028,10,2,20,5712,5721,batches/06_foundational/v04-05_b0028.txt,batches/06_foundational/v04-05_b0028.json,out/06_foundational/v04-05_b0028.jsonl
phase1,6,foundational,v04-05_b0029,10,2,20,5722,5731,batches/06_foundational/v04-05_b0029.txt,batches/06_foundational/v04-05_b0029.json,out/06_foundational/v04-05_b0029.jsonl
phase1,6,foundational,v04-05_b0030,10,2,20,5732,5741,batches/06_foundational/v04-05_b0030.txt,batches/06_foundational/v04-05_b0030.json,out/06_foundational/v04-05_b0030.jsonl
phase1,6,foundational,v04-05_b0031,10,2,20,5742,5751,batches/06_foundational/v04-05_b0031.txt,batches/06_foundational/v04-05_b0031.json,out/06_foundational/v04-05_b0031.jsonl
phase1,6,foundational,v04-05_b0032,9,2,18,5752,5760,batches/06_foundational/v04-05_b0032.txt,batches/06_foundational/v04-05_b0032.json,out/06_foundational/v04-05_b0032.jsonl
phase1,7,personality,v01-02_b0001,10,2,20,4319,4328,batches/07_personality/v01-02_b0001.txt,batches/07_personality/v01-02_b0001.json,out/07_personality/v01-02_b0001.jsonl
phase1,7,personality,v01-02_b0002,10,2,20,4329,4338,batches/07_personality/v01-02_b0002.txt,batches/07_personality/v01-02_b0002.json,out/07_personality/v01-02_b0002.jsonl
phase1,7,personality,v01-02_b0003,10,2,20,4339,4348,batches/07_personality/v01-02_b0003.txt,batches/07_personality/v01-02_b0003.json,out/07_personality/v01-02_b0003.jsonl
phase1,7,personality,v01-02_b0004,10,2,20,4349,4358,batches/07_personality/v01-02_b0004.txt,batches/07_personality/v01-02_b0004.json,out/07_personality/v01-02_b0004.jsonl
phase1,7,personality,v01-02_b0005,10,2,20,4359,4368,batches/07_personality/v01-02_b0005.txt,batches/07_personality/v01-02_b0005.json,out/07_personality/v01-02_b0005.jsonl
phase1,7,personality,v01-02_b0006,10,2,20,4369,4378,batches/07_personality/v01-02_b0006.txt,batches/07_personality/v01-02_b0006.json,out/07_personality/v01-02_b0006.jsonl
phase1,7,personality,v01-02_b0007,10,2,20,4379,4388,batches/07_personality/v01-02_b0007.txt,batches/07_personality/v01-02_b0007.json,out/07_personality/v01-02_b0007.jsonl
phase1,7,personality,v01-02_b0008,10,2,20,4389,4398,batches/07_personality/v01-02_b0008.txt,batches/07_personality/v01-02_b0008.json,out/07_personality/v01-02_b0008.jsonl
phase1,7,personality,v01-02_b0009,10,2,20,4399,4408,batches/07_personality/v01-02_b0009.txt,batches/07_personality/v01-02_b0009.json,out/07_personality/v01-02_b0009.jsonl
phase1,7,personality,v01-02_b0010,10,2,20,4409,4418,batches/07_personality/v01-02_b0010.txt,batches/07_personality/v01-02_b0010.json,out/07_personality/v01-02_b0010.jsonl
phase1,7,personality,v01-02_b0011,10,2,20,4419,4428,batches/07_personality/v01-02_b0011.txt,batches/07_personality/v01-02_b0011.json,out/07_personality/v01-02_b0011.jsonl
phase1,7,personality,v01-02_b0012,10,2,20,4429,4438,batches/07_personality/v01-02_b0012.txt,batches/07_personality/v01-02_b0012.json,out/07_personality/v01-02_b0012.jsonl
phase1,7,personality,v01-02_b0013,10,2,20,4439,4448,batches/07_personality/v01-02_b0013.txt,batches/07_personality/v01-02_b0013.json,out/07_personality/v01-02_b0013.jsonl
phase1,7,personality,v01-02_b0014,10,2,20,4449,4458,batches/07_personality/v01-02_b0014.txt,batches/07_personality/v01-02_b0014.json,out/07_personality/v01-02_b0014.jsonl
phase1,7,personality,v01-02_b0015,10,2,20,4459,4468,batches/07_personality/v01-02_b0015.txt,batches/07_personality/v01-02_b0015.json,out/07_personality/v01-02_b0015.jsonl
phase1,7,personality,v01-02_b0016,10,2,20,4469,4478,batches/07_personality/v01-02_b0016.txt,batches/07_personality/v01-02_b0016.json,out/07_personality/v01-02_b0016.jsonl
phase1,7,personality,v01-02_b0017,10,2,20,4479,4488,batches/07_personality/v01-02_b0017.txt,batches/07_personality/v01-02_b0017.json,out/07_personality/v01-02_b0017.jsonl
phase1,7,personality,v01-02_b0018,10,2,20,4489,4498,batches/07_personality/v01-02_b0018.txt,batches/07_personality/v01-02_b0018.json,out/07_personality/v01-02_b0018.jsonl
phase1,7,personality,v01-02_b0019,10,2,20,4499,4508,batches/07_personality/v01-02_b0019.txt,batches/07_personality/v01-02_b0019.json,out/07_personality/v01-02_b0019.jsonl
phase1,7,personality,v01-02_b0020,10,2,20,4509,4518,batches/07_personality/v01-02_b0020.txt,batches/07_personality/v01-02_b0020.json,out/07_personality/v01-02_b0020.jsonl
phase1,7,personality,v01-02_b0021,10,2,20,4519,4528,batches/07_personality/v01-02_b0021.txt,batches/07_personality/v01-02_b0021.json,out/07_personality/v01-02_b0021.jsonl
phase1,7,personality,v01-02_b0022,10,2,20,4529,4538,batches/07_personality/v01-02_b0022.txt,batches/07_personality/v01-02_b0022.json,out/07_personality/v01-02_b0022.jsonl
phase1,7,personality,v01-02_b0023,10,2,20,4539,4548,batches/07_personality/v01-02_b0023.txt,batches/07_personality/v01-02_b0023.json,out/07_personality/v01-02_b0023.jsonl
phase1,7,personality,v01-02_b0024,10,2,20,4549,4558,batches/07_personality/v01-02_b0024.txt,batches/07_personality/v01-02_b0024.json,out/07_personality/v01-02_b0024.jsonl
phase1,7,personality,v01-02_b0025,10,2,20,4559,4568,batches/07_personality/v01-02_b0025.txt,batches/07_personality/v01-02_b0025.json,out/07_personality/v01-02_b0025.jsonl
phase1,7,personality,v01-02_b0026,10,2,20,4569,4578,batches/07_personality/v01-02_b0026.txt,batches/07_personality/v01-02_b0026.json,out/07_personality/v01-02_b0026.jsonl
phase1,7,personality,v01-02_b0027,10,2,20,4579,4588,batches/07_personality/v01-02_b0027.txt,batches/07_personality/v01-02_b0027.json,out/07_personality/v01-02_b0027.jsonl
phase1,8,group,v01-02_b0001,10,2,20,3349,3358,batches/08_group/v01-02_b0001.txt,batches/08_group/v01-02_b0001.json,out/08_group/v01-02_b0001.jsonl
phase1,8,group,v01-02_b0002,10,2,20,3359,3368,batches/08_group/v01-02_b0002.txt,batches/08_group/v01-02_b0002.json,out/08_group/v01-02_b0002.jsonl
phase1,8,group,v01-02_b0003,10,2,20,3369,3378,batches/08_group/v01-02_b0003.txt,batches/08_group/v01-02_b0003.json,out/08_group/v01-02_b0003.jsonl
phase1,8,group,v01-02_b0004,10,2,20,3379,3388,batches/08_group/v01-02_b0004.txt,batches/08_group/v01-02_b0004.json,out/08_group/v01-02_b0004.jsonl
phase1,8,group,v01-02_b0005,10,2,20,3389,3398,batches/08_group/v01-02_b0005.txt,batches/08_group/v01-02_b0005.json,out/08_group/v01-02_b0005.jsonl
phase1,8,group,v01-02_b0006,10,2,20,3399,3408,batches/08_group/v01-02_b0006.txt,batches/08_group/v01-02_b0006.json,out/08_group/v01-02_b0006.jsonl
phase1,8,group,v01-02_b0007,10,2,20,3409,3418,batches/08_group/v01-02_b0007.txt,batches/08_group/v01-02_b0007.json,out/08_group/v01-02_b0007.jsonl
phase1,8,group,v01-02_b0008,10,2,20,3419,3428,batches/08_group/v01-02_b0008.txt,batches/08_group/v01-02_b0008.json,out/08_group/v01-02_b0008.jsonl
phase1,8,group,v01-02_b0009,10,2,20,3429,3438,batches/08_group/v01-02_b0009.txt,batches/08_group/v01-02_b0009.json,out/08_group/v01-02_b0009.jsonl
phase1,8,group,v01-02_b0010,10,2,20,3439,3448,batches/08_group/v01-02_b0010.txt,batches/08_group/v01-02_b0010.json,out/08_group/v01-02_b0010.jsonl
phase1,8,group,v01-02_b0011,10,2,20,3449,3458,batches/08_group/v01-02_b0011.txt,batches/08_group/v01-02_b0011.json,out/08_group/v01-02_b0011.jsonl
phase1,8,group,v01-02_b0012,10,2,20,3459,3468,batches/08_group/v01-02_b0012.txt,batches/08_group/v01-02_b0012.json,out/08_group/v01-02_b0012.jsonl
phase1,8,group,v01-02_b0013,10,2,20,3469,3478,batches/08_group/v01-02_b0013.txt,batches/08_group/v01-02_b0013.json,out/08_group/v01-02_b0013.jsonl
phase1,8,group,v01-02_b0014,10,2,20,3479,3488,batches/08_group/v01-02_b0014.txt,batches/08_group/v01-02_b0014.json,out/08_group/v01-02_b0014.jsonl
phase1,8,group,v01-02_b0015,10,2,20,3489,3498,batches/08_group/v01-02_b0015.txt,batches/08_group/v01-02_b0015.json,out/08_group/v01-02_b0015.jsonl
phase1,8,group,v01-02_b0016,10,2,20,3499,3508,batches/08_group/v01-02_b0016.txt,batches/08_group/v01-02_b0016.json,out/08_group/v01-02_b0016.jsonl
phase1,8,group,v01-02_b0017,10,2,20,3509,3518,batches/08_group/v01-02_b0017.txt,batches/08_group/v01-02_b0017.json,out/08_group/v01-02_b0017.jsonl
phase1,8,group,v01-02_b0018,10,2,20,3519,3528,batches/08_group/v01-02_b0018.txt,batches/08_group/v01-02_b0018.json,out/08_group/v01-02_b0018.jsonl
phase1,8,group,v01-02_b0019,10,2,20,3529,3538,batches/08_group/v01-02_b0019.txt,batches/08_group/v01-02_b0019.json,out/08_group/v01-02_b0019.jsonl
phase1,8,group,v01-02_b0020,10,2,20,3539,3548,batches/08_group/v01-02_b0020.txt,batches/08_group/v01-02_b0020.json,out/08_group/v01-02_b0020.jsonl
phase1,8,group,v01-02_b0021,10,2,20,3549,3558,batches/08_group/v01-02_b0021.txt,batches/08_group/v01-02_b0021.json,out/08_group/v01-02_b0021.jsonl
phase1,8,group,v01-02_b0022,10,2,20,3559,3568,batches/08_group/v01-02_b0022.txt,batches/08_group/v01-02_b0022.json,out/08_group/v01-02_b0022.jsonl
phase1,8,group,v01-02_b0023,1,2,2,3569,3569,batches/08_group/v01-02_b0023.txt,batches/08_group/v01-02_b0023.json,out/08_group/v01-02_b0023.jsonl
phase1,9,deception,v01-02_b0001,10,2,20,4589,4598,batches/09_deception/v01-02_b0001.txt,batches/09_deception/v01-02_b0001.json,out/09_deception/v01-02_b0001.jsonl
phase1,9,deception,v01-02_b0002,10,2,20,4599,4608,batches/09_deception/v01-02_b0002.txt,batches/09_deception/v01-02_b0002.json,out/09_deception/v01-02_b0002.jsonl
phase1,9,deception,v01-02_b0003,10,2,20,4609,4618,batches/09_deception/v01-02_b0003.txt,batches/09_deception/v01-02_b0003.json,out/09_deception/v01-02_b0003.jsonl
phase1,9,deception,v01-02_b0004,10,2,20,4619,4628,batches/09_deception/v01-02_b0004.txt,batches/09_deception/v01-02_b0004.json,out/09_deception/v01-02_b0004.jsonl
phase1,9,deception,v01-02_b0005,10,2,20,4629,4638,batches/09_deception/v01-02_b0005.txt,batches/09_deception/v01-02_b0005.json,out/09_deception/v01-02_b0005.jsonl
phase1,9,deception,v01-02_b0006,10,2,20,4639,4648,batches/09_deception/v01-02_b0006.txt,batches/09_deception/v01-02_b0006.json,out/09_deception/v01-02_b0006.jsonl
phase1,9,deception,v01-02_b0007,10,2,20,4649,4658,batches/09_deception/v01-02_b0007.txt,batches/09_deception/v01-02_b0007.json,out/09_deception/v01-02_b0007.jsonl
phase1,9,deception,v01-02_b0008,10,2,20,4659,4668,batches/09_deception/v01-02_b0008.txt,batches/09_deception/v01-02_b0008.json,out/09_deception/v01-02_b0008.jsonl
phase1,9,deception,v01-02_b0009,10,2,20,4669,4678,batches/09_deception/v01-02_b0009.txt,batches/09_deception/v01-02_b0009.json,out/09_deception/v01-02_b0009.jsonl
phase1,9,deception,v01-02_b0010,10,2,20,4679,4688,batches/09_deception/v01-02_b0010.txt,batches/09_deception/v01-02_b0010.json,out/09_deception/v01-02_b0010.jsonl
phase1,9,deception,v01-02_b0011,10,2,20,4689,4698,batches/09_deception/v01-02_b0011.txt,batches/09_deception/v01-02_b0011.json,out/09_deception/v01-02_b0011.jsonl
phase1,9,deception,v01-02_b0012,10,2,20,4699,4708,batches/09_deception/v01-02_b0012.txt,batches/09_deception/v01-02_b0012.json,out/09_deception/v01-02_b0012.jsonl
phase1,9,deception,v01-02_b0013,10,2,20,4709,4718,batches/09_deception/v01-02_b0013.txt,batches/09_deception/v01-02_b0013.json,out/09_deception/v01-02_b0013.jsonl
phase1,9,deception,v01-02_b0014,10,2,20,4719,4728,batches/09_deception/v01-02_b0014.txt,batches/09_deception/v01-02_b0014.json,out/09_deception/v01-02_b0014.jsonl
phase1,9,deception,v01-02_b0015,10,2,20,4729,4738,batches/09_deception/v01-02_b0015.txt,batches/09_deception/v01-02_b0015.json,out/09_deception/v01-02_b0015.jsonl
phase1,9,deception,v01-02_b0016,10,2,20,4739,4748,batches/09_deception/v01-02_b0016.txt,batches/09_deception/v01-02_b0016.json,out/09_deception/v01-02_b0016.jsonl
phase1,9,deception,v01-02_b0017,10,2,20,4749,4758,batches/09_deception/v01-02_b0017.txt,batches/09_deception/v01-02_b0017.json,out/09_deception/v01-02_b0017.jsonl
phase1,9,deception,v01-02_b0018,10,2,20,4759,4768,batches/09_deception/v01-02_b0018.txt,batches/09_deception/v01-02_b0018.json,out/09_deception/v01-02_b0018.jsonl
phase1,9,deception,v01-02_b0019,3,2,6,4769,4771,batches/09_deception/v01-02_b0019.txt,batches/09_deception/v01-02_b0019.json,out/09_deception/v01-02_b0019.jsonl
phase1,10,culture,v01-02_b0001,10,2,20,4772,4781,batches/10_culture/v01-02_b0001.txt,batches/10_culture/v01-02_b0001.json,out/10_culture/v01-02_b0001.jsonl
phase1,10,culture,v01-02_b0002,10,2,20,4782,4791,batches/10_culture/v01-02_b0002.txt,batches/10_culture/v01-02_b0002.json,out/10_culture/v01-02_b0002.jsonl
phase1,10,culture,v01-02_b0003,10,2,20,4792,4801,batches/10_culture/v01-02_b0003.txt,batches/10_culture/v01-02_b0003.json,out/10_culture/v01-02_b0003.jsonl
phase1,10,culture,v01-02_b0004,10,2,20,4802,4811,batches/10_culture/v01-02_b0004.txt,batches/10_culture/v01-02_b0004.json,out/10_culture/v01-02_b0004.jsonl
phase1,10,culture,v01-02_b0005,10,2,20,4812,4821,batches/10_culture/v01-02_b0005.txt,batches/10_culture/v01-02_b0005.json,out/10_culture/v01-02_b0005.jsonl
phase1,10,culture,v01-02_b0006,10,2,20,4822,4831,batches/10_culture/v01-02_b0006.txt,batches/10_culture/v01-02_b0006.json,out/10_culture/v01-02_b0006.jsonl
phase1,10,culture,v01-02_b0007,10,2,20,4832,4841,batches/10_culture/v01-02_b0007.txt,batches/10_culture/v01-02_b0007.json,out/10_culture/v01-02_b0007.jsonl
phase1,10,culture,v01-02_b0008,10,2,20,4842,4851,batches/10_culture/v01-02_b0008.txt,batches/10_culture/v01-02_b0008.json,out/10_culture/v01-02_b0008.jsonl
phase1,10,culture,v01-02_b0009,10,2,20,4852,4861,batches/10_culture/v01-02_b0009.txt,batches/10_culture/v01-02_b0009.json,out/10_culture/v01-02_b0009.jsonl
phase1,10,culture,v01-02_b0010,10,2,20,4862,4871,batches/10_culture/v01-02_b0010.txt,batches/10_culture/v01-02_b0010.json,out/10_culture/v01-02_b0010.jsonl
phase1,10,culture,v01-02_b0011,10,2,20,4872,4881,batches/10_culture/v01-02_b0011.txt,batches/10_culture/v01-02_b0011.json,out/10_culture/v01-02_b0011.jsonl
phase1,10,culture,v01-02_b0012,10,2,20,4882,4891,batches/10_culture/v01-02_b0012.txt,batches/10_culture/v01-02_b0012.json,out/10_culture/v01-02_b0012.jsonl
phase1,10,culture,v01-02_b0013,10,2,20,4892,4901,batches/10_culture/v01-02_b0013.txt,batches/10_culture/v01-02_b0013.json,out/10_culture/v01-02_b0013.jsonl
phase1,10,culture,v01-02_b0014,10,2,20,4902,4911,batches/10_culture/v01-02_b0014.txt,batches/10_culture/v01-02_b0014.json,out/10_culture/v01-02_b0014.jsonl
phase1,10,culture,v01-02_b0015,10,2,20,4912,4921,batches/10_culture/v01-02_b0015.txt,batches/10_culture/v01-02_b0015.json,out/10_culture/v01-02_b0015.jsonl
phase1,10,culture,v01-02_b0016,10,2,20,4922,4931,batches/10_culture/v01-02_b0016.txt,batches/10_culture/v01-02_b0016.json,out/10_culture/v01-02_b0016.jsonl
phase1,10,culture,v01-02_b0017,10,2,20,4932,4941,batches/10_culture/v01-02_b0017.txt,batches/10_culture/v01-02_b0017.json,out/10_culture/v01-02_b0017.jsonl
phase1,10,culture,v01-02_b0018,10,2,20,4942,4951,batches/10_culture/v01-02_b0018.txt,batches/10_culture/v01-02_b0018.json,out/10_culture/v01-02_b0018.jsonl
phase1,10,culture,v01-02_b0019,10,2,20,4952,4961,batches/10_culture/v01-02_b0019.txt,batches/10_culture/v01-02_b0019.json,out/10_culture/v01-02_b0019.jsonl
phase1,10,culture,v01-02_b0020,10,2,20,4962,4971,batches/10_culture/v01-02_b0020.txt,batches/10_culture/v01-02_b0020.json,out/10_culture/v01-02_b0020.jsonl
phase1,10,culture,v01-02_b0021,10,2,20,4972,4981,batches/10_culture/v01-02_b0021.txt,batches/10_culture/v01-02_b0021.json,out/10_culture/v01-02_b0021.jsonl
phase1,10,culture,v01-02_b0022,10,2,20,4982,4991,batches/10_culture/v01-02_b0022.txt,batches/10_culture/v01-02_b0022.json,out/10_culture/v01-02_b0022.jsonl
phase1,11,body,v01-02_b0001,10,2,20,4119,4128,batches/11_body/v01-02_b0001.txt,batches/11_body/v01-02_b0001.json,out/11_body/v01-02_b0001.jsonl
phase1,11,body,v01-02_b0002,10,2,20,4129,4138,batches/11_body/v01-02_b0002.txt,batches/11_body/v01-02_b0002.json,out/11_body/v01-02_b0002.jsonl
phase1,11,body,v01-02_b0003,10,2,20,4139,4148,batches/11_body/v01-02_b0003.txt,batches/11_body/v01-02_b0003.json,out/11_body/v01-02_b0003.jsonl
phase1,11,body,v01-02_b0004,10,2,20,4149,4158,batches/11_body/v01-02_b0004.txt,batches/11_body/v01-02_b0004.json,out/11_body/v01-02_b0004.jsonl
phase1,11,body,v01-02_b0005,10,2,20,4159,4168,batches/11_body/v01-02_b0005.txt,batches/11_body/v01-02_b0005.json,out/11_body/v01-02_b0005.jsonl
phase1,11,body,v01-02_b0006,10,2,20,4169,4178,batches/11_body/v01-02_b0006.txt,batches/11_body/v01-02_b0006.json,out/11_body/v01-02_b0006.jsonl
phase1,11,body,v01-02_b0007,10,2,20,4179,4188,batches/11_body/v01-02_b0007.txt,batches/11_body/v01-02_b0007.json,out/11_body/v01-02_b0007.jsonl
phase1,11,body,v01-02_b0008,10,2,20,4189,4198,batches/11_body/v01-02_b0008.txt,batches/11_body/v01-02_b0008.json,out/11_body/v01-02_b0008.jsonl
phase1,11,body,v01-02_b0009,10,2,20,4199,4208,batches/11_body/v01-02_b0009.txt,batches/11_body/v01-02_b0009.json,out/11_body/v01-02_b0009.jsonl
phase1,11,body,v01-02_b0010,10,2,20,4209,4218,batches/11_body/v01-02_b0010.txt,batches/11_body/v01-02_b0010.json,out/11_body/v01-02_b0010.jsonl
phase1,11,body,v01-02_b0011,10,2,20,4219,4228,batches/11_body/v01-02_b0011.txt,batches/11_body/v01-02_b0011.json,out/11_body/v01-02_b0011.jsonl
phase1,11,body,v01-02_b0012,10,2,20,4229,4238,batches/11_body/v01-02_b0012.txt,batches/11_body/v01-02_b0012.json,out/11_body/v01-02_b0012.jsonl
phase1,11,body,v01-02_b0013,10,2,20,4239,4248,batches/11_body/v01-02_b0013.txt,batches/11_body/v01-02_b0013.json,out/11_body/v01-02_b0013.jsonl
phase1,11,body,v01-02_b0014,10,2,20,4249,4258,batches/11_body/v01-02_b0014.txt,batches/11_body/v01-02_b0014.json,out/11_body/v01-02_b0014.jsonl
phase1,11,body,v01-02_b0015,10,2,20,4259,4268,batches/11_body/v01-02_b0015.txt,batches/11_body/v01-02_b0015.json,out/11_body/v01-02_b0015.jsonl
phase1,11,body,v01-02_b0016,10,2,20,4269,4278,batches/11_body/v01-02_b0016.txt,batches/11_body/v01-02_b0016.json,out/11_body/v01-02_b0016.jsonl
phase1,11,body,v01-02_b0017,10,2,20,4279,4288,batches/11_body/v01-02_b0017.txt,batches/11_body/v01-02_b0017.json,out/11_body/v01-02_b0017.jsonl
phase1,11,body,v01-02_b0018,10,2,20,4289,4298,batches/11_body/v01-02_b0018.txt,batches/11_body/v01-02_b0018.json,out/11_body/v01-02_b0018.jsonl
phase1,11,body,v01-02_b0019,10,2,20,4299,4308,batches/11_body/v01-02_b0019.txt,batches/11_body/v01-02_b0019.json,out/11_body/v01-02_b0019.jsonl
phase1,11,body,v01-02_b0020,10,2,20,4309,4318,batches/11_body/v01-02_b0020.txt,batches/11_body/v01-02_b0020.json,out/11_body/v01-02_b0020.jsonl
phase1,12,execution,v01-02_b0001,10,2,20,4992,5001,batches/12_execution/v01-02_b0001.txt,batches/12_execution/v01-02_b0001.json,out/12_execution/v01-02_b0001.jsonl
phase1,12,execution,v01-02_b0002,10,2,20,5002,5011,batches/12_execution/v01-02_b0002.txt,batches/12_execution/v01-02_b0002.json,out/12_execution/v01-02_b0002.jsonl
phase1,12,execution,v01-02_b0003,10,2,20,5012,5021,batches/12_execution/v01-02_b0003.txt,batches/12_execution/v01-02_b0003.json,out/12_execution/v01-02_b0003.jsonl
phase1,12,execution,v01-02_b0004,10,2,20,5022,5031,batches/12_execution/v01-02_b0004.txt,batches/12_execution/v01-02_b0004.json,out/12_execution/v01-02_b0004.jsonl
phase1,12,execution,v01-02_b0005,10,2,20,5032,5041,batches/12_execution/v01-02_b0005.txt,batches/12_execution/v01-02_b0005.json,out/12_execution/v01-02_b0005.jsonl
phase1,12,execution,v01-02_b0006,10,2,20,5042,5051,batches/12_execution/v01-02_b0006.txt,batches/12_execution/v01-02_b0006.json,out/12_execution/v01-02_b0006.jsonl
phase1,12,execution,v01-02_b0007,10,2,20,5052,5061,batches/12_execution/v01-02_b0007.txt,batches/12_execution/v01-02_b0007.json,out/12_execution/v01-02_b0007.jsonl
phase1,12,execution,v01-02_b0008,10,2,20,5062,5071,batches/12_execution/v01-02_b0008.txt,batches/12_execution/v01-02_b0008.json,out/12_execution/v01-02_b0008.jsonl
phase1,12,execution,v01-02_b0009,10,2,20,5072,5081,batches/12_execution/v01-02_b0009.txt,batches/12_execution/v01-02_b0009.json,out/12_execution/v01-02_b0009.jsonl
phase1,12,execution,v01-02_b0010,10,2,20,5082,5091,batches/12_execution/v01-02_b0010.txt,batches/12_execution/v01-02_b0010.json,out/12_execution/v01-02_b0010.jsonl
phase1,12,execution,v01-02_b0011,10,2,20,5092,5101,batches/12_execution/v01-02_b0011.txt,batches/12_execution/v01-02_b0011.json,out/12_execution/v01-02_b0011.jsonl
phase1,12,execution,v01-02_b0012,10,2,20,5102,5111,batches/12_execution/v01-02_b0012.txt,batches/12_execution/v01-02_b0012.json,out/12_execution/v01-02_b0012.jsonl
phase1,12,execution,v01-02_b0013,10,2,20,5112,5121,batches/12_execution/v01-02_b0013.txt,batches/12_execution/v01-02_b0013.json,out/12_execution/v01-02_b0013.jsonl
phase1,12,execution,v01-02_b0014,10,2,20,5122,5131,batches/12_execution/v01-02_b0014.txt,batches/12_execution/v01-02_b0014.json,out/12_execution/v01-02_b0014.jsonl
phase1,12,execution,v01-02_b0015,10,2,20,5132,5141,batches/12_execution/v01-02_b0015.txt,batches/12_execution/v01-02_b0015.json,out/12_execution/v01-02_b0015.jsonl
phase1,12,execution,v01-02_b0016,10,2,20,5142,5151,batches/12_execution/v01-02_b0016.txt,batches/12_execution/v01-02_b0016.json,out/12_execution/v01-02_b0016.jsonl
phase1,12,execution,v01-02_b0017,10,2,20,5152,5161,batches/12_execution/v01-02_b0017.txt,batches/12_execution/v01-02_b0017.json,out/12_execution/v01-02_b0017.jsonl
phase1,12,execution,v01-02_b0018,10,2,20,5162,5171,batches/12_execution/v01-02_b0018.txt,batches/12_execution/v01-02_b0018.json,out/12_execution/v01-02_b0018.jsonl
phase1,12,execution,v01-02_b0019,10,2,20,5172,5181,batches/12_execution/v01-02_b0019.txt,batches/12_execution/v01-02_b0019.json,out/12_execution/v01-02_b0019.jsonl
phase1,12,execution,v01-02_b0020,10,2,20,5182,5191,batches/12_execution/v01-02_b0020.txt,batches/12_execution/v01-02_b0020.json,out/12_execution/v01-02_b0020.jsonl
phase1,12,execution,v01-02_b0021,4,2,8,5192,5195,batches/12_execution/v01-02_b0021.txt,batches/12_execution/v01-02_b0021.json,out/12_execution/v01-02_b0021.jsonl
phase1,13,wellbeing,v01-02_b0001,10,2,20,5196,5205,batches/13_wellbeing/v01-02_b0001.txt,batches/13_wellbeing/v01-02_b0001.json,out/13_wellbeing/v01-02_b0001.jsonl
phase1,13,wellbeing,v01-02_b0002,10,2,20,5206,5215,batches/13_wellbeing/v01-02_b0002.txt,batches/13_wellbeing/v01-02_b0002.json,out/13_wellbeing/v01-02_b0002.jsonl
phase1,13,wellbeing,v01-02_b0003,10,2,20,5216,5225,batches/13_wellbeing/v01-02_b0003.txt,batches/13_wellbeing/v01-02_b0003.json,out/13_wellbeing/v01-02_b0003.jsonl
phase1,13,wellbeing,v01-02_b0004,10,2,20,5226,5235,batches/13_wellbeing/v01-02_b0004.txt,batches/13_wellbeing/v01-02_b0004.json,out/13_wellbeing/v01-02_b0004.jsonl
phase1,13,wellbeing,v01-02_b0005,10,2,20,5236,5245,batches/13_wellbeing/v01-02_b0005.txt,batches/13_wellbeing/v01-02_b0005.json,out/13_wellbeing/v01-02_b0005.jsonl
phase1,13,wellbeing,v01-02_b0006,10,2,20,5246,5255,batches/13_wellbeing/v01-02_b0006.txt,batches/13_wellbeing/v01-02_b0006.json,out/13_wellbeing/v01-02_b0006.jsonl
phase1,13,wellbeing,v01-02_b0007,10,2,20,5256,5265,batches/13_wellbeing/v01-02_b0007.txt,batches/13_wellbeing/v01-02_b0007.json,out/13_wellbeing/v01-02_b0007.jsonl
phase1,13,wellbeing,v01-02_b0008,10,2,20,5266,5275,batches/13_wellbeing/v01-02_b0008.txt,batches/13_wellbeing/v01-02_b0008.json,out/13_wellbeing/v01-02_b0008.jsonl
phase1,13,wellbeing,v01-02_b0009,10,2,20,5276,5285,batches/13_wellbeing/v01-02_b0009.txt,batches/13_wellbeing/v01-02_b0009.json,out/13_wellbeing/v01-02_b0009.jsonl
phase1,13,wellbeing,v01-02_b0010,10,2,20,5286,5295,batches/13_wellbeing/v01-02_b0010.txt,batches/13_wellbeing/v01-02_b0010.json,out/13_wellbeing/v01-02_b0010.jsonl
phase1,13,wellbeing,v01-02_b0011,10,2,20,5296,5305,batches/13_wellbeing/v01-02_b0011.txt,batches/13_wellbeing/v01-02_b0011.json,out/13_wellbeing/v01-02_b0011.jsonl
phase1,13,wellbeing,v01-02_b0012,10,2,20,5306,5315,batches/13_wellbeing/v01-02_b0012.txt,batches/13_wellbeing/v01-02_b0012.json,out/13_wellbeing/v01-02_b0012.jsonl
phase1,13,wellbeing,v01-02_b0013,10,2,20,5316,5325,batches/13_wellbeing/v01-02_b0013.txt,batches/13_wellbeing/v01-02_b0013.json,out/13_wellbeing/v01-02_b0013.jsonl
phase1,13,wellbeing,v01-02_b0014,10,2,20,5326,5335,batches/13_wellbeing/v01-02_b0014.txt,batches/13_wellbeing/v01-02_b0014.json,out/13_wellbeing/v01-02_b0014.jsonl
phase1,13,wellbeing,v01-02_b0015,10,2,20,5336,5345,batches/13_wellbeing/v01-02_b0015.txt,batches/13_wellbeing/v01-02_b0015.json,out/13_wellbeing/v01-02_b0015.jsonl
phase1,13,wellbeing,v01-02_b0016,10,2,20,5346,5355,batches/13_wellbeing/v01-02_b0016.txt,batches/13_wellbeing/v01-02_b0016.json,out/13_wellbeing/v01-02_b0016.jsonl
phase1,13,wellbeing,v01-02_b0017,10,2,20,5356,5365,batches/13_wellbeing/v01-02_b0017.txt,batches/13_wellbeing/v01-02_b0017.json,out/13_wellbeing/v01-02_b0017.jsonl
phase1,13,wellbeing,v01-02_b0018,10,2,20,5366,5375,batches/13_wellbeing/v01-02_b0018.txt,batches/13_wellbeing/v01-02_b0018.json,out/13_wellbeing/v01-02_b0018.jsonl
phase1,13,wellbeing,v01-02_b0019,10,2,20,5376,5385,batches/13_wellbeing/v01-02_b0019.txt,batches/13_wellbeing/v01-02_b0019.json,out/13_wellbeing/v01-02_b0019.jsonl
phase1,13,wellbeing,v01-02_b0020,10,2,20,5386,5395,batches/13_wellbeing/v01-02_b0020.txt,batches/13_wellbeing/v01-02_b0020.json,out/13_wellbeing/v01-02_b0020.jsonl
phase1,13,wellbeing,v01-02_b0021,10,2,20,5396,5405,batches/13_wellbeing/v01-02_b0021.txt,batches/13_wellbeing/v01-02_b0021.json,out/13_wellbeing/v01-02_b0021.jsonl
phase1,13,wellbeing,v01-02_b0022,10,2,20,5406,5415,batches/13_wellbeing/v01-02_b0022.txt,batches/13_wellbeing/v01-02_b0022.json,out/13_wellbeing/v01-02_b0022.jsonl
phase1,13,wellbeing,v01-02_b0023,10,2,20,5416,5425,batches/13_wellbeing/v01-02_b0023.txt,batches/13_wellbeing/v01-02_b0023.json,out/13_wellbeing/v01-02_b0023.jsonl
phase1,13,wellbeing,v01-02_b0024,10,2,20,5426,5435,batches/13_wellbeing/v01-02_b0024.txt,batches/13_wellbeing/v01-02_b0024.json,out/13_wellbeing/v01-02_b0024.jsonl
phase1,13,wellbeing,v01-02_b0025,6,2,12,5436,5441,batches/13_wellbeing/v01-02_b0025.txt,batches/13_wellbeing/v01-02_b0025.json,out/13_wellbeing/v01-02_b0025.jsonl
phase1,14,planning,v01-01_b0001,10,1,10,5761,5770,batches/14_planning/v01-01_b0001.txt,batches/14_planning/v01-01_b0001.json,out/14_planning/v01-01_b0001.jsonl
phase1,14,planning,v01-01_b0002,10,1,10,5771,5780,batches/14_planning/v01-01_b0002.txt,batches/14_planning/v01-01_b0002.json,out/14_planning/v01-01_b0002.jsonl
phase1,14,planning,v01-01_b0003,10,1,10,5781,5790,batches/14_planning/v01-01_b0003.txt,batches/14_planning/v01-01_b0003.json,out/14_planning/v01-01_b0003.jsonl
phase1,14,planning,v01-01_b0004,10,1,10,5791,5800,batches/14_planning/v01-01_b0004.txt,batches/14_planning/v01-01_b0004.json,out/14_planning/v01-01_b0004.jsonl
phase1,14,planning,v01-01_b0005,10,1,10,5801,5810,batches/14_planning/v01-01_b0005.txt,batches/14_planning/v01-01_b0005.json,out/14_planning/v01-01_b0005.jsonl
phase1,14,planning,v01-01_b0006,10,1,10,5811,5820,batches/14_planning/v01-01_b0006.txt,batches/14_planning/v01-01_b0006.json,out/14_planning/v01-01_b0006.jsonl
phase1,14,planning,v01-01_b0007,10,1,10,5821,5830,batches/14_planning/v01-01_b0007.txt,batches/14_planning/v01-01_b0007.json,out/14_planning/v01-01_b0007.jsonl
phase1,14,planning,v01-01_b0008,10,1,10,5831,5840,batches/14_planning/v01-01_b0008.txt,batches/14_planning/v01-01_b0008.json,out/14_planning/v01-01_b0008.jsonl
phase1,14,planning,v01-01_b0009,10,1,10,5841,5850,batches/14_planning/v01-01_b0009.txt,batches/14_planning/v01-01_b0009.json,out/14_planning/v01-01_b0009.jsonl
phase1,14,planning,v01-01_b0010,10,1,10,5851,5860,batches/14_planning/v01-01_b0010.txt,batches/14_planning/v01-01_b0010.json,out/14_planning/v01-01_b0010.jsonl
phase1,14,planning,v01-01_b0011,10,1,10,5861,5870,batches/14_planning/v01-01_b0011.txt,batches/14_planning/v01-01_b0011.json,out/14_planning/v01-01_b0011.jsonl
phase1,14,planning,v01-01_b0012,10,1,10,5871,5880,batches/14_planning/v01-01_b0012.txt,batches/14_planning/v01-01_b0012.json,out/14_planning/v01-01_b0012.jsonl
phase1,14,planning,v01-01_b0013,10,1,10,5881,5890,batches/14_planning/v01-01_b0013.txt,batches/14_planning/v01-01_b0013.json,out/14_planning/v01-01_b0013.jsonl
phase1,14,planning,v01-01_b0014,10,1,10,5891,5900,batches/14_planning/v01-01_b0014.txt,batches/14_planning/v01-01_b0014.json,out/14_planning/v01-01_b0014.jsonl
phase1,14,planning,v01-01_b0015,10,1,10,5901,5910,batches/14_planning/v01-01_b0015.txt,batches/14_planning/v01-01_b0015.json,out/14_planning/v01-01_b0015.jsonl
phase1,14,planning,v01-01_b0016,10,1,10,5911,5920,batches/14_planning/v01-01_b0016.txt,batches/14_planning/v01-01_b0016.json,out/14_planning/v01-01_b0016.jsonl
phase1,14,planning,v01-01_b0017,10,1,10,5921,5930,batches/14_planning/v01-01_b0017.txt,batches/14_planning/v01-01_b0017.json,out/14_planning/v01-01_b0017.jsonl
phase1,14,planning,v01-01_b0018,10,1,10,5931,5940,batches/14_planning/v01-01_b0018.txt,batches/14_planning/v01-01_b0018.json,out/14_planning/v01-01_b0018.jsonl
phase1,14,planning,v01-01_b0019,10,1,10,5941,5950,batches/14_planning/v01-01_b0019.txt,batches/14_planning/v01-01_b0019.json,out/14_planning/v01-01_b0019.jsonl
phase1,14,planning,v01-01_b0020,10,1,10,5951,5960,batches/14_planning/v01-01_b0020.txt,batches/14_planning/v01-01_b0020.json,out/14_planning/v01-01_b0020.jsonl
phase1,14,planning,v01-01_b0021,10,1,10,5961,5970,batches/14_planning/v01-01_b0021.txt,batches/14_planning/v01-01_b0021.json,out/14_planning/v01-01_b0021.jsonl
phase1,14,planning,v01-01_b0022,10,1,10,5971,5980,batches/14_planning/v01-01_b0022.txt,batches/14_planning/v01-01_b0022.json,out/14_planning/v01-01_b0022.jsonl
phase1,14,planning,v01-01_b0023,10,1,10,5981,5990,batches/14_planning/v01-01_b0023.txt,batches/14_planning/v01-01_b0023.json,out/14_planning/v01-01_b0023.jsonl
phase1,14,planning,v01-01_b0024,10,1,10,5991,6000,batches/14_planning/v01-01_b0024.txt,batches/14_planning/v01-01_b0024.json,out/14_planning/v01-01_b0024.jsonl
phase1,14,planning,v01-01_b0025,10,1,10,6001,6010,batches/14_planning/v01-01_b0025.txt,batches/14_planning/v01-01_b0025.json,out/14_planning/v01-01_b0025.jsonl
phase1,14,planning,v01-01_b0026,10,1,10,6011,6020,batches/14_planning/v01-01_b0026.txt,batches/14_planning/v01-01_b0026.json,out/14_planning/v01-01_b0026.jsonl
phase1,14,planning,v01-01_b0027,10,1,10,6021,6030,batches/14_planning/v01-01_b0027.txt,batches/14_planning/v01-01_b0027.json,out/14_planning/v01-01_b0027.jsonl
phase1,14,planning,v01-01_b0028,10,1,10,6031,6040,batches/14_planning/v01-01_b0028.txt,batches/14_planning/v01-01_b0028.json,out/14_planning/v01-01_b0028.jsonl
phase1,14,planning,v01-01_b0029,10,1,10,6041,6050,batches/14_planning/v01-01_b0029.txt,batches/14_planning/v01-01_b0029.json,out/14_planning/v01-01_b0029.jsonl
phase1,14,planning,v01-01_b0030,10,1,10,6051,6060,batches/14_planning/v01-01_b0030.txt,batches/14_planning/v01-01_b0030.json,out/14_planning/v01-01_b0030.jsonl
phase1,14,planning,v01-01_b0031,10,1,10,6061,6070,batches/14_planning/v01-01_b0031.txt,batches/14_planning/v01-01_b0031.json,out/14_planning/v01-01_b0031.jsonl
phase1,14,planning,v01-01_b0032,10,1,10,6071,6080,batches/14_planning/v01-01_b0032.txt,batches/14_planning/v01-01_b0032.json,out/14_planning/v01-01_b0032.jsonl
phase1,14,planning,v01-01_b0033,10,1,10,6081,6090,batches/14_planning/v01-01_b0033.txt,batches/14_planning/v01-01_b0033.json,out/14_planning/v01-01_b0033.jsonl
phase1,14,planning,v01-01_b0034,10,1,10,6091,6100,batches/14_planning/v01-01_b0034.txt,batches/14_planning/v01-01_b0034.json,out/14_planning/v01-01_b0034.jsonl
phase1,14,planning,v01-01_b0035,10,1,10,6101,6110,batches/14_planning/v01-01_b0035.txt,batches/14_planning/v01-01_b0035.json,out/14_planning/v01-01_b0035.jsonl
phase1,14,planning,v01-01_b0036,10,1,10,6111,6120,batches/14_planning/v01-01_b0036.txt,batches/14_planning/v01-01_b0036.json,out/14_planning/v01-01_b0036.jsonl
phase1,14,planning,v01-01_b0037,10,1,10,6121,6130,batches/14_planning/v01-01_b0037.txt,batches/14_planning/v01-01_b0037.json,out/14_planning/v01-01_b0037.jsonl
phase1,14,planning,v01-01_b0038,10,1,10,6131,6140,batches/14_planning/v01-01_b0038.txt,batches/14_planning/v01-01_b0038.json,out/14_planning/v01-01_b0038.jsonl
phase1,14,planning,v01-01_b0039,10,1,10,6141,6150,batches/14_planning/v01-01_b0039.txt,batches/14_planning/v01-01_b0039.json,out/14_planning/v01-01_b0039.jsonl
phase1,14,planning,v01-01_b0040,10,1,10,6151,6160,batches/14_planning/v01-01_b0040.txt,batches/14_planning/v01-01_b0040.json,out/14_planning/v01-01_b0040.jsonl
phase1,14,planning,v01-01_b0041,10,1,10,6161,6170,batches/14_planning/v01-01_b0041.txt,batches/14_planning/v01-01_b0041.json,out/14_planning/v01-01_b0041.jsonl
phase1,14,planning,v01-01_b0042,10,1,10,6171,6180,batches/14_planning/v01-01_b0042.txt,batches/14_planning/v01-01_b0042.json,out/14_planning/v01-01_b0042.jsonl
phase1,14,planning,v01-01_b0043,10,1,10,6181,6190,batches/14_planning/v01-01_b0043.txt,batches/14_planning/v01-01_b0043.json,out/14_planning/v01-01_b0043.jsonl
phase1,14,planning,v01-01_b0044,10,1,10,6191,6200,batches/14_planning/v01-01_b0044.txt,batches/14_planning/v01-01_b0044.json,out/14_planning/v01-01_b0044.jsonl
phase1,14,planning,v01-01_b0045,10,1,10,6201,6210,batches/14_planning/v01-01_b0045.txt,batches/14_planning/v01-01_b0045.json,out/14_planning/v01-01_b0045.jsonl
phase1,14,planning,v01-01_b0046,10,1,10,6211,6220,batches/14_planning/v01-01_b0046.txt,batches/14_planning/v01-01_b0046.json,out/14_planning/v01-01_b0046.jsonl
phase1,14,planning,v01-01_b0047,10,1,10,6221,6230,batches/14_planning/v01-01_b0047.txt,batches/14_planning/v01-01_b0047.json,out/14_planning/v01-01_b0047.jsonl
phase1,14,planning,v01-01_b0048,10,1,10,6231,6240,batches/14_planning/v01-01_b0048.txt,batches/14_planning/v01-01_b0048.json,out/14_planning/v01-01_b0048.jsonl
phase1,14,planning,v01-01_b0049,10,1,10,6241,6250,batches/14_planning/v01-01_b0049.txt,batches/14_planning/v01-01_b0049.json,out/14_planning/v01-01_b0049.jsonl
phase1,14,planning,v01-01_b0050,10,1,10,6251,6260,batches/14_planning/v01-01_b0050.txt,batches/14_planning/v01-01_b0050.json,out/14_planning/v01-01_b0050.jsonl
phase1,14,planning,v01-01_b0051,10,1,10,6261,6270,batches/14_planning/v01-01_b0051.txt,batches/14_planning/v01-01_b0051.json,out/14_planning/v01-01_b0051.jsonl
phase1,14,planning,v01-01_b0052,10,1,10,6271,6280,batches/14_planning/v01-01_b0052.txt,batches/14_planning/v01-01_b0052.json,out/14_planning/v01-01_b0052.jsonl
phase1,14,planning,v01-01_b0053,10,1,10,6281,6290,batches/14_planning/v01-01_b0053.txt,batches/14_planning/v01-01_b0053.json,out/14_planning/v01-01_b0053.jsonl
phase1,14,planning,v01-01_b0054,10,1,10,6291,6300,batches/14_planning/v01-01_b0054.txt,batches/14_planning/v01-01_b0054.json,out/14_planning/v01-01_b0054.jsonl
phase1,14,planning,v01-01_b0055,10,1,10,6301,6310,batches/14_planning/v01-01_b0055.txt,batches/14_planning/v01-01_b0055.json,out/14_planning/v01-01_b0055.jsonl
phase1,14,planning,v01-01_b0056,10,1,10,6311,6320,batches/14_planning/v01-01_b0056.txt,batches/14_planning/v01-01_b0056.json,out/14_planning/v01-01_b0056.jsonl
phase1,14,planning,v01-01_b0057,10,1,10,6321,6330,batches/14_planning/v01-01_b0057.txt,batches/14_planning/v01-01_b0057.json,out/14_planning/v01-01_b0057.jsonl
phase1,14,planning,v01-01_b0058,10,1,10,6331,6340,batches/14_planning/v01-01_b0058.txt,batches/14_planning/v01-01_b0058.json,out/14_planning/v01-01_b0058.jsonl
phase1,14,planning,v01-01_b0059,10,1,10,6341,6350,batches/14_planning/v01-01_b0059.txt,batches/14_planning/v01-01_b0059.json,out/14_planning/v01-01_b0059.jsonl
phase1,14,planning,v01-01_b0060,10,1,10,6351,6360,batches/14_planning/v01-01_b0060.txt,batches/14_planning/v01-01_b0060.json,out/14_planning/v01-01_b0060.jsonl
phase1,14,planning,v01-01_b0061,10,1,10,6361,6370,batches/14_planning/v01-01_b0061.txt,batches/14_planning/v01-01_b0061.json,out/14_planning/v01-01_b0061.jsonl
phase1,14,planning,v01-01_b0062,10,1,10,6371,6380,batches/14_planning/v01-01_b0062.txt,batches/14_planning/v01-01_b0062.json,out/14_planning/v01-01_b0062.jsonl
phase1,14,planning,v01-01_b0063,10,1,10,6381,6390,batches/14_planning/v01-01_b0063.txt,batches/14_planning/v01-01_b0063.json,out/14_planning/v01-01_b0063.jsonl
phase1,14,planning,v01-01_b0064,10,1,10,6391,6400,batches/14_planning/v01-01_b0064.txt,batches/14_planning/v01-01_b0064.json,out/14_planning/v01-01_b0064.jsonl
phase1,14,planning,v01-01_b0065,10,1,10,6401,6410,batches/14_planning/v01-01_b0065.txt,batches/14_planning/v01-01_b0065.json,out/14_planning/v01-01_b0065.jsonl
phase1,14,planning,v01-01_b0066,10,1,10,6411,6420,batches/14_planning/v01-01_b0066.txt,batches/14_planning/v01-01_b0066.json,out/14_planning/v01-01_b0066.jsonl
phase1,14,planning,v01-01_b0067,10,1,10,6421,6430,batches/14_planning/v01-01_b0067.txt,batches/14_planning/v01-01_b0067.json,out/14_planning/v01-01_b0067.jsonl
phase1,14,planning,v01-01_b0068,10,1,10,6431,6440,batches/14_planning/v01-01_b0068.txt,batches/14_planning/v01-01_b0068.json,out/14_planning/v01-01_b0068.jsonl
phase1,14,planning,v01-01_b0069,10,1,10,6441,6450,batches/14_planning/v01-01_b0069.txt,batches/14_planning/v01-01_b0069.json,out/14_planning/v01-01_b0069.jsonl
phase1,14,planning,v01-01_b0070,10,1,10,6451,6460,batches/14_planning/v01-01_b0070.txt,batches/14_planning/v01-01_b0070.json,out/14_planning/v01-01_b0070.jsonl
phase1,14,planning,v01-01_b0071,10,1,10,6461,6470,batches/14_planning/v01-01_b0071.txt,batches/14_planning/v01-01_b0071.json,out/14_planning/v01-01_b0071.jsonl
phase1,14,planning,v01-01_b0072,10,1,10,6471,6480,batches/14_planning/v01-01_b0072.txt,batches/14_planning/v01-01_b0072.json,out/14_planning/v01-01_b0072.jsonl
phase1,14,planning,v01-01_b0073,10,1,10,6481,6490,batches/14_planning/v01-01_b0073.txt,batches/14_planning/v01-01_b0073.json,out/14_planning/v01-01_b0073.jsonl
phase1,14,planning,v01-01_b0074,10,1,10,6491,6500,batches/14_planning/v01-01_b0074.txt,batches/14_planning/v01-01_b0074.json,out/14_planning/v01-01_b0074.jsonl
phase1,14,planning,v01-01_b0075,10,1,10,6501,6510,batches/14_planning/v01-01_b0075.txt,batches/14_planning/v01-01_b0075.json,out/14_planning/v01-01_b0075.jsonl
phase1,14,planning,v01-01_b0076,10,1,10,6511,6520,batches/14_planning/v01-01_b0076.txt,batches/14_planning/v01-01_b0076.json,out/14_planning/v01-01_b0076.jsonl
phase1,14,planning,v01-01_b0077,10,1,10,6521,6530,batches/14_planning/v01-01_b0077.txt,batches/14_planning/v01-01_b0077.json,out/14_planning/v01-01_b0077.jsonl
phase1,14,planning,v01-01_b0078,10,1,10,6531,6540,batches/14_planning/v01-01_b0078.txt,batches/14_planning/v01-01_b0078.json,out/14_planning/v01-01_b0078.jsonl
phase1,14,planning,v01-01_b0079,10,1,10,6541,6550,batches/14_planning/v01-01_b0079.txt,batches/14_planning/v01-01_b0079.json,out/14_planning/v01-01_b0079.jsonl
phase1,14,planning,v01-01_b0080,10,1,10,6551,6560,batches/14_planning/v01-01_b0080.txt,batches/14_planning/v01-01_b0080.json,out/14_planning/v01-01_b0080.jsonl
phase1,14,planning,v01-01_b0081,10,1,10,6561,6570,batches/14_planning/v01-01_b0081.txt,batches/14_planning/v01-01_b0081.json,out/14_planning/v01-01_b0081.jsonl
phase1,14,planning,v01-01_b0082,10,1,10,6571,6580,batches/14_planning/v01-01_b0082.txt,batches/14_planning/v01-01_b0082.json,out/14_planning/v01-01_b0082.jsonl
phase1,14,planning,v01-01_b0083,10,1,10,6581,6590,batches/14_planning/v01-01_b0083.txt,batches/14_planning/v01-01_b0083.json,out/14_planning/v01-01_b0083.jsonl
phase1,14,planning,v01-01_b0084,10,1,10,6591,6600,batches/14_planning/v01-01_b0084.txt,batches/14_planning/v01-01_b0084.json,out/14_planning/v01-01_b0084.jsonl
phase1,14,planning,v01-01_b0085,10,1,10,6601,6610,batches/14_planning/v01-01_b0085.txt,batches/14_planning/v01-01_b0085.json,out/14_planning/v01-01_b0085.jsonl
phase1,14,planning,v01-01_b0086,10,1,10,6611,6620,batches/14_planning/v01-01_b0086.txt,batches/14_planning/v01-01_b0086.json,out/14_planning/v01-01_b0086.jsonl
phase1,14,planning,v01-01_b0087,10,1,10,6621,6630,batches/14_planning/v01-01_b0087.txt,batches/14_planning/v01-01_b0087.json,out/14_planning/v01-01_b0087.jsonl
phase1,14,planning,v01-01_b0088,10,1,10,6631,6640,batches/14_planning/v01-01_b0088.txt,batches/14_planning/v01-01_b0088.json,out/14_planning/v01-01_b0088.jsonl
phase1,14,planning,v01-01_b0089,10,1,10,6641,6650,batches/14_planning/v01-01_b0089.txt,batches/14_planning/v01-01_b0089.json,out/14_planning/v01-01_b0089.jsonl
phase1,14,planning,v01-01_b0090,10,1,10,6651,6660,batches/14_planning/v01-01_b0090.txt,batches/14_planning/v01-01_b0090.json,out/14_planning/v01-01_b0090.jsonl
phase1,14,planning,v01-01_b0091,10,1,10,6661,6670,batches/14_planning/v01-01_b0091.txt,batches/14_planning/v01-01_b0091.json,out/14_planning/v01-01_b0091.jsonl
phase1,14,planning,v01-01_b0092,10,1,10,6671,6680,batches/14_planning/v01-01_b0092.txt,batches/14_planning/v01-01_b0092.json,out/14_planning/v01-01_b0092.jsonl
phase1,14,planning,v01-01_b0093,10,1,10,6681,6690,batches/14_planning/v01-01_b0093.txt,batches/14_planning/v01-01_b0093.json,out/14_planning/v01-01_b0093.jsonl
phase1,14,planning,v01-01_b0094,10,1,10,6691,6700,batches/14_planning/v01-01_b0094.txt,batches/14_planning/v01-01_b0094.json,out/14_planning/v01-01_b0094.jsonl
phase1,14,planning,v01-01_b0095,10,1,10,6701,6710,batches/14_planning/v01-01_b0095.txt,batches/14_planning/v01-01_b0095.json,out/14_planning/v01-01_b0095.jsonl
phase1,14,planning,v01-01_b0096,10,1,10,6711,6720,batches/14_planning/v01-01_b0096.txt,batches/14_planning/v01-01_b0096.json,out/14_planning/v01-01_b0096.jsonl
phase1,14,planning,v01-01_b0097,10,1,10,6721,6730,batches/14_planning/v01-01_b0097.txt,batches/14_planning/v01-01_b0097.json,out/14_planning/v01-01_b0097.jsonl
phase1,14,planning,v01-01_b0098,10,1,10,6731,6740,batches/14_planning/v01-01_b0098.txt,batches/14_planning/v01-01_b0098.json,out/14_planning/v01-01_b0098.jsonl
phase1,14,planning,v01-01_b0099,10,1,10,6741,6750,batches/14_planning/v01-01_b0099.txt,batches/14_planning/v01-01_b0099.json,out/14_planning/v01-01_b0099.jsonl
phase1,14,planning,v01-01_b0100,10,1,10,6751,6760,batches/14_planning/v01-01_b0100.txt,batches/14_planning/v01-01_b0100.json,out/14_planning/v01-01_b0100.jsonl
phase1,14,planning,v01-01_b0101,10,1,10,6761,6770,batches/14_planning/v01-01_b0101.txt,batches/14_planning/v01-01_b0101.json,out/14_planning/v01-01_b0101.jsonl
phase1,14,planning,v01-01_b0102,10,1,10,6771,6780,batches/14_planning/v01-01_b0102.txt,batches/14_planning/v01-01_b0102.json,out/14_planning/v01-01_b0102.jsonl
phase1,14,planning,v01-01_b0103,10,1,10,6781,6790,batches/14_planning/v01-01_b0103.txt,batches/14_planning/v01-01_b0103.json,out/14_planning/v01-01_b0103.jsonl
phase1,14,planning,v01-01_b0104,10,1,10,6791,6800,batches/14_planning/v01-01_b0104.txt,batches/14_planning/v01-01_b0104.json,out/14_planning/v01-01_b0104.jsonl
phase1,14,planning,v01-01_b0105,10,1,10,6801,6810,batches/14_planning/v01-01_b0105.txt,batches/14_planning/v01-01_b0105.json,out/14_planning/v01-01_b0105.jsonl
phase1,14,planning,v01-01_b0106,10,1,10,6811,6820,batches/14_planning/v01-01_b0106.txt,batches/14_planning/v01-01_b0106.json,out/14_planning/v01-01_b0106.jsonl
phase1,14,planning,v01-01_b0107,10,1,10,6821,6830,batches/14_planning/v01-01_b0107.txt,batches/14_planning/v01-01_b0107.json,out/14_planning/v01-01_b0107.jsonl
phase1,14,planning,v01-01_b0108,10,1,10,6831,6840,batches/14_planning/v01-01_b0108.txt,batches/14_planning/v01-01_b0108.json,out/14_planning/v01-01_b0108.jsonl
phase1,14,planning,v01-01_b0109,10,1,10,6841,6850,batches/14_planning/v01-01_b0109.txt,batches/14_planning/v01-01_b0109.json,out/14_planning/v01-01_b0109.jsonl
phase1,14,planning,v01-01_b0110,10,1,10,6851,6860,batches/14_planning/v01-01_b0110.txt,batches/14_planning/v01-01_b0110.json,out/14_planning/v01-01_b0110.jsonl
phase1,14,planning,v01-01_b0111,10,1,10,6861,6870,batches/14_planning/v01-01_b0111.txt,batches/14_planning/v01-01_b0111.json,out/14_planning/v01-01_b0111.jsonl
phase1,14,planning,v01-01_b0112,10,1,10,6871,6880,batches/14_planning/v01-01_b0112.txt,batches/14_planning/v01-01_b0112.json,out/14_planning/v01-01_b0112.jsonl
phase1,14,planning,v01-01_b0113,10,1,10,6881,6890,batches/14_planning/v01-01_b0113.txt,batches/14_planning/v01-01_b0113.json,out/14_planning/v01-01_b0113.jsonl
phase1,14,planning,v01-01_b0114,10,1,10,6891,6900,batches/14_planning/v01-01_b0114.txt,batches/14_planning/v01-01_b0114.json,out/14_planning/v01-01_b0114.jsonl
phase1,14,planning,v01-01_b0115,10,1,10,6901,6910,batches/14_planning/v01-01_b0115.txt,batches/14_planning/v01-01_b0115.json,out/14_planning/v01-01_b0115.jsonl
phase1,14,planning,v01-01_b0116,10,1,10,6911,6920,batches/14_planning/v01-01_b0116.txt,batches/14_planning/v01-01_b0116.json,out/14_planning/v01-01_b0116.jsonl
phase1,14,planning,v01-01_b0117,10,1,10,6921,6930,batches/14_planning/v01-01_b0117.txt,batches/14_planning/v01-01_b0117.json,out/14_planning/v01-01_b0117.jsonl
phase1,14,planning,v01-01_b0118,10,1,10,6931,6940,batches/14_planning/v01-01_b0118.txt,batches/14_planning/v01-01_b0118.json,out/14_planning/v01-01_b0118.jsonl
phase1,14,planning,v01-01_b0119,10,1,10,6941,6950,batches/14_planning/v01-01_b0119.txt,batches/14_planning/v01-01_b0119.json,out/14_planning/v01-01_b0119.jsonl
phase1,14,planning,v01-01_b0120,10,1,10,6951,6960,batches/14_planning/v01-01_b0120.txt,batches/14_planning/v01-01_b0120.json,out/14_planning/v01-01_b0120.jsonl
phase1,14,planning,v01-01_b0121,10,1,10,6961,6970,batches/14_planning/v01-01_b0121.txt,batches/14_planning/v01-01_b0121.json,out/14_planning/v01-01_b0121.jsonl
phase1,14,planning,v01-01_b0122,10,1,10,6971,6980,batches/14_planning/v01-01_b0122.txt,batches/14_planning/v01-01_b0122.json,out/14_planning/v01-01_b0122.jsonl
phase1,14,planning,v01-01_b0123,10,1,10,6981,6990,batches/14_planning/v01-01_b0123.txt,batches/14_planning/v01-01_b0123.json,out/14_planning/v01-01_b0123.jsonl
phase1,14,planning,v01-01_b0124,10,1,10,6991,7000,batches/14_planning/v01-01_b0124.txt,batches/14_planning/v01-01_b0124.json,out/14_planning/v01-01_b0124.jsonl
phase1,14,planning,v01-01_b0125,10,1,10,7001,7010,batches/14_planning/v01-01_b0125.txt,batches/14_planning/v01-01_b0125.json,out/14_planning/v01-01_b0125.jsonl
phase1,14,planning,v01-01_b0126,10,1,10,7011,7020,batches/14_planning/v01-01_b0126.txt,batches/14_planning/v01-01_b0126.json,out/14_planning/v01-01_b0126.jsonl
phase1,14,planning,v01-01_b0127,10,1,10,7021,7030,batches/14_planning/v01-01_b0127.txt,batches/14_planning/v01-01_b0127.json,out/14_planning/v01-01_b0127.jsonl
phase1,14,planning,v01-01_b0128,10,1,10,7031,7040,batches/14_planning/v01-01_b0128.txt,batches/14_planning/v01-01_b0128.json,out/14_planning/v01-01_b0128.jsonl
phase1,14,planning,v01-01_b0129,10,1,10,7041,7050,batches/14_planning/v01-01_b0129.txt,batches/14_planning/v01-01_b0129.json,out/14_planning/v01-01_b0129.jsonl
phase1,14,planning,v01-01_b0130,10,1,10,7051,7060,batches/14_planning/v01-01_b0130.txt,batches/14_planning/v01-01_b0130.json,out/14_planning/v01-01_b0130.jsonl
phase1,14,planning,v01-01_b0131,10,1,10,7061,7070,batches/14_planning/v01-01_b0131.txt,batches/14_planning/v01-01_b0131.json,out/14_planning/v01-01_b0131.jsonl
phase1,14,planning,v01-01_b0132,10,1,10,7071,7080,batches/14_planning/v01-01_b0132.txt,batches/14_planning/v01-01_b0132.json,out/14_planning/v01-01_b0132.jsonl
phase1,14,planning,v01-01_b0133,10,1,10,7081,7090,batches/14_planning/v01-01_b0133.txt,batches/14_planning/v01-01_b0133.json,out/14_planning/v01-01_b0133.jsonl
phase1,14,planning,v01-01_b0134,10,1,10,7091,7100,batches/14_planning/v01-01_b0134.txt,batches/14_planning/v01-01_b0134.json,out/14_planning/v01-01_b0134.jsonl
phase1,14,planning,v01-01_b0135,10,1,10,7101,7110,batches/14_planning/v01-01_b0135.txt,batches/14_planning/v01-01_b0135.json,out/14_planning/v01-01_b0135.jsonl
phase1,14,planning,v01-01_b0136,10,1,10,7111,7120,batches/14_planning/v01-01_b0136.txt,batches/14_planning/v01-01_b0136.json,out/14_planning/v01-01_b0136.jsonl
phase1,14,planning,v01-01_b0137,10,1,10,7121,7130,batches/14_planning/v01-01_b0137.txt,batches/14_planning/v01-01_b0137.json,out/14_planning/v01-01_b0137.jsonl
phase1,14,planning,v01-01_b0138,10,1,10,7131,7140,batches/14_planning/v01-01_b0138.txt,batches/14_planning/v01-01_b0138.json,out/14_planning/v01-01_b0138.jsonl
phase1,14,planning,v01-01_b0139,10,1,10,7141,7150,batches/14_planning/v01-01_b0139.txt,batches/14_planning/v01-01_b0139.json,out/14_planning/v01-01_b0139.jsonl
phase1,14,planning,v01-01_b0140,10,1,10,7151,7160,batches/14_planning/v01-01_b0140.txt,batches/14_planning/v01-01_b0140.json,out/14_planning/v01-01_b0140.jsonl
phase1,14,planning,v01-01_b0141,10,1,10,7161,7170,batches/14_planning/v01-01_b0141.txt,batches/14_planning/v01-01_b0141.json,out/14_planning/v01-01_b0141.jsonl
phase1,14,planning,v01-01_b0142,10,1,10,7171,7180,batches/14_planning/v01-01_b0142.txt,batches/14_planning/v01-01_b0142.json,out/14_planning/v01-01_b0142.jsonl
phase1,14,planning,v01-01_b0143,10,1,10,7181,7190,batches/14_planning/v01-01_b0143.txt,batches/14_planning/v01-01_b0143.json,out/14_planning/v01-01_b0143.jsonl
phase1,14,planning,v01-01_b0144,10,1,10,7191,7200,batches/14_planning/v01-01_b0144.txt,batches/14_planning/v01-01_b0144.json,out/14_planning/v01-01_b0144.jsonl
phase1,14,planning,v01-01_b0145,10,1,10,7201,7210,batches/14_planning/v01-01_b0145.txt,batches/14_planning/v01-01_b0145.json,out/14_planning/v01-01_b0145.jsonl
phase1,14,planning,v01-01_b0146,10,1,10,7211,7220,batches/14_planning/v01-01_b0146.txt,batches/14_planning/v01-01_b0146.json,out/14_planning/v01-01_b0146.jsonl
phase1,14,planning,v01-01_b0147,10,1,10,7221,7230,batches/14_planning/v01-01_b0147.txt,batches/14_planning/v01-01_b0147.json,out/14_planning/v01-01_b0147.jsonl
phase1,14,planning,v01-01_b0148,10,1,10,7231,7240,batches/14_planning/v01-01_b0148.txt,batches/14_planning/v01-01_b0148.json,out/14_planning/v01-01_b0148.jsonl
phase1,14,planning,v01-01_b0149,10,1,10,7241,7250,batches/14_planning/v01-01_b0149.txt,batches/14_planning/v01-01_b0149.json,out/14_planning/v01-01_b0149.jsonl
phase1,14,planning,v01-01_b0150,10,1,10,7251,7260,batches/14_planning/v01-01_b0150.txt,batches/14_planning/v01-01_b0150.json,out/14_planning/v01-01_b0150.jsonl
phase1,14,planning,v01-01_b0151,10,1,10,7261,7270,batches/14_planning/v01-01_b0151.txt,batches/14_planning/v01-01_b0151.json,out/14_planning/v01-01_b0151.jsonl
phase1,14,planning,v01-01_b0152,10,1,10,7271,7280,batches/14_planning/v01-01_b0152.txt,batches/14_planning/v01-01_b0152.json,out/14_planning/v01-01_b0152.jsonl
phase1,14,planning,v01-01_b0153,10,1,10,7281,7290,batches/14_planning/v01-01_b0153.txt,batches/14_planning/v01-01_b0153.json,out/14_planning/v01-01_b0153.jsonl
phase1,14,planning,v01-01_b0154,10,1,10,7291,7300,batches/14_planning/v01-01_b0154.txt,batches/14_planning/v01-01_b0154.json,out/14_planning/v01-01_b0154.jsonl
phase1,14,planning,v01-01_b0155,10,1,10,7301,7310,batches/14_planning/v01-01_b0155.txt,batches/14_planning/v01-01_b0155.json,out/14_planning/v01-01_b0155.jsonl
phase1,14,planning,v01-01_b0156,10,1,10,7311,7320,batches/14_planning/v01-01_b0156.txt,batches/14_planning/v01-01_b0156.json,out/14_planning/v01-01_b0156.jsonl
phase1,14,planning,v01-01_b0157,10,1,10,7321,7330,batches/14_planning/v01-01_b0157.txt,batches/14_planning/v01-01_b0157.json,out/14_planning/v01-01_b0157.jsonl
phase1,14,planning,v01-01_b0158,10,1,10,7331,7340,batches/14_planning/v01-01_b0158.txt,batches/14_planning/v01-01_b0158.json,out/14_planning/v01-01_b0158.jsonl
phase1,14,planning,v01-01_b0159,10,1,10,7341,7350,batches/14_planning/v01-01_b0159.txt,batches/14_planning/v01-01_b0159.json,out/14_planning/v01-01_b0159.jsonl
phase1,14,planning,v01-01_b0160,10,1,10,7351,7360,batches/14_planning/v01-01_b0160.txt,batches/14_planning/v01-01_b0160.json,out/14_planning/v01-01_b0160.jsonl
phase1,14,planning,v01-01_b0161,10,1,10,7361,7370,batches/14_planning/v01-01_b0161.txt,batches/14_planning/v01-01_b0161.json,out/14_planning/v01-01_b0161.jsonl
phase1,14,planning,v01-01_b0162,10,1,10,7371,7380,batches/14_planning/v01-01_b0162.txt,batches/14_planning/v01-01_b0162.json,out/14_planning/v01-01_b0162.jsonl
phase1,14,planning,v01-01_b0163,10,1,10,7381,7390,batches/14_planning/v01-01_b0163.txt,batches/14_planning/v01-01_b0163.json,out/14_planning/v01-01_b0163.jsonl
phase1,14,planning,v01-01_b0164,10,1,10,7391,7400,batches/14_planning/v01-01_b0164.txt,batches/14_planning/v01-01_b0164.json,out/14_planning/v01-01_b0164.jsonl
phase1,14,planning,v01-01_b0165,10,1,10,7401,7410,batches/14_planning/v01-01_b0165.txt,batches/14_planning/v01-01_b0165.json,out/14_planning/v01-01_b0165.jsonl
phase1,14,planning,v01-01_b0166,10,1,10,7411,7420,batches/14_planning/v01-01_b0166.txt,batches/14_planning/v01-01_b0166.json,out/14_planning/v01-01_b0166.jsonl
phase1,14,planning,v01-01_b0167,10,1,10,7421,7430,batches/14_planning/v01-01_b0167.txt,batches/14_planning/v01-01_b0167.json,out/14_planning/v01-01_b0167.jsonl
phase1,14,planning,v01-01_b0168,10,1,10,7431,7440,batches/14_planning/v01-01_b0168.txt,batches/14_planning/v01-01_b0168.json,out/14_planning/v01-01_b0168.jsonl
phase1,14,planning,v01-01_b0169,10,1,10,7441,7450,batches/14_planning/v01-01_b0169.txt,batches/14_planning/v01-01_b0169.json,out/14_planning/v01-01_b0169.jsonl
phase1,14,planning,v01-01_b0170,10,1,10,7451,7460,batches/14_planning/v01-01_b0170.txt,batches/14_planning/v01-01_b0170.json,out/14_planning/v01-01_b0170.jsonl
phase1,14,planning,v01-01_b0171,10,1,10,7461,7470,batches/14_planning/v01-01_b0171.txt,batches/14_planning/v01-01_b0171.json,out/14_planning/v01-01_b0171.jsonl
phase1,14,planning,v01-01_b0172,10,1,10,7471,7480,batches/14_planning/v01-01_b0172.txt,batches/14_planning/v01-01_b0172.json,out/14_planning/v01-01_b0172.jsonl
phase1,14,planning,v01-01_b0173,10,1,10,7481,7490,batches/14_planning/v01-01_b0173.txt,batches/14_planning/v01-01_b0173.json,out/14_planning/v01-01_b0173.jsonl
phase1,14,planning,v01-01_b0174,10,1,10,7491,7500,batches/14_planning/v01-01_b0174.txt,batches/14_planning/v01-01_b0174.json,out/14_planning/v01-01_b0174.jsonl
phase1,14,planning,v01-01_b0175,10,1,10,7501,7510,batches/14_planning/v01-01_b0175.txt,batches/14_planning/v01-01_b0175.json,out/14_planning/v01-01_b0175.jsonl
phase1,14,planning,v01-01_b0176,10,1,10,7511,7520,batches/14_planning/v01-01_b0176.txt,batches/14_planning/v01-01_b0176.json,out/14_planning/v01-01_b0176.jsonl
phase1,14,planning,v01-01_b0177,10,1,10,7521,7530,batches/14_planning/v01-01_b0177.txt,batches/14_planning/v01-01_b0177.json,out/14_planning/v01-01_b0177.jsonl
phase1,14,planning,v01-01_b0178,10,1,10,7531,7540,batches/14_planning/v01-01_b0178.txt,batches/14_planning/v01-01_b0178.json,out/14_planning/v01-01_b0178.jsonl
phase1,14,planning,v01-01_b0179,10,1,10,7541,7550,batches/14_planning/v01-01_b0179.txt,batches/14_planning/v01-01_b0179.json,out/14_planning/v01-01_b0179.jsonl
phase1,14,planning,v01-01_b0180,10,1,10,7551,7560,batches/14_planning/v01-01_b0180.txt,batches/14_planning/v01-01_b0180.json,out/14_planning/v01-01_b0180.jsonl
phase1,14,planning,v01-01_b0181,10,1,10,7561,7570,batches/14_planning/v01-01_b0181.txt,batches/14_planning/v01-01_b0181.json,out/14_planning/v01-01_b0181.jsonl
phase1,14,planning,v01-01_b0182,10,1,10,7571,7580,batches/14_planning/v01-01_b0182.txt,batches/14_planning/v01-01_b0182.json,out/14_planning/v01-01_b0182.jsonl
phase1,14,planning,v01-01_b0183,10,1,10,7581,7590,batches/14_planning/v01-01_b0183.txt,batches/14_planning/v01-01_b0183.json,out/14_planning/v01-01_b0183.jsonl
phase1,14,planning,v01-01_b0184,10,1,10,7591,7600,batches/14_planning/v01-01_b0184.txt,batches/14_planning/v01-01_b0184.json,out/14_planning/v01-01_b0184.jsonl
phase1,14,planning,v01-01_b0185,10,1,10,7601,7610,batches/14_planning/v01-01_b0185.txt,batches/14_planning/v01-01_b0185.json,out/14_planning/v01-01_b0185.jsonl
phase1,14,planning,v01-01_b0186,10,1,10,7611,7620,batches/14_planning/v01-01_b0186.txt,batches/14_planning/v01-01_b0186.json,out/14_planning/v01-01_b0186.jsonl
phase1,14,planning,v01-01_b0187,10,1,10,7621,7630,batches/14_planning/v01-01_b0187.txt,batches/14_planning/v01-01_b0187.json,out/14_planning/v01-01_b0187.jsonl
phase1,14,planning,v01-01_b0188,10,1,10,7631,7640,batches/14_planning/v01-01_b0188.txt,batches/14_planning/v01-01_b0188.json,out/14_planning/v01-01_b0188.jsonl
phase1,14,planning,v01-01_b0189,10,1,10,7641,7650,batches/14_planning/v01-01_b0189.txt,batches/14_planning/v01-01_b0189.json,out/14_planning/v01-01_b0189.jsonl
phase1,14,planning,v01-01_b0190,10,1,10,7651,7660,batches/14_planning/v01-01_b0190.txt,batches/14_planning/v01-01_b0190.json,out/14_planning/v01-01_b0190.jsonl
phase1,14,planning,v01-01_b0191,10,1,10,7661,7670,batches/14_planning/v01-01_b0191.txt,batches/14_planning/v01-01_b0191.json,out/14_planning/v01-01_b0191.jsonl
phase1,14,planning,v01-01_b0192,10,1,10,7671,7680,batches/14_planning/v01-01_b0192.txt,batches/14_planning/v01-01_b0192.json,out/14_planning/v01-01_b0192.jsonl
phase1,14,planning,v01-01_b0193,9,1,9,7681,7689,batches/14_planning/v01-01_b0193.txt,batches/14_planning/v01-01_b0193.json,out/14_planning/v01-01_b0193.jsonl
phase1,15,graph,g_b0001,6,1,6,C0001,C0006,batches/15_graph/g_b0001.txt,batches/15_graph/g_b0001.json,out/15_graph/g_b0001.jsonl
phase1,15,graph,g_b0002,6,1,6,C0007,C0012,batches/15_graph/g_b0002.txt,batches/15_graph/g_b0002.json,out/15_graph/g_b0002.jsonl
phase1,15,graph,g_b0003,6,1,6,C0013,C0018,batches/15_graph/g_b0003.txt,batches/15_graph/g_b0003.json,out/15_graph/g_b0003.jsonl
phase1,15,graph,g_b0004,6,1,6,C0019,C0024,batches/15_graph/g_b0004.txt,batches/15_graph/g_b0004.json,out/15_graph/g_b0004.jsonl
phase1,15,graph,g_b0005,6,1,6,C0025,C0030,batches/15_graph/g_b0005.txt,batches/15_graph/g_b0005.json,out/15_graph/g_b0005.jsonl
phase1,15,graph,g_b0006,6,1,6,C0031,C0036,batches/15_graph/g_b0006.txt,batches/15_graph/g_b0006.json,out/15_graph/g_b0006.jsonl
phase1,15,graph,g_b0007,6,1,6,C0037,C0042,batches/15_graph/g_b0007.txt,batches/15_graph/g_b0007.json,out/15_graph/g_b0007.jsonl
phase1,15,graph,g_b0008,6,1,6,C0043,C0048,batches/15_graph/g_b0008.txt,batches/15_graph/g_b0008.json,out/15_graph/g_b0008.jsonl
phase1,15,graph,g_b0009,6,1,6,C0049,C0054,batches/15_graph/g_b0009.txt,batches/15_graph/g_b0009.json,out/15_graph/g_b0009.jsonl
phase1,15,graph,g_b0010,6,1,6,C0055,C0060,batches/15_graph/g_b0010.txt,batches/15_graph/g_b0010.json,out/15_graph/g_b0010.jsonl
phase1,15,graph,g_b0011,6,1,6,C0061,C0066,batches/15_graph/g_b0011.txt,batches/15_graph/g_b0011.json,out/15_graph/g_b0011.jsonl
phase1,15,graph,g_b0012,6,1,6,C0067,C0072,batches/15_graph/g_b0012.txt,batches/15_graph/g_b0012.json,out/15_graph/g_b0012.jsonl
phase1,15,graph,g_b0013,6,1,6,C0073,C0078,batches/15_graph/g_b0013.txt,batches/15_graph/g_b0013.json,out/15_graph/g_b0013.jsonl
phase1,15,graph,g_b0014,6,1,6,C0079,C0084,batches/15_graph/g_b0014.txt,batches/15_graph/g_b0014.json,out/15_graph/g_b0014.jsonl
phase1,15,graph,g_b0015,6,1,6,C0085,C0090,batches/15_graph/g_b0015.txt,batches/15_graph/g_b0015.json,out/15_graph/g_b0015.jsonl
phase1,15,graph,g_b0016,6,1,6,C0091,C0096,batches/15_graph/g_b0016.txt,batches/15_graph/g_b0016.json,out/15_graph/g_b0016.jsonl
phase1,15,graph,g_b0017,6,1,6,C0097,C0102,batches/15_graph/g_b0017.txt,batches/15_graph/g_b0017.json,out/15_graph/g_b0017.jsonl
phase1,15,graph,g_b0018,6,1,6,C0103,C0108,batches/15_graph/g_b0018.txt,batches/15_graph/g_b0018.json,out/15_graph/g_b0018.jsonl
phase1,15,graph,g_b0019,6,1,6,C0109,C0114,batches/15_graph/g_b0019.txt,batches/15_graph/g_b0019.json,out/15_graph/g_b0019.jsonl
phase1,15,graph,g_b0020,6,1,6,C0115,C0120,batches/15_graph/g_b0020.txt,batches/15_graph/g_b0020.json,out/15_graph/g_b0020.jsonl
phase1,15,graph,g_b0021,6,1,6,C0121,C0126,batches/15_graph/g_b0021.txt,batches/15_graph/g_b0021.json,out/15_graph/g_b0021.jsonl
phase1,15,graph,g_b0022,6,1,6,C0127,C0132,batches/15_graph/g_b0022.txt,batches/15_graph/g_b0022.json,out/15_graph/g_b0022.jsonl
phase1,15,graph,g_b0023,6,1,6,C0133,C0138,batches/15_graph/g_b0023.txt,batches/15_graph/g_b0023.json,out/15_graph/g_b0023.jsonl
phase1,15,graph,g_b0024,6,1,6,C0139,C0144,batches/15_graph/g_b0024.txt,batches/15_graph/g_b0024.json,out/15_graph/g_b0024.jsonl
phase1,15,graph,g_b0025,6,1,6,C0145,C0150,batches/15_graph/g_b0025.txt,batches/15_graph/g_b0025.json,out/15_graph/g_b0025.jsonl
phase1,15,graph,g_b0026,6,1,6,C0151,C0156,batches/15_graph/g_b0026.txt,batches/15_graph/g_b0026.json,out/15_graph/g_b0026.jsonl
phase1,15,graph,g_b0027,6,1,6,C0157,C0162,batches/15_graph/g_b0027.txt,batches/15_graph/g_b0027.json,out/15_graph/g_b0027.jsonl
phase1,15,graph,g_b0028,6,1,6,C0163,C0168,batches/15_graph/g_b0028.txt,batches/15_graph/g_b0028.json,out/15_graph/g_b0028.jsonl
phase1,15,graph,g_b0029,6,1,6,C0169,C0174,batches/15_graph/g_b0029.txt,batches/15_graph/g_b0029.json,out/15_graph/g_b0029.jsonl
phase1,15,graph,g_b0030,6,1,6,C0175,C0180,batches/15_graph/g_b0030.txt,batches/15_graph/g_b0030.json,out/15_graph/g_b0030.jsonl
phase1,15,graph,g_b0031,6,1,6,C0181,C0186,batches/15_graph/g_b0031.txt,batches/15_graph/g_b0031.json,out/15_graph/g_b0031.jsonl
phase1,15,graph,g_b0032,6,1,6,C0187,C0192,batches/15_graph/g_b0032.txt,batches/15_graph/g_b0032.json,out/15_graph/g_b0032.jsonl
phase1,15,graph,g_b0033,6,1,6,C0193,C0198,batches/15_graph/g_b0033.txt,batches/15_graph/g_b0033.json,out/15_graph/g_b0033.jsonl
phase1,15,graph,g_b0034,6,1,6,C0199,C0204,batches/15_graph/g_b0034.txt,batches/15_graph/g_b0034.json,out/15_graph/g_b0034.jsonl
phase1,15,graph,g_b0035,6,1,6,C0205,C0210,batches/15_graph/g_b0035.txt,batches/15_graph/g_b0035.json,out/15_graph/g_b0035.jsonl
phase1,15,graph,g_b0036,6,1,6,C0211,C0216,batches/15_graph/g_b0036.txt,batches/15_graph/g_b0036.json,out/15_graph/g_b0036.jsonl
phase1,15,graph,g_b0037,6,1,6,C0217,C0222,batches/15_graph/g_b0037.txt,batches/15_graph/g_b0037.json,out/15_graph/g_b0037.jsonl
phase1,15,graph,g_b0038,6,1,6,C0223,C0228,batches/15_graph/g_b0038.txt,batches/15_graph/g_b0038.json,out/15_graph/g_b0038.jsonl
phase1,15,graph,g_b0039,6,1,6,C0229,C0234,batches/15_graph/g_b0039.txt,batches/15_graph/g_b0039.json,out/15_graph/g_b0039.jsonl
phase1,15,graph,g_b0040,6,1,6,C0235,C0240,batches/15_graph/g_b0040.txt,batches/15_graph/g_b0040.json,out/15_graph/g_b0040.jsonl
phase1,15,graph,g_b0041,6,1,6,C0241,C0246,batches/15_graph/g_b0041.txt,batches/15_graph/g_b0041.json,out/15_graph/g_b0041.jsonl
phase1,15,graph,g_b0042,6,1,6,C0247,C0252,batches/15_graph/g_b0042.txt,batches/15_graph/g_b0042.json,out/15_graph/g_b0042.jsonl
phase1,15,graph,g_b0043,6,1,6,C0253,C0258,batches/15_graph/g_b0043.txt,batches/15_graph/g_b0043.json,out/15_graph/g_b0043.jsonl
phase1,15,graph,g_b0044,6,1,6,C0259,C0264,batches/15_graph/g_b0044.txt,batches/15_graph/g_b0044.json,out/15_graph/g_b0044.jsonl
phase1,15,graph,g_b0045,6,1,6,C0265,C0270,batches/15_graph/g_b0045.txt,batches/15_graph/g_b0045.json,out/15_graph/g_b0045.jsonl
phase1,15,graph,g_b0046,6,1,6,C0271,C0276,batches/15_graph/g_b0046.txt,batches/15_graph/g_b0046.json,out/15_graph/g_b0046.jsonl
phase1,15,graph,g_b0047,6,1,6,C0277,C0282,batches/15_graph/g_b0047.txt,batches/15_graph/g_b0047.json,out/15_graph/g_b0047.jsonl
phase1,15,graph,g_b0048,6,1,6,C0283,C0288,batches/15_graph/g_b0048.txt,batches/15_graph/g_b0048.json,out/15_graph/g_b0048.jsonl
phase1,15,graph,g_b0049,6,1,6,C0289,C0294,batches/15_graph/g_b0049.txt,batches/15_graph/g_b0049.json,out/15_graph/g_b0049.jsonl
phase1,15,graph,g_b0050,6,1,6,C0295,C0300,batches/15_graph/g_b0050.txt,batches/15_graph/g_b0050.json,out/15_graph/g_b0050.jsonl
phase1,15,graph,g_b0051,6,1,6,C0301,C0306,batches/15_graph/g_b0051.txt,batches/15_graph/g_b0051.json,out/15_graph/g_b0051.jsonl
phase1,15,graph,g_b0052,6,1,6,C0307,C0312,batches/15_graph/g_b0052.txt,batches/15_graph/g_b0052.json,out/15_graph/g_b0052.jsonl
phase1,15,graph,g_b0053,6,1,6,C0313,C0318,batches/15_graph/g_b0053.txt,batches/15_graph/g_b0053.json,out/15_graph/g_b0053.jsonl
phase1,15,graph,g_b0054,6,1,6,C0319,C0324,batches/15_graph/g_b0054.txt,batches/15_graph/g_b0054.json,out/15_graph/g_b0054.jsonl
phase1,15,graph,g_b0055,6,1,6,C0325,C0330,batches/15_graph/g_b0055.txt,batches/15_graph/g_b0055.json,out/15_graph/g_b0055.jsonl
phase1,15,graph,g_b0056,6,1,6,C0331,C0336,batches/15_graph/g_b0056.txt,batches/15_graph/g_b0056.json,out/15_graph/g_b0056.jsonl
phase1,15,graph,g_b0057,6,1,6,C0337,C0342,batches/15_graph/g_b0057.txt,batches/15_graph/g_b0057.json,out/15_graph/g_b0057.jsonl
phase1,15,graph,g_b0058,6,1,6,C0343,C0348,batches/15_graph/g_b0058.txt,batches/15_graph/g_b0058.json,out/15_graph/g_b0058.jsonl
phase1,15,graph,g_b0059,6,1,6,C0349,C0354,batches/15_graph/g_b0059.txt,batches/15_graph/g_b0059.json,out/15_graph/g_b0059.jsonl
phase1,15,graph,g_b0060,6,1,6,C0355,C0360,batches/15_graph/g_b0060.txt,batches/15_graph/g_b0060.json,out/15_graph/g_b0060.jsonl
phase1,15,graph,g_b0061,6,1,6,C0361,C0366,batches/15_graph/g_b0061.txt,batches/15_graph/g_b0061.json,out/15_graph/g_b0061.jsonl
phase1,15,graph,g_b0062,6,1,6,C0367,C0372,batches/15_graph/g_b0062.txt,batches/15_graph/g_b0062.json,out/15_graph/g_b0062.jsonl
phase1,15,graph,g_b0063,6,1,6,C0373,C0378,batches/15_graph/g_b0063.txt,batches/15_graph/g_b0063.json,out/15_graph/g_b0063.jsonl
phase1,15,graph,g_b0064,6,1,6,C0379,C0384,batches/15_graph/g_b0064.txt,batches/15_graph/g_b0064.json,out/15_graph/g_b0064.jsonl
phase1,15,graph,g_b0065,6,1,6,C0385,C0390,batches/15_graph/g_b0065.txt,batches/15_graph/g_b0065.json,out/15_graph/g_b0065.jsonl
phase1,15,graph,g_b0066,6,1,6,C0391,C0396,batches/15_graph/g_b0066.txt,batches/15_graph/g_b0066.json,out/15_graph/g_b0066.jsonl
phase1,15,graph,g_b0067,6,1,6,C0397,C0402,batches/15_graph/g_b0067.txt,batches/15_graph/g_b0067.json,out/15_graph/g_b0067.jsonl
phase1,15,graph,g_b0068,6,1,6,C0403,C0408,batches/15_graph/g_b0068.txt,batches/15_graph/g_b0068.json,out/15_graph/g_b0068.jsonl
phase1,15,graph,g_b0069,6,1,6,C0409,C0414,batches/15_graph/g_b0069.txt,batches/15_graph/g_b0069.json,out/15_graph/g_b0069.jsonl
phase1,15,graph,g_b0070,6,1,6,C0415,C0420,batches/15_graph/g_b0070.txt,batches/15_graph/g_b0070.json,out/15_graph/g_b0070.jsonl
phase1,15,graph,g_b0071,6,1,6,C0421,C0426,batches/15_graph/g_b0071.txt,batches/15_graph/g_b0071.json,out/15_graph/g_b0071.jsonl
phase1,15,graph,g_b0072,6,1,6,C0427,C0432,batches/15_graph/g_b0072.txt,batches/15_graph/g_b0072.json,out/15_graph/g_b0072.jsonl
phase1,15,graph,g_b0073,6,1,6,C0433,C0438,batches/15_graph/g_b0073.txt,batches/15_graph/g_b0073.json,out/15_graph/g_b0073.jsonl
phase1,15,graph,g_b0074,6,1,6,C0439,C0444,batches/15_graph/g_b0074.txt,batches/15_graph/g_b0074.json,out/15_graph/g_b0074.jsonl
phase1,15,graph,g_b0075,6,1,6,C0445,C0450,batches/15_graph/g_b0075.txt,batches/15_graph/g_b0075.json,out/15_graph/g_b0075.jsonl
phase1,15,graph,g_b0076,6,1,6,C0451,C0456,batches/15_graph/g_b0076.txt,batches/15_graph/g_b0076.json,out/15_graph/g_b0076.jsonl
phase1,15,graph,g_b0077,6,1,6,C0457,C0462,batches/15_graph/g_b0077.txt,batches/15_graph/g_b0077.json,out/15_graph/g_b0077.jsonl
phase1,15,graph,g_b0078,6,1,6,C0463,C0468,batches/15_graph/g_b0078.txt,batches/15_graph/g_b0078.json,out/15_graph/g_b0078.jsonl
phase1,15,graph,g_b0079,6,1,6,C0469,C0474,batches/15_graph/g_b0079.txt,batches/15_graph/g_b0079.json,out/15_graph/g_b0079.jsonl
phase1,15,graph,g_b0080,6,1,6,C0475,C0480,batches/15_graph/g_b0080.txt,batches/15_graph/g_b0080.json,out/15_graph/g_b0080.jsonl
phase1,15,graph,g_b0081,6,1,6,C0481,C0486,batches/15_graph/g_b0081.txt,batches/15_graph/g_b0081.json,out/15_graph/g_b0081.jsonl
phase1,15,graph,g_b0082,6,1,6,C0487,C0492,batches/15_graph/g_b0082.txt,batches/15_graph/g_b0082.json,out/15_graph/g_b0082.jsonl
phase1,15,graph,g_b0083,6,1,6,C0493,C0498,batches/15_graph/g_b0083.txt,batches/15_graph/g_b0083.json,out/15_graph/g_b0083.jsonl
phase1,15,graph,g_b0084,6,1,6,C0499,C0504,batches/15_graph/g_b0084.txt,batches/15_graph/g_b0084.json,out/15_graph/g_b0084.jsonl
phase1,15,graph,g_b0085,6,1,6,C0505,C0510,batches/15_graph/g_b0085.txt,batches/15_graph/g_b0085.json,out/15_graph/g_b0085.jsonl
phase1,15,graph,g_b0086,6,1,6,C0511,C0516,batches/15_graph/g_b0086.txt,batches/15_graph/g_b0086.json,out/15_graph/g_b0086.jsonl
phase1,15,graph,g_b0087,6,1,6,C0517,C0522,batches/15_graph/g_b0087.txt,batches/15_graph/g_b0087.json,out/15_graph/g_b0087.jsonl
phase1,15,graph,g_b0088,6,1,6,C0523,C0528,batches/15_graph/g_b0088.txt,batches/15_graph/g_b0088.json,out/15_graph/g_b0088.jsonl
phase1,15,graph,g_b0089,6,1,6,C0529,C0534,batches/15_graph/g_b0089.txt,batches/15_graph/g_b0089.json,out/15_graph/g_b0089.jsonl
phase1,15,graph,g_b0090,6,1,6,C0535,C0540,batches/15_graph/g_b0090.txt,batches/15_graph/g_b0090.json,out/15_graph/g_b0090.jsonl
phase1,15,graph,g_b0091,6,1,6,C0541,C0546,batches/15_graph/g_b0091.txt,batches/15_graph/g_b0091.json,out/15_graph/g_b0091.jsonl
phase1,15,graph,g_b0092,6,1,6,C0547,C0552,batches/15_graph/g_b0092.txt,batches/15_graph/g_b0092.json,out/15_graph/g_b0092.jsonl
phase1,15,graph,g_b0093,6,1,6,C0553,C0558,batches/15_graph/g_b0093.txt,batches/15_graph/g_b0093.json,out/15_graph/g_b0093.jsonl
phase1,15,graph,g_b0094,6,1,6,C0559,C0564,batches/15_graph/g_b0094.txt,batches/15_graph/g_b0094.json,out/15_graph/g_b0094.jsonl
phase1,15,graph,g_b0095,6,1,6,C0565,C0570,batches/15_graph/g_b0095.txt,batches/15_graph/g_b0095.json,out/15_graph/g_b0095.jsonl
phase1,15,graph,g_b0096,6,1,6,C0571,C0576,batches/15_graph/g_b0096.txt,batches/15_graph/g_b0096.json,out/15_graph/g_b0096.jsonl
phase1,15,graph,g_b0097,6,1,6,C0577,C0582,batches/15_graph/g_b0097.txt,batches/15_graph/g_b0097.json,out/15_graph/g_b0097.jsonl
phase1,15,graph,g_b0098,6,1,6,C0583,C0588,batches/15_graph/g_b0098.txt,batches/15_graph/g_b0098.json,out/15_graph/g_b0098.jsonl
phase1,15,graph,g_b0099,6,1,6,C0589,C0594,batches/15_graph/g_b0099.txt,batches/15_graph/g_b0099.json,out/15_graph/g_b0099.jsonl
phase1,15,graph,g_b0100,6,1,6,C0595,C0600,batches/15_graph/g_b0100.txt,batches/15_graph/g_b0100.json,out/15_graph/g_b0100.jsonl
phase1,15,graph,g_b0101,6,1,6,C0601,C0606,batches/15_graph/g_b0101.txt,batches/15_graph/g_b0101.json,out/15_graph/g_b0101.jsonl
phase1,15,graph,g_b0102,6,1,6,C0607,C0612,batches/15_graph/g_b0102.txt,batches/15_graph/g_b0102.json,out/15_graph/g_b0102.jsonl
phase1,15,graph,g_b0103,6,1,6,C0613,C0618,batches/15_graph/g_b0103.txt,batches/15_graph/g_b0103.json,out/15_graph/g_b0103.jsonl
phase1,15,graph,g_b0104,6,1,6,C0619,C0624,batches/15_graph/g_b0104.txt,batches/15_graph/g_b0104.json,out/15_graph/g_b0104.jsonl
phase1,15,graph,g_b0105,6,1,6,C0625,C0630,batches/15_graph/g_b0105.txt,batches/15_graph/g_b0105.json,out/15_graph/g_b0105.jsonl
phase1,15,graph,g_b0106,6,1,6,C0631,C0636,batches/15_graph/g_b0106.txt,batches/15_graph/g_b0106.json,out/15_graph/g_b0106.jsonl
phase1,15,graph,g_b0107,6,1,6,C0637,C0642,batches/15_graph/g_b0107.txt,batches/15_graph/g_b0107.json,out/15_graph/g_b0107.jsonl
phase1,15,graph,g_b0108,6,1,6,C0643,C0648,batches/15_graph/g_b0108.txt,batches/15_graph/g_b0108.json,out/15_graph/g_b0108.jsonl
phase1,15,graph,g_b0109,6,1,6,C0649,C0654,batches/15_graph/g_b0109.txt,batches/15_graph/g_b0109.json,out/15_graph/g_b0109.jsonl
phase1,15,graph,g_b0110,6,1,6,C0655,C0660,batches/15_graph/g_b0110.txt,batches/15_graph/g_b0110.json,out/15_graph/g_b0110.jsonl
phase1,15,graph,g_b0111,6,1,6,C0661,C0666,batches/15_graph/g_b0111.txt,batches/15_graph/g_b0111.json,out/15_graph/g_b0111.jsonl
phase1,15,graph,g_b0112,6,1,6,C0667,C0672,batches/15_graph/g_b0112.txt,batches/15_graph/g_b0112.json,out/15_graph/g_b0112.jsonl
phase1,15,graph,g_b0113,6,1,6,C0673,C0678,batches/15_graph/g_b0113.txt,batches/15_graph/g_b0113.json,out/15_graph/g_b0113.jsonl
phase1,15,graph,g_b0114,6,1,6,C0679,C0684,batches/15_graph/g_b0114.txt,batches/15_graph/g_b0114.json,out/15_graph/g_b0114.jsonl
phase1,15,graph,g_b0115,6,1,6,C0685,C0690,batches/15_graph/g_b0115.txt,batches/15_graph/g_b0115.json,out/15_graph/g_b0115.jsonl
phase1,15,graph,g_b0116,6,1,6,C0691,C0696,batches/15_graph/g_b0116.txt,batches/15_graph/g_b0116.json,out/15_graph/g_b0116.jsonl
phase1,15,graph,g_b0117,6,1,6,C0697,C0702,batches/15_graph/g_b0117.txt,batches/15_graph/g_b0117.json,out/15_graph/g_b0117.jsonl
phase1,15,graph,g_b0118,6,1,6,C0703,C0708,batches/15_graph/g_b0118.txt,batches/15_graph/g_b0118.json,out/15_graph/g_b0118.jsonl
phase1,15,graph,g_b0119,6,1,6,C0709,C0714,batches/15_graph/g_b0119.txt,batches/15_graph/g_b0119.json,out/15_graph/g_b0119.jsonl
phase1,15,graph,g_b0120,6,1,6,C0715,C0720,batches/15_graph/g_b0120.txt,batches/15_graph/g_b0120.json,out/15_graph/g_b0120.jsonl
phase1,15,graph,g_b0121,6,1,6,C0721,C0726,batches/15_graph/g_b0121.txt,batches/15_graph/g_b0121.json,out/15_graph/g_b0121.jsonl
phase1,15,graph,g_b0122,6,1,6,C0727,C0732,batches/15_graph/g_b0122.txt,batches/15_graph/g_b0122.json,out/15_graph/g_b0122.jsonl
phase1,15,graph,g_b0123,6,1,6,C0733,C0738,batches/15_graph/g_b0123.txt,batches/15_graph/g_b0123.json,out/15_graph/g_b0123.jsonl
phase1,15,graph,g_b0124,6,1,6,C0739,C0744,batches/15_graph/g_b0124.txt,batches/15_graph/g_b0124.json,out/15_graph/g_b0124.jsonl
phase1,15,graph,g_b0125,6,1,6,C0745,C0750,batches/15_graph/g_b0125.txt,batches/15_graph/g_b0125.json,out/15_graph/g_b0125.jsonl
phase1,15,graph,g_b0126,6,1,6,C0751,C0756,batches/15_graph/g_b0126.txt,batches/15_graph/g_b0126.json,out/15_graph/g_b0126.jsonl
phase1,15,graph,g_b0127,6,1,6,C0757,C0762,batches/15_graph/g_b0127.txt,batches/15_graph/g_b0127.json,out/15_graph/g_b0127.jsonl
phase1,15,graph,g_b0128,6,1,6,C0763,C0768,batches/15_graph/g_b0128.txt,batches/15_graph/g_b0128.json,out/15_graph/g_b0128.jsonl
phase1,15,graph,g_b0129,6,1,6,C0769,C0774,batches/15_graph/g_b0129.txt,batches/15_graph/g_b0129.json,out/15_graph/g_b0129.jsonl
phase1,15,graph,g_b0130,6,1,6,C0775,C0780,batches/15_graph/g_b0130.txt,batches/15_graph/g_b0130.json,out/15_graph/g_b0130.jsonl
phase1,15,graph,g_b0131,6,1,6,C0781,C0786,batches/15_graph/g_b0131.txt,batches/15_graph/g_b0131.json,out/15_graph/g_b0131.jsonl
phase1,15,graph,g_b0132,6,1,6,C0787,C0792,batches/15_graph/g_b0132.txt,batches/15_graph/g_b0132.json,out/15_graph/g_b0132.jsonl
phase1,15,graph,g_b0133,6,1,6,C0793,C0798,batches/15_graph/g_b0133.txt,batches/15_graph/g_b0133.json,out/15_graph/g_b0133.jsonl
phase1,15,graph,g_b0134,6,1,6,C0799,C0804,batches/15_graph/g_b0134.txt,batches/15_graph/g_b0134.json,out/15_graph/g_b0134.jsonl
phase1,15,graph,g_b0135,6,1,6,C0805,C0810,batches/15_graph/g_b0135.txt,batches/15_graph/g_b0135.json,out/15_graph/g_b0135.jsonl
phase1,15,graph,g_b0136,6,1,6,C0811,C0816,batches/15_graph/g_b0136.txt,batches/15_graph/g_b0136.json,out/15_graph/g_b0136.jsonl
phase1,15,graph,g_b0137,6,1,6,C0817,C0822,batches/15_graph/g_b0137.txt,batches/15_graph/g_b0137.json,out/15_graph/g_b0137.jsonl
phase1,15,graph,g_b0138,6,1,6,C0823,C0828,batches/15_graph/g_b0138.txt,batches/15_graph/g_b0138.json,out/15_graph/g_b0138.jsonl
phase1,15,graph,g_b0139,6,1,6,C0829,C0834,batches/15_graph/g_b0139.txt,batches/15_graph/g_b0139.json,out/15_graph/g_b0139.jsonl
phase1,15,graph,g_b0140,6,1,6,C0835,C0840,batches/15_graph/g_b0140.txt,batches/15_graph/g_b0140.json,out/15_graph/g_b0140.jsonl
phase1,15,graph,g_b0141,6,1,6,C0841,C0846,batches/15_graph/g_b0141.txt,batches/15_graph/g_b0141.json,out/15_graph/g_b0141.jsonl
phase1,15,graph,g_b0142,6,1,6,C0847,C0852,batches/15_graph/g_b0142.txt,batches/15_graph/g_b0142.json,out/15_graph/g_b0142.jsonl
phase1,15,graph,g_b0143,6,1,6,C0853,C0858,batches/15_graph/g_b0143.txt,batches/15_graph/g_b0143.json,out/15_graph/g_b0143.jsonl
phase1,15,graph,g_b0144,6,1,6,C0859,C0864,batches/15_graph/g_b0144.txt,batches/15_graph/g_b0144.json,out/15_graph/g_b0144.jsonl
phase1,15,graph,g_b0145,6,1,6,C0865,C0870,batches/15_graph/g_b0145.txt,batches/15_graph/g_b0145.json,out/15_graph/g_b0145.jsonl
phase1,15,graph,g_b0146,6,1,6,C0871,C0876,batches/15_graph/g_b0146.txt,batches/15_graph/g_b0146.json,out/15_graph/g_b0146.jsonl
phase1,15,graph,g_b0147,6,1,6,C0877,C0882,batches/15_graph/g_b0147.txt,batches/15_graph/g_b0147.json,out/15_graph/g_b0147.jsonl
phase1,15,graph,g_b0148,6,1,6,C0883,C0888,batches/15_graph/g_b0148.txt,batches/15_graph/g_b0148.json,out/15_graph/g_b0148.jsonl
phase1,15,graph,g_b0149,6,1,6,C0889,C0894,batches/15_graph/g_b0149.txt,batches/15_graph/g_b0149.json,out/15_graph/g_b0149.jsonl
phase1,15,graph,g_b0150,6,1,6,C0895,C0900,batches/15_graph/g_b0150.txt,batches/15_graph/g_b0150.json,out/15_graph/g_b0150.jsonl
phase1,15,graph,g_b0151,6,1,6,C0901,C0906,batches/15_graph/g_b0151.txt,batches/15_graph/g_b0151.json,out/15_graph/g_b0151.jsonl
phase1,15,graph,g_b0152,6,1,6,C0907,C0912,batches/15_graph/g_b0152.txt,batches/15_graph/g_b0152.json,out/15_graph/g_b0152.jsonl
phase1,15,graph,g_b0153,6,1,6,C0913,C0918,batches/15_graph/g_b0153.txt,batches/15_graph/g_b0153.json,out/15_graph/g_b0153.jsonl
phase1,15,graph,g_b0154,6,1,6,C0919,C0924,batches/15_graph/g_b0154.txt,batches/15_graph/g_b0154.json,out/15_graph/g_b0154.jsonl
phase1,15,graph,g_b0155,6,1,6,C0925,C0930,batches/15_graph/g_b0155.txt,batches/15_graph/g_b0155.json,out/15_graph/g_b0155.jsonl
phase1,15,graph,g_b0156,6,1,6,C0931,C0936,batches/15_graph/g_b0156.txt,batches/15_graph/g_b0156.json,out/15_graph/g_b0156.jsonl
phase1,15,graph,g_b0157,4,1,4,C0937,C0940,batches/15_graph/g_b0157.txt,batches/15_graph/g_b0157.json,out/15_graph/g_b0157.jsonl
