phase,stage_no,stage,batch,items,variants,records,first,last,prompt,batch_json,out
full,1,core,v06-08_b0001,10,3,30,1,10,batches/01_core/v06-08_b0001.txt,batches/01_core/v06-08_b0001.json,out/01_core/v06-08_b0001.jsonl
full,1,core,v06-08_b0002,10,3,30,11,20,batches/01_core/v06-08_b0002.txt,batches/01_core/v06-08_b0002.json,out/01_core/v06-08_b0002.jsonl
full,1,core,v06-08_b0003,10,3,30,21,30,batches/01_core/v06-08_b0003.txt,batches/01_core/v06-08_b0003.json,out/01_core/v06-08_b0003.jsonl
full,1,core,v06-08_b0004,10,3,30,31,40,batches/01_core/v06-08_b0004.txt,batches/01_core/v06-08_b0004.json,out/01_core/v06-08_b0004.jsonl
full,1,core,v06-08_b0005,10,3,30,41,50,batches/01_core/v06-08_b0005.txt,batches/01_core/v06-08_b0005.json,out/01_core/v06-08_b0005.jsonl
full,1,core,v06-08_b0006,10,3,30,51,60,batches/01_core/v06-08_b0006.txt,batches/01_core/v06-08_b0006.json,out/01_core/v06-08_b0006.jsonl
full,1,core,v06-08_b0007,10,3,30,61,70,batches/01_core/v06-08_b0007.txt,batches/01_core/v06-08_b0007.json,out/01_core/v06-08_b0007.jsonl
full,1,core,v06-08_b0008,10,3,30,71,80,batches/01_core/v06-08_b0008.txt,batches/01_core/v06-08_b0008.json,out/01_core/v06-08_b0008.jsonl
full,1,core,v06-08_b0009,10,3,30,81,90,batches/01_core/v06-08_b0009.txt,batches/01_core/v06-08_b0009.json,out/01_core/v06-08_b0009.jsonl
full,1,core,v06-08_b0010,10,3,30,91,100,batches/01_core/v06-08_b0010.txt,batches/01_core/v06-08_b0010.json,out/01_core/v06-08_b0010.jsonl
full,1,core,v06-08_b0011,10,3,30,101,110,batches/01_core/v06-08_b0011.txt,batches/01_core/v06-08_b0011.json,out/01_core/v06-08_b0011.jsonl
full,1,core,v06-08_b0012,10,3,30,111,120,batches/01_core/v06-08_b0012.txt,batches/01_core/v06-08_b0012.json,out/01_core/v06-08_b0012.jsonl
full,1,core,v06-08_b0013,10,3,30,121,130,batches/01_core/v06-08_b0013.txt,batches/01_core/v06-08_b0013.json,out/01_core/v06-08_b0013.jsonl
full,1,core,v06-08_b0014,10,3,30,131,140,batches/01_core/v06-08_b0014.txt,batches/01_core/v06-08_b0014.json,out/01_core/v06-08_b0014.jsonl
full,1,core,v06-08_b0015,10,3,30,141,150,batches/01_core/v06-08_b0015.txt,batches/01_core/v06-08_b0015.json,out/01_core/v06-08_b0015.jsonl
full,1,core,v06-08_b0016,10,3,30,151,160,batches/01_core/v06-08_b0016.txt,batches/01_core/v06-08_b0016.json,out/01_core/v06-08_b0016.jsonl
full,1,core,v06-08_b0017,10,3,30,161,170,batches/01_core/v06-08_b0017.txt,batches/01_core/v06-08_b0017.json,out/01_core/v06-08_b0017.jsonl
full,1,core,v06-08_b0018,10,3,30,171,180,batches/01_core/v06-08_b0018.txt,batches/01_core/v06-08_b0018.json,out/01_core/v06-08_b0018.jsonl
full,1,core,v06-08_b0019,10,3,30,181,190,batches/01_core/v06-08_b0019.txt,batches/01_core/v06-08_b0019.json,out/01_core/v06-08_b0019.jsonl
full,1,core,v06-08_b0020,10,3,30,191,200,batches/01_core/v06-08_b0020.txt,batches/01_core/v06-08_b0020.json,out/01_core/v06-08_b0020.jsonl
full,1,core,v06-08_b0021,10,3,30,201,210,batches/01_core/v06-08_b0021.txt,batches/01_core/v06-08_b0021.json,out/01_core/v06-08_b0021.jsonl
full,1,core,v06-08_b0022,10,3,30,211,220,batches/01_core/v06-08_b0022.txt,batches/01_core/v06-08_b0022.json,out/01_core/v06-08_b0022.jsonl
full,1,core,v06-08_b0023,10,3,30,221,230,batches/01_core/v06-08_b0023.txt,batches/01_core/v06-08_b0023.json,out/01_core/v06-08_b0023.jsonl
full,1,core,v06-08_b0024,10,3,30,231,240,batches/01_core/v06-08_b0024.txt,batches/01_core/v06-08_b0024.json,out/01_core/v06-08_b0024.jsonl
full,1,core,v06-08_b0025,10,3,30,241,250,batches/01_core/v06-08_b0025.txt,batches/01_core/v06-08_b0025.json,out/01_core/v06-08_b0025.jsonl
full,1,core,v06-08_b0026,10,3,30,251,260,batches/01_core/v06-08_b0026.txt,batches/01_core/v06-08_b0026.json,out/01_core/v06-08_b0026.jsonl
full,1,core,v06-08_b0027,10,3,30,261,270,batches/01_core/v06-08_b0027.txt,batches/01_core/v06-08_b0027.json,out/01_core/v06-08_b0027.jsonl
full,1,core,v06-08_b0028,10,3,30,271,280,batches/01_core/v06-08_b0028.txt,batches/01_core/v06-08_b0028.json,out/01_core/v06-08_b0028.jsonl
full,1,core,v06-08_b0029,10,3,30,281,290,batches/01_core/v06-08_b0029.txt,batches/01_core/v06-08_b0029.json,out/01_core/v06-08_b0029.jsonl
full,1,core,v06-08_b0030,10,3,30,291,300,batches/01_core/v06-08_b0030.txt,batches/01_core/v06-08_b0030.json,out/01_core/v06-08_b0030.jsonl
full,1,core,v06-08_b0031,10,3,30,301,310,batches/01_core/v06-08_b0031.txt,batches/01_core/v06-08_b0031.json,out/01_core/v06-08_b0031.jsonl
full,1,core,v06-08_b0032,7,3,21,311,317,batches/01_core/v06-08_b0032.txt,batches/01_core/v06-08_b0032.json,out/01_core/v06-08_b0032.jsonl
full,1,core,v09-11_b0001,10,3,30,1,10,batches/01_core/v09-11_b0001.txt,batches/01_core/v09-11_b0001.json,out/01_core/v09-11_b0001.jsonl
full,1,core,v09-11_b0002,10,3,30,11,20,batches/01_core/v09-11_b0002.txt,batches/01_core/v09-11_b0002.json,out/01_core/v09-11_b0002.jsonl
full,1,core,v09-11_b0003,10,3,30,21,30,batches/01_core/v09-11_b0003.txt,batches/01_core/v09-11_b0003.json,out/01_core/v09-11_b0003.jsonl
full,1,core,v09-11_b0004,10,3,30,31,40,batches/01_core/v09-11_b0004.txt,batches/01_core/v09-11_b0004.json,out/01_core/v09-11_b0004.jsonl
full,1,core,v09-11_b0005,10,3,30,41,50,batches/01_core/v09-11_b0005.txt,batches/01_core/v09-11_b0005.json,out/01_core/v09-11_b0005.jsonl
full,1,core,v09-11_b0006,10,3,30,51,60,batches/01_core/v09-11_b0006.txt,batches/01_core/v09-11_b0006.json,out/01_core/v09-11_b0006.jsonl
full,1,core,v09-11_b0007,10,3,30,61,70,batches/01_core/v09-11_b0007.txt,batches/01_core/v09-11_b0007.json,out/01_core/v09-11_b0007.jsonl
full,1,core,v09-11_b0008,10,3,30,71,80,batches/01_core/v09-11_b0008.txt,batches/01_core/v09-11_b0008.json,out/01_core/v09-11_b0008.jsonl
full,1,core,v09-11_b0009,10,3,30,81,90,batches/01_core/v09-11_b0009.txt,batches/01_core/v09-11_b0009.json,out/01_core/v09-11_b0009.jsonl
full,1,core,v09-11_b0010,10,3,30,91,100,batches/01_core/v09-11_b0010.txt,batches/01_core/v09-11_b0010.json,out/01_core/v09-11_b0010.jsonl
full,1,core,v09-11_b0011,10,3,30,101,110,batches/01_core/v09-11_b0011.txt,batches/01_core/v09-11_b0011.json,out/01_core/v09-11_b0011.jsonl
full,1,core,v09-11_b0012,10,3,30,111,120,batches/01_core/v09-11_b0012.txt,batches/01_core/v09-11_b0012.json,out/01_core/v09-11_b0012.jsonl
full,1,core,v09-11_b0013,10,3,30,121,130,batches/01_core/v09-11_b0013.txt,batches/01_core/v09-11_b0013.json,out/01_core/v09-11_b0013.jsonl
full,1,core,v09-11_b0014,10,3,30,131,140,batches/01_core/v09-11_b0014.txt,batches/01_core/v09-11_b0014.json,out/01_core/v09-11_b0014.jsonl
full,1,core,v09-11_b0015,10,3,30,141,150,batches/01_core/v09-11_b0015.txt,batches/01_core/v09-11_b0015.json,out/01_core/v09-11_b0015.jsonl
full,1,core,v09-11_b0016,10,3,30,151,160,batches/01_core/v09-11_b0016.txt,batches/01_core/v09-11_b0016.json,out/01_core/v09-11_b0016.jsonl
full,1,core,v09-11_b0017,10,3,30,161,170,batches/01_core/v09-11_b0017.txt,batches/01_core/v09-11_b0017.json,out/01_core/v09-11_b0017.jsonl
full,1,core,v09-11_b0018,10,3,30,171,180,batches/01_core/v09-11_b0018.txt,batches/01_core/v09-11_b0018.json,out/01_core/v09-11_b0018.jsonl
full,1,core,v09-11_b0019,10,3,30,181,190,batches/01_core/v09-11_b0019.txt,batches/01_core/v09-11_b0019.json,out/01_core/v09-11_b0019.jsonl
full,1,core,v09-11_b0020,10,3,30,191,200,batches/01_core/v09-11_b0020.txt,batches/01_core/v09-11_b0020.json,out/01_core/v09-11_b0020.jsonl
full,1,core,v09-11_b0021,10,3,30,201,210,batches/01_core/v09-11_b0021.txt,batches/01_core/v09-11_b0021.json,out/01_core/v09-11_b0021.jsonl
full,1,core,v09-11_b0022,10,3,30,211,220,batches/01_core/v09-11_b0022.txt,batches/01_core/v09-11_b0022.json,out/01_core/v09-11_b0022.jsonl
full,1,core,v09-11_b0023,10,3,30,221,230,batches/01_core/v09-11_b0023.txt,batches/01_core/v09-11_b0023.json,out/01_core/v09-11_b0023.jsonl
full,1,core,v09-11_b0024,10,3,30,231,240,batches/01_core/v09-11_b0024.txt,batches/01_core/v09-11_b0024.json,out/01_core/v09-11_b0024.jsonl
full,1,core,v09-11_b0025,10,3,30,241,250,batches/01_core/v09-11_b0025.txt,batches/01_core/v09-11_b0025.json,out/01_core/v09-11_b0025.jsonl
full,1,core,v09-11_b0026,10,3,30,251,260,batches/01_core/v09-11_b0026.txt,batches/01_core/v09-11_b0026.json,out/01_core/v09-11_b0026.jsonl
full,1,core,v09-11_b0027,10,3,30,261,270,batches/01_core/v09-11_b0027.txt,batches/01_core/v09-11_b0027.json,out/01_core/v09-11_b0027.jsonl
full,1,core,v09-11_b0028,10,3,30,271,280,batches/01_core/v09-11_b0028.txt,batches/01_core/v09-11_b0028.json,out/01_core/v09-11_b0028.jsonl
full,1,core,v09-11_b0029,10,3,30,281,290,batches/01_core/v09-11_b0029.txt,batches/01_core/v09-11_b0029.json,out/01_core/v09-11_b0029.jsonl
full,1,core,v09-11_b0030,10,3,30,291,300,batches/01_core/v09-11_b0030.txt,batches/01_core/v09-11_b0030.json,out/01_core/v09-11_b0030.jsonl
full,1,core,v09-11_b0031,10,3,30,301,310,batches/01_core/v09-11_b0031.txt,batches/01_core/v09-11_b0031.json,out/01_core/v09-11_b0031.jsonl
full,1,core,v09-11_b0032,7,3,21,311,317,batches/01_core/v09-11_b0032.txt,batches/01_core/v09-11_b0032.json,out/01_core/v09-11_b0032.jsonl
full,1,core,v12-14_b0001,10,3,30,1,10,batches/01_core/v12-14_b0001.txt,batches/01_core/v12-14_b0001.json,out/01_core/v12-14_b0001.jsonl
full,1,core,v12-14_b0002,10,3,30,11,20,batches/01_core/v12-14_b0002.txt,batches/01_core/v12-14_b0002.json,out/01_core/v12-14_b0002.jsonl
full,1,core,v12-14_b0003,10,3,30,21,30,batches/01_core/v12-14_b0003.txt,batches/01_core/v12-14_b0003.json,out/01_core/v12-14_b0003.jsonl
full,1,core,v12-14_b0004,10,3,30,31,40,batches/01_core/v12-14_b0004.txt,batches/01_core/v12-14_b0004.json,out/01_core/v12-14_b0004.jsonl
full,1,core,v12-14_b0005,10,3,30,41,50,batches/01_core/v12-14_b0005.txt,batches/01_core/v12-14_b0005.json,out/01_core/v12-14_b0005.jsonl
full,1,core,v12-14_b0006,10,3,30,51,60,batches/01_core/v12-14_b0006.txt,batches/01_core/v12-14_b0006.json,out/01_core/v12-14_b0006.jsonl
full,1,core,v12-14_b0007,10,3,30,61,70,batches/01_core/v12-14_b0007.txt,batches/01_core/v12-14_b0007.json,out/01_core/v12-14_b0007.jsonl
full,1,core,v12-14_b0008,10,3,30,71,80,batches/01_core/v12-14_b0008.txt,batches/01_core/v12-14_b0008.json,out/01_core/v12-14_b0008.jsonl
full,1,core,v12-14_b0009,10,3,30,81,90,batches/01_core/v12-14_b0009.txt,batches/01_core/v12-14_b0009.json,out/01_core/v12-14_b0009.jsonl
full,1,core,v12-14_b0010,10,3,30,91,100,batches/01_core/v12-14_b0010.txt,batches/01_core/v12-14_b0010.json,out/01_core/v12-14_b0010.jsonl
full,1,core,v12-14_b0011,10,3,30,101,110,batches/01_core/v12-14_b0011.txt,batches/01_core/v12-14_b0011.json,out/01_core/v12-14_b0011.jsonl
full,1,core,v12-14_b0012,10,3,30,111,120,batches/01_core/v12-14_b0012.txt,batches/01_core/v12-14_b0012.json,out/01_core/v12-14_b0012.jsonl
full,1,core,v12-14_b0013,10,3,30,121,130,batches/01_core/v12-14_b0013.txt,batches/01_core/v12-14_b0013.json,out/01_core/v12-14_b0013.jsonl
full,1,core,v12-14_b0014,10,3,30,131,140,batches/01_core/v12-14_b0014.txt,batches/01_core/v12-14_b0014.json,out/01_core/v12-14_b0014.jsonl
full,1,core,v12-14_b0015,10,3,30,141,150,batches/01_core/v12-14_b0015.txt,batches/01_core/v12-14_b0015.json,out/01_core/v12-14_b0015.jsonl
full,1,core,v12-14_b0016,10,3,30,151,160,batches/01_core/v12-14_b0016.txt,batches/01_core/v12-14_b0016.json,out/01_core/v12-14_b0016.jsonl
full,1,core,v12-14_b0017,10,3,30,161,170,batches/01_core/v12-14_b0017.txt,batches/01_core/v12-14_b0017.json,out/01_core/v12-14_b0017.jsonl
full,1,core,v12-14_b0018,10,3,30,171,180,batches/01_core/v12-14_b0018.txt,batches/01_core/v12-14_b0018.json,out/01_core/v12-14_b0018.jsonl
full,1,core,v12-14_b0019,10,3,30,181,190,batches/01_core/v12-14_b0019.txt,batches/01_core/v12-14_b0019.json,out/01_core/v12-14_b0019.jsonl
full,1,core,v12-14_b0020,10,3,30,191,200,batches/01_core/v12-14_b0020.txt,batches/01_core/v12-14_b0020.json,out/01_core/v12-14_b0020.jsonl
full,1,core,v12-14_b0021,10,3,30,201,210,batches/01_core/v12-14_b0021.txt,batches/01_core/v12-14_b0021.json,out/01_core/v12-14_b0021.jsonl
full,1,core,v12-14_b0022,10,3,30,211,220,batches/01_core/v12-14_b0022.txt,batches/01_core/v12-14_b0022.json,out/01_core/v12-14_b0022.jsonl
full,1,core,v12-14_b0023,10,3,30,221,230,batches/01_core/v12-14_b0023.txt,batches/01_core/v12-14_b0023.json,out/01_core/v12-14_b0023.jsonl
full,1,core,v12-14_b0024,10,3,30,231,240,batches/01_core/v12-14_b0024.txt,batches/01_core/v12-14_b0024.json,out/01_core/v12-14_b0024.jsonl
full,1,core,v12-14_b0025,10,3,30,241,250,batches/01_core/v12-14_b0025.txt,batches/01_core/v12-14_b0025.json,out/01_core/v12-14_b0025.jsonl
full,1,core,v12-14_b0026,10,3,30,251,260,batches/01_core/v12-14_b0026.txt,batches/01_core/v12-14_b0026.json,out/01_core/v12-14_b0026.jsonl
full,1,core,v12-14_b0027,10,3,30,261,270,batches/01_core/v12-14_b0027.txt,batches/01_core/v12-14_b0027.json,out/01_core/v12-14_b0027.jsonl
full,1,core,v12-14_b0028,10,3,30,271,280,batches/01_core/v12-14_b0028.txt,batches/01_core/v12-14_b0028.json,out/01_core/v12-14_b0028.jsonl
full,1,core,v12-14_b0029,10,3,30,281,290,batches/01_core/v12-14_b0029.txt,batches/01_core/v12-14_b0029.json,out/01_core/v12-14_b0029.jsonl
full,1,core,v12-14_b0030,10,3,30,291,300,batches/01_core/v12-14_b0030.txt,batches/01_core/v12-14_b0030.json,out/01_core/v12-14_b0030.jsonl
full,1,core,v12-14_b0031,10,3,30,301,310,batches/01_core/v12-14_b0031.txt,batches/01_core/v12-14_b0031.json,out/01_core/v12-14_b0031.jsonl
full,1,core,v12-14_b0032,7,3,21,311,317,batches/01_core/v12-14_b0032.txt,batches/01_core/v12-14_b0032.json,out/01_core/v12-14_b0032.jsonl
full,1,core,v15-15_b0001,10,1,10,1,10,batches/01_core/v15-15_b0001.txt,batches/01_core/v15-15_b0001.json,out/01_core/v15-15_b0001.jsonl
full,1,core,v15-15_b0002,10,1,10,11,20,batches/01_core/v15-15_b0002.txt,batches/01_core/v15-15_b0002.json,out/01_core/v15-15_b0002.jsonl
full,1,core,v15-15_b0003,10,1,10,21,30,batches/01_core/v15-15_b0003.txt,batches/01_core/v15-15_b0003.json,out/01_core/v15-15_b0003.jsonl
full,1,core,v15-15_b0004,10,1,10,31,40,batches/01_core/v15-15_b0004.txt,batches/01_core/v15-15_b0004.json,out/01_core/v15-15_b0004.jsonl
full,1,core,v15-15_b0005,10,1,10,41,50,batches/01_core/v15-15_b0005.txt,batches/01_core/v15-15_b0005.json,out/01_core/v15-15_b0005.jsonl
full,1,core,v15-15_b0006,10,1,10,51,60,batches/01_core/v15-15_b0006.txt,batches/01_core/v15-15_b0006.json,out/01_core/v15-15_b0006.jsonl
full,1,core,v15-15_b0007,10,1,10,61,70,batches/01_core/v15-15_b0007.txt,batches/01_core/v15-15_b0007.json,out/01_core/v15-15_b0007.jsonl
full,1,core,v15-15_b0008,10,1,10,71,80,batches/01_core/v15-15_b0008.txt,batches/01_core/v15-15_b0008.json,out/01_core/v15-15_b0008.jsonl
full,1,core,v15-15_b0009,10,1,10,81,90,batches/01_core/v15-15_b0009.txt,batches/01_core/v15-15_b0009.json,out/01_core/v15-15_b0009.jsonl
full,1,core,v15-15_b0010,10,1,10,91,100,batches/01_core/v15-15_b0010.txt,batches/01_core/v15-15_b0010.json,out/01_core/v15-15_b0010.jsonl
full,1,core,v15-15_b0011,10,1,10,101,110,batches/01_core/v15-15_b0011.txt,batches/01_core/v15-15_b0011.json,out/01_core/v15-15_b0011.jsonl
full,1,core,v15-15_b0012,10,1,10,111,120,batches/01_core/v15-15_b0012.txt,batches/01_core/v15-15_b0012.json,out/01_core/v15-15_b0012.jsonl
full,1,core,v15-15_b0013,10,1,10,121,130,batches/01_core/v15-15_b0013.txt,batches/01_core/v15-15_b0013.json,out/01_core/v15-15_b0013.jsonl
full,1,core,v15-15_b0014,10,1,10,131,140,batches/01_core/v15-15_b0014.txt,batches/01_core/v15-15_b0014.json,out/01_core/v15-15_b0014.jsonl
full,1,core,v15-15_b0015,10,1,10,141,150,batches/01_core/v15-15_b0015.txt,batches/01_core/v15-15_b0015.json,out/01_core/v15-15_b0015.jsonl
full,1,core,v15-15_b0016,10,1,10,151,160,batches/01_core/v15-15_b0016.txt,batches/01_core/v15-15_b0016.json,out/01_core/v15-15_b0016.jsonl
full,1,core,v15-15_b0017,10,1,10,161,170,batches/01_core/v15-15_b0017.txt,batches/01_core/v15-15_b0017.json,out/01_core/v15-15_b0017.jsonl
full,1,core,v15-15_b0018,10,1,10,171,180,batches/01_core/v15-15_b0018.txt,batches/01_core/v15-15_b0018.json,out/01_core/v15-15_b0018.jsonl
full,1,core,v15-15_b0019,10,1,10,181,190,batches/01_core/v15-15_b0019.txt,batches/01_core/v15-15_b0019.json,out/01_core/v15-15_b0019.jsonl
full,1,core,v15-15_b0020,10,1,10,191,200,batches/01_core/v15-15_b0020.txt,batches/01_core/v15-15_b0020.json,out/01_core/v15-15_b0020.jsonl
full,1,core,v15-15_b0021,10,1,10,201,210,batches/01_core/v15-15_b0021.txt,batches/01_core/v15-15_b0021.json,out/01_core/v15-15_b0021.jsonl
full,1,core,v15-15_b0022,10,1,10,211,220,batches/01_core/v15-15_b0022.txt,batches/01_core/v15-15_b0022.json,out/01_core/v15-15_b0022.jsonl
full,1,core,v15-15_b0023,10,1,10,221,230,batches/01_core/v15-15_b0023.txt,batches/01_core/v15-15_b0023.json,out/01_core/v15-15_b0023.jsonl
full,1,core,v15-15_b0024,10,1,10,231,240,batches/01_core/v15-15_b0024.txt,batches/01_core/v15-15_b0024.json,out/01_core/v15-15_b0024.jsonl
full,1,core,v15-15_b0025,10,1,10,241,250,batches/01_core/v15-15_b0025.txt,batches/01_core/v15-15_b0025.json,out/01_core/v15-15_b0025.jsonl
full,1,core,v15-15_b0026,10,1,10,251,260,batches/01_core/v15-15_b0026.txt,batches/01_core/v15-15_b0026.json,out/01_core/v15-15_b0026.jsonl
full,1,core,v15-15_b0027,10,1,10,261,270,batches/01_core/v15-15_b0027.txt,batches/01_core/v15-15_b0027.json,out/01_core/v15-15_b0027.jsonl
full,1,core,v15-15_b0028,10,1,10,271,280,batches/01_core/v15-15_b0028.txt,batches/01_core/v15-15_b0028.json,out/01_core/v15-15_b0028.jsonl
full,1,core,v15-15_b0029,10,1,10,281,290,batches/01_core/v15-15_b0029.txt,batches/01_core/v15-15_b0029.json,out/01_core/v15-15_b0029.jsonl
full,1,core,v15-15_b0030,10,1,10,291,300,batches/01_core/v15-15_b0030.txt,batches/01_core/v15-15_b0030.json,out/01_core/v15-15_b0030.jsonl
full,1,core,v15-15_b0031,10,1,10,301,310,batches/01_core/v15-15_b0031.txt,batches/01_core/v15-15_b0031.json,out/01_core/v15-15_b0031.jsonl
full,1,core,v15-15_b0032,7,1,7,311,317,batches/01_core/v15-15_b0032.txt,batches/01_core/v15-15_b0032.json,out/01_core/v15-15_b0032.jsonl
full,2,expression,v03-05_b0001,10,3,30,2062,2071,batches/02_expression/v03-05_b0001.txt,batches/02_expression/v03-05_b0001.json,out/02_expression/v03-05_b0001.jsonl
full,2,expression,v03-05_b0002,10,3,30,2072,2081,batches/02_expression/v03-05_b0002.txt,batches/02_expression/v03-05_b0002.json,out/02_expression/v03-05_b0002.jsonl
full,2,expression,v03-05_b0003,10,3,30,2082,2091,batches/02_expression/v03-05_b0003.txt,batches/02_expression/v03-05_b0003.json,out/02_expression/v03-05_b0003.jsonl
full,2,expression,v03-05_b0004,10,3,30,2092,2101,batches/02_expression/v03-05_b0004.txt,batches/02_expression/v03-05_b0004.json,out/02_expression/v03-05_b0004.jsonl
full,2,expression,v03-05_b0005,10,3,30,2102,2111,batches/02_expression/v03-05_b0005.txt,batches/02_expression/v03-05_b0005.json,out/02_expression/v03-05_b0005.jsonl
full,2,expression,v03-05_b0006,10,3,30,2112,2121,batches/02_expression/v03-05_b0006.txt,batches/02_expression/v03-05_b0006.json,out/02_expression/v03-05_b0006.jsonl
full,2,expression,v03-05_b0007,10,3,30,2122,2131,batches/02_expression/v03-05_b0007.txt,batches/02_expression/v03-05_b0007.json,out/02_expression/v03-05_b0007.jsonl
full,2,expression,v03-05_b0008,10,3,30,2132,2141,batches/02_expression/v03-05_b0008.txt,batches/02_expression/v03-05_b0008.json,out/02_expression/v03-05_b0008.jsonl
full,2,expression,v03-05_b0009,10,3,30,2142,2151,batches/02_expression/v03-05_b0009.txt,batches/02_expression/v03-05_b0009.json,out/02_expression/v03-05_b0009.jsonl
full,2,expression,v03-05_b0010,10,3,30,2152,2161,batches/02_expression/v03-05_b0010.txt,batches/02_expression/v03-05_b0010.json,out/02_expression/v03-05_b0010.jsonl
full,2,expression,v03-05_b0011,10,3,30,2162,2171,batches/02_expression/v03-05_b0011.txt,batches/02_expression/v03-05_b0011.json,out/02_expression/v03-05_b0011.jsonl
full,2,expression,v03-05_b0012,10,3,30,2172,2181,batches/02_expression/v03-05_b0012.txt,batches/02_expression/v03-05_b0012.json,out/02_expression/v03-05_b0012.jsonl
full,2,expression,v03-05_b0013,10,3,30,2182,2191,batches/02_expression/v03-05_b0013.txt,batches/02_expression/v03-05_b0013.json,out/02_expression/v03-05_b0013.jsonl
full,2,expression,v03-05_b0014,10,3,30,2192,2201,batches/02_expression/v03-05_b0014.txt,batches/02_expression/v03-05_b0014.json,out/02_expression/v03-05_b0014.jsonl
full,2,expression,v03-05_b0015,10,3,30,2202,2211,batches/02_expression/v03-05_b0015.txt,batches/02_expression/v03-05_b0015.json,out/02_expression/v03-05_b0015.jsonl
full,2,expression,v03-05_b0016,10,3,30,2212,2221,batches/02_expression/v03-05_b0016.txt,batches/02_expression/v03-05_b0016.json,out/02_expression/v03-05_b0016.jsonl
full,2,expression,v03-05_b0017,10,3,30,2222,2231,batches/02_expression/v03-05_b0017.txt,batches/02_expression/v03-05_b0017.json,out/02_expression/v03-05_b0017.jsonl
full,2,expression,v03-05_b0018,10,3,30,2232,2241,batches/02_expression/v03-05_b0018.txt,batches/02_expression/v03-05_b0018.json,out/02_expression/v03-05_b0018.jsonl
full,2,expression,v03-05_b0019,10,3,30,2242,2251,batches/02_expression/v03-05_b0019.txt,batches/02_expression/v03-05_b0019.json,out/02_expression/v03-05_b0019.jsonl
full,2,expression,v03-05_b0020,10,3,30,2252,2261,batches/02_expression/v03-05_b0020.txt,batches/02_expression/v03-05_b0020.json,out/02_expression/v03-05_b0020.jsonl
full,2,expression,v03-05_b0021,10,3,30,2262,2271,batches/02_expression/v03-05_b0021.txt,batches/02_expression/v03-05_b0021.json,out/02_expression/v03-05_b0021.jsonl
full,2,expression,v03-05_b0022,10,3,30,2272,2281,batches/02_expression/v03-05_b0022.txt,batches/02_expression/v03-05_b0022.json,out/02_expression/v03-05_b0022.jsonl
full,2,expression,v03-05_b0023,10,3,30,2282,2291,batches/02_expression/v03-05_b0023.txt,batches/02_expression/v03-05_b0023.json,out/02_expression/v03-05_b0023.jsonl
full,2,expression,v03-05_b0024,10,3,30,2292,2301,batches/02_expression/v03-05_b0024.txt,batches/02_expression/v03-05_b0024.json,out/02_expression/v03-05_b0024.jsonl
full,2,expression,v03-05_b0025,10,3,30,2302,2311,batches/02_expression/v03-05_b0025.txt,batches/02_expression/v03-05_b0025.json,out/02_expression/v03-05_b0025.jsonl
full,2,expression,v03-05_b0026,10,3,30,2312,2321,batches/02_expression/v03-05_b0026.txt,batches/02_expression/v03-05_b0026.json,out/02_expression/v03-05_b0026.jsonl
full,2,expression,v03-05_b0027,10,3,30,2322,2331,batches/02_expression/v03-05_b0027.txt,batches/02_expression/v03-05_b0027.json,out/02_expression/v03-05_b0027.jsonl
full,2,expression,v03-05_b0028,10,3,30,2332,2341,batches/02_expression/v03-05_b0028.txt,batches/02_expression/v03-05_b0028.json,out/02_expression/v03-05_b0028.jsonl
full,2,expression,v03-05_b0029,10,3,30,2342,2351,batches/02_expression/v03-05_b0029.txt,batches/02_expression/v03-05_b0029.json,out/02_expression/v03-05_b0029.jsonl
full,2,expression,v03-05_b0030,10,3,30,2352,2361,batches/02_expression/v03-05_b0030.txt,batches/02_expression/v03-05_b0030.json,out/02_expression/v03-05_b0030.jsonl
full,2,expression,v03-05_b0031,10,3,30,2362,2371,batches/02_expression/v03-05_b0031.txt,batches/02_expression/v03-05_b0031.json,out/02_expression/v03-05_b0031.jsonl
full,2,expression,v03-05_b0032,10,3,30,2372,2381,batches/02_expression/v03-05_b0032.txt,batches/02_expression/v03-05_b0032.json,out/02_expression/v03-05_b0032.jsonl
full,2,expression,v03-05_b0033,10,3,30,2382,2391,batches/02_expression/v03-05_b0033.txt,batches/02_expression/v03-05_b0033.json,out/02_expression/v03-05_b0033.jsonl
full,2,expression,v03-05_b0034,10,3,30,2392,2401,batches/02_expression/v03-05_b0034.txt,batches/02_expression/v03-05_b0034.json,out/02_expression/v03-05_b0034.jsonl
full,2,expression,v03-05_b0035,10,3,30,2402,2411,batches/02_expression/v03-05_b0035.txt,batches/02_expression/v03-05_b0035.json,out/02_expression/v03-05_b0035.jsonl
full,2,expression,v03-05_b0036,10,3,30,2412,2421,batches/02_expression/v03-05_b0036.txt,batches/02_expression/v03-05_b0036.json,out/02_expression/v03-05_b0036.jsonl
full,2,expression,v03-05_b0037,10,3,30,2422,2431,batches/02_expression/v03-05_b0037.txt,batches/02_expression/v03-05_b0037.json,out/02_expression/v03-05_b0037.jsonl
full,2,expression,v03-05_b0038,10,3,30,2432,2441,batches/02_expression/v03-05_b0038.txt,batches/02_expression/v03-05_b0038.json,out/02_expression/v03-05_b0038.jsonl
full,2,expression,v03-05_b0039,10,3,30,2442,2451,batches/02_expression/v03-05_b0039.txt,batches/02_expression/v03-05_b0039.json,out/02_expression/v03-05_b0039.jsonl
full,2,expression,v03-05_b0040,10,3,30,2452,2461,batches/02_expression/v03-05_b0040.txt,batches/02_expression/v03-05_b0040.json,out/02_expression/v03-05_b0040.jsonl
full,2,expression,v03-05_b0041,10,3,30,2462,2471,batches/02_expression/v03-05_b0041.txt,batches/02_expression/v03-05_b0041.json,out/02_expression/v03-05_b0041.jsonl
full,2,expression,v03-05_b0042,10,3,30,2472,2481,batches/02_expression/v03-05_b0042.txt,batches/02_expression/v03-05_b0042.json,out/02_expression/v03-05_b0042.jsonl
full,2,expression,v03-05_b0043,10,3,30,2482,2491,batches/02_expression/v03-05_b0043.txt,batches/02_expression/v03-05_b0043.json,out/02_expression/v03-05_b0043.jsonl
full,2,expression,v03-05_b0044,10,3,30,2492,2501,batches/02_expression/v03-05_b0044.txt,batches/02_expression/v03-05_b0044.json,out/02_expression/v03-05_b0044.jsonl
full,2,expression,v03-05_b0045,10,3,30,2502,2511,batches/02_expression/v03-05_b0045.txt,batches/02_expression/v03-05_b0045.json,out/02_expression/v03-05_b0045.jsonl
full,2,expression,v03-05_b0046,10,3,30,2512,2521,batches/02_expression/v03-05_b0046.txt,batches/02_expression/v03-05_b0046.json,out/02_expression/v03-05_b0046.jsonl
full,2,expression,v03-05_b0047,10,3,30,2522,2531,batches/02_expression/v03-05_b0047.txt,batches/02_expression/v03-05_b0047.json,out/02_expression/v03-05_b0047.jsonl
full,2,expression,v03-05_b0048,10,3,30,2532,2541,batches/02_expression/v03-05_b0048.txt,batches/02_expression/v03-05_b0048.json,out/02_expression/v03-05_b0048.jsonl
full,2,expression,v03-05_b0049,10,3,30,2542,2551,batches/02_expression/v03-05_b0049.txt,batches/02_expression/v03-05_b0049.json,out/02_expression/v03-05_b0049.jsonl
full,2,expression,v03-05_b0050,10,3,30,2552,2561,batches/02_expression/v03-05_b0050.txt,batches/02_expression/v03-05_b0050.json,out/02_expression/v03-05_b0050.jsonl
full,2,expression,v03-05_b0051,10,3,30,2562,2571,batches/02_expression/v03-05_b0051.txt,batches/02_expression/v03-05_b0051.json,out/02_expression/v03-05_b0051.jsonl
full,2,expression,v03-05_b0052,10,3,30,2572,2581,batches/02_expression/v03-05_b0052.txt,batches/02_expression/v03-05_b0052.json,out/02_expression/v03-05_b0052.jsonl
full,2,expression,v03-05_b0053,10,3,30,2582,2591,batches/02_expression/v03-05_b0053.txt,batches/02_expression/v03-05_b0053.json,out/02_expression/v03-05_b0053.jsonl
full,2,expression,v03-05_b0054,10,3,30,2592,2601,batches/02_expression/v03-05_b0054.txt,batches/02_expression/v03-05_b0054.json,out/02_expression/v03-05_b0054.jsonl
full,2,expression,v03-05_b0055,10,3,30,2602,2611,batches/02_expression/v03-05_b0055.txt,batches/02_expression/v03-05_b0055.json,out/02_expression/v03-05_b0055.jsonl
full,2,expression,v03-05_b0056,10,3,30,2612,2621,batches/02_expression/v03-05_b0056.txt,batches/02_expression/v03-05_b0056.json,out/02_expression/v03-05_b0056.jsonl
full,2,expression,v03-05_b0057,10,3,30,2622,2631,batches/02_expression/v03-05_b0057.txt,batches/02_expression/v03-05_b0057.json,out/02_expression/v03-05_b0057.jsonl
full,2,expression,v03-05_b0058,10,3,30,2632,2641,batches/02_expression/v03-05_b0058.txt,batches/02_expression/v03-05_b0058.json,out/02_expression/v03-05_b0058.jsonl
full,2,expression,v03-05_b0059,10,3,30,2642,2651,batches/02_expression/v03-05_b0059.txt,batches/02_expression/v03-05_b0059.json,out/02_expression/v03-05_b0059.jsonl
full,2,expression,v03-05_b0060,10,3,30,2652,2661,batches/02_expression/v03-05_b0060.txt,batches/02_expression/v03-05_b0060.json,out/02_expression/v03-05_b0060.jsonl
full,2,expression,v03-05_b0061,10,3,30,2662,2671,batches/02_expression/v03-05_b0061.txt,batches/02_expression/v03-05_b0061.json,out/02_expression/v03-05_b0061.jsonl
full,2,expression,v03-05_b0062,10,3,30,2672,2681,batches/02_expression/v03-05_b0062.txt,batches/02_expression/v03-05_b0062.json,out/02_expression/v03-05_b0062.jsonl
full,2,expression,v03-05_b0063,10,3,30,2682,2691,batches/02_expression/v03-05_b0063.txt,batches/02_expression/v03-05_b0063.json,out/02_expression/v03-05_b0063.jsonl
full,2,expression,v03-05_b0064,10,3,30,2692,2701,batches/02_expression/v03-05_b0064.txt,batches/02_expression/v03-05_b0064.json,out/02_expression/v03-05_b0064.jsonl
full,2,expression,v03-05_b0065,10,3,30,2702,2711,batches/02_expression/v03-05_b0065.txt,batches/02_expression/v03-05_b0065.json,out/02_expression/v03-05_b0065.jsonl
full,2,expression,v03-05_b0066,10,3,30,2712,2721,batches/02_expression/v03-05_b0066.txt,batches/02_expression/v03-05_b0066.json,out/02_expression/v03-05_b0066.jsonl
full,2,expression,v03-05_b0067,10,3,30,2722,2731,batches/02_expression/v03-05_b0067.txt,batches/02_expression/v03-05_b0067.json,out/02_expression/v03-05_b0067.jsonl
full,2,expression,v03-05_b0068,10,3,30,2732,2741,batches/02_expression/v03-05_b0068.txt,batches/02_expression/v03-05_b0068.json,out/02_expression/v03-05_b0068.jsonl
full,2,expression,v03-05_b0069,10,3,30,2742,2751,batches/02_expression/v03-05_b0069.txt,batches/02_expression/v03-05_b0069.json,out/02_expression/v03-05_b0069.jsonl
full,2,expression,v03-05_b0070,10,3,30,2752,2761,batches/02_expression/v03-05_b0070.txt,batches/02_expression/v03-05_b0070.json,out/02_expression/v03-05_b0070.jsonl
full,2,expression,v03-05_b0071,10,3,30,2762,2771,batches/02_expression/v03-05_b0071.txt,batches/02_expression/v03-05_b0071.json,out/02_expression/v03-05_b0071.jsonl
full,2,expression,v03-05_b0072,10,3,30,2772,2781,batches/02_expression/v03-05_b0072.txt,batches/02_expression/v03-05_b0072.json,out/02_expression/v03-05_b0072.jsonl
full,2,expression,v03-05_b0073,10,3,30,2782,2791,batches/02_expression/v03-05_b0073.txt,batches/02_expression/v03-05_b0073.json,out/02_expression/v03-05_b0073.jsonl
full,2,expression,v03-05_b0074,10,3,30,2792,2801,batches/02_expression/v03-05_b0074.txt,batches/02_expression/v03-05_b0074.json,out/02_expression/v03-05_b0074.jsonl
full,2,expression,v03-05_b0075,10,3,30,2802,2811,batches/02_expression/v03-05_b0075.txt,batches/02_expression/v03-05_b0075.json,out/02_expression/v03-05_b0075.jsonl
full,2,expression,v03-05_b0076,10,3,30,2812,2821,batches/02_expression/v03-05_b0076.txt,batches/02_expression/v03-05_b0076.json,out/02_expression/v03-05_b0076.jsonl
full,2,expression,v03-05_b0077,10,3,30,2822,2831,batches/02_expression/v03-05_b0077.txt,batches/02_expression/v03-05_b0077.json,out/02_expression/v03-05_b0077.jsonl
full,2,expression,v03-05_b0078,10,3,30,2832,2841,batches/02_expression/v03-05_b0078.txt,batches/02_expression/v03-05_b0078.json,out/02_expression/v03-05_b0078.jsonl
full,2,expression,v03-05_b0079,10,3,30,2842,2851,batches/02_expression/v03-05_b0079.txt,batches/02_expression/v03-05_b0079.json,out/02_expression/v03-05_b0079.jsonl
full,2,expression,v03-05_b0080,10,3,30,2852,2861,batches/02_expression/v03-05_b0080.txt,batches/02_expression/v03-05_b0080.json,out/02_expression/v03-05_b0080.jsonl
full,2,expression,v03-05_b0081,10,3,30,2862,2871,batches/02_expression/v03-05_b0081.txt,batches/02_expression/v03-05_b0081.json,out/02_expression/v03-05_b0081.jsonl
full,2,expression,v03-05_b0082,10,3,30,2872,2881,batches/02_expression/v03-05_b0082.txt,batches/02_expression/v03-05_b0082.json,out/02_expression/v03-05_b0082.jsonl
full,2,expression,v03-05_b0083,10,3,30,2882,2891,batches/02_expression/v03-05_b0083.txt,batches/02_expression/v03-05_b0083.json,out/02_expression/v03-05_b0083.jsonl
full,2,expression,v03-05_b0084,10,3,30,2892,2901,batches/02_expression/v03-05_b0084.txt,batches/02_expression/v03-05_b0084.json,out/02_expression/v03-05_b0084.jsonl
full,2,expression,v03-05_b0085,6,3,18,2902,2907,batches/02_expression/v03-05_b0085.txt,batches/02_expression/v03-05_b0085.json,out/02_expression/v03-05_b0085.jsonl
full,2,expression,v06-06_b0001,10,1,10,2062,2071,batches/02_expression/v06-06_b0001.txt,batches/02_expression/v06-06_b0001.json,out/02_expression/v06-06_b0001.jsonl
full,2,expression,v06-06_b0002,10,1,10,2072,2081,batches/02_expression/v06-06_b0002.txt,batches/02_expression/v06-06_b0002.json,out/02_expression/v06-06_b0002.jsonl
full,2,expression,v06-06_b0003,10,1,10,2082,2091,batches/02_expression/v06-06_b0003.txt,batches/02_expression/v06-06_b0003.json,out/02_expression/v06-06_b0003.jsonl
full,2,expression,v06-06_b0004,10,1,10,2092,2101,batches/02_expression/v06-06_b0004.txt,batches/02_expression/v06-06_b0004.json,out/02_expression/v06-06_b0004.jsonl
full,2,expression,v06-06_b0005,10,1,10,2102,2111,batches/02_expression/v06-06_b0005.txt,batches/02_expression/v06-06_b0005.json,out/02_expression/v06-06_b0005.jsonl
full,2,expression,v06-06_b0006,10,1,10,2112,2121,batches/02_expression/v06-06_b0006.txt,batches/02_expression/v06-06_b0006.json,out/02_expression/v06-06_b0006.jsonl
full,2,expression,v06-06_b0007,10,1,10,2122,2131,batches/02_expression/v06-06_b0007.txt,batches/02_expression/v06-06_b0007.json,out/02_expression/v06-06_b0007.jsonl
full,2,expression,v06-06_b0008,10,1,10,2132,2141,batches/02_expression/v06-06_b0008.txt,batches/02_expression/v06-06_b0008.json,out/02_expression/v06-06_b0008.jsonl
full,2,expression,v06-06_b0009,10,1,10,2142,2151,batches/02_expression/v06-06_b0009.txt,batches/02_expression/v06-06_b0009.json,out/02_expression/v06-06_b0009.jsonl
full,2,expression,v06-06_b0010,10,1,10,2152,2161,batches/02_expression/v06-06_b0010.txt,batches/02_expression/v06-06_b0010.json,out/02_expression/v06-06_b0010.jsonl
full,2,expression,v06-06_b0011,10,1,10,2162,2171,batches/02_expression/v06-06_b0011.txt,batches/02_expression/v06-06_b0011.json,out/02_expression/v06-06_b0011.jsonl
full,2,expression,v06-06_b0012,10,1,10,2172,2181,batches/02_expression/v06-06_b0012.txt,batches/02_expression/v06-06_b0012.json,out/02_expression/v06-06_b0012.jsonl
full,2,expression,v06-06_b0013,10,1,10,2182,2191,batches/02_expression/v06-06_b0013.txt,batches/02_expression/v06-06_b0013.json,out/02_expression/v06-06_b0013.jsonl
full,2,expression,v06-06_b0014,10,1,10,2192,2201,batches/02_expression/v06-06_b0014.txt,batches/02_expression/v06-06_b0014.json,out/02_expression/v06-06_b0014.jsonl
full,2,expression,v06-06_b0015,10,1,10,2202,2211,batches/02_expression/v06-06_b0015.txt,batches/02_expression/v06-06_b0015.json,out/02_expression/v06-06_b0015.jsonl
full,2,expression,v06-06_b0016,10,1,10,2212,2221,batches/02_expression/v06-06_b0016.txt,batches/02_expression/v06-06_b0016.json,out/02_expression/v06-06_b0016.jsonl
full,2,expression,v06-06_b0017,10,1,10,2222,2231,batches/02_expression/v06-06_b0017.txt,batches/02_expression/v06-06_b0017.json,out/02_expression/v06-06_b0017.jsonl
full,2,expression,v06-06_b0018,10,1,10,2232,2241,batches/02_expression/v06-06_b0018.txt,batches/02_expression/v06-06_b0018.json,out/02_expression/v06-06_b0018.jsonl
full,2,expression,v06-06_b0019,10,1,10,2242,2251,batches/02_expression/v06-06_b0019.txt,batches/02_expression/v06-06_b0019.json,out/02_expression/v06-06_b0019.jsonl
full,2,expression,v06-06_b0020,10,1,10,2252,2261,batches/02_expression/v06-06_b0020.txt,batches/02_expression/v06-06_b0020.json,out/02_expression/v06-06_b0020.jsonl
full,2,expression,v06-06_b0021,10,1,10,2262,2271,batches/02_expression/v06-06_b0021.txt,batches/02_expression/v06-06_b0021.json,out/02_expression/v06-06_b0021.jsonl
full,2,expression,v06-06_b0022,10,1,10,2272,2281,batches/02_expression/v06-06_b0022.txt,batches/02_expression/v06-06_b0022.json,out/02_expression/v06-06_b0022.jsonl
full,2,expression,v06-06_b0023,10,1,10,2282,2291,batches/02_expression/v06-06_b0023.txt,batches/02_expression/v06-06_b0023.json,out/02_expression/v06-06_b0023.jsonl
full,2,expression,v06-06_b0024,10,1,10,2292,2301,batches/02_expression/v06-06_b0024.txt,batches/02_expression/v06-06_b0024.json,out/02_expression/v06-06_b0024.jsonl
full,2,expression,v06-06_b0025,10,1,10,2302,2311,batches/02_expression/v06-06_b0025.txt,batches/02_expression/v06-06_b0025.json,out/02_expression/v06-06_b0025.jsonl
full,2,expression,v06-06_b0026,10,1,10,2312,2321,batches/02_expression/v06-06_b0026.txt,batches/02_expression/v06-06_b0026.json,out/02_expression/v06-06_b0026.jsonl
full,2,expression,v06-06_b0027,10,1,10,2322,2331,batches/02_expression/v06-06_b0027.txt,batches/02_expression/v06-06_b0027.json,out/02_expression/v06-06_b0027.jsonl
full,2,expression,v06-06_b0028,10,1,10,2332,2341,batches/02_expression/v06-06_b0028.txt,batches/02_expression/v06-06_b0028.json,out/02_expression/v06-06_b0028.jsonl
full,2,expression,v06-06_b0029,10,1,10,2342,2351,batches/02_expression/v06-06_b0029.txt,batches/02_expression/v06-06_b0029.json,out/02_expression/v06-06_b0029.jsonl
full,2,expression,v06-06_b0030,10,1,10,2352,2361,batches/02_expression/v06-06_b0030.txt,batches/02_expression/v06-06_b0030.json,out/02_expression/v06-06_b0030.jsonl
full,2,expression,v06-06_b0031,10,1,10,2362,2371,batches/02_expression/v06-06_b0031.txt,batches/02_expression/v06-06_b0031.json,out/02_expression/v06-06_b0031.jsonl
full,2,expression,v06-06_b0032,10,1,10,2372,2381,batches/02_expression/v06-06_b0032.txt,batches/02_expression/v06-06_b0032.json,out/02_expression/v06-06_b0032.jsonl
full,2,expression,v06-06_b0033,10,1,10,2382,2391,batches/02_expression/v06-06_b0033.txt,batches/02_expression/v06-06_b0033.json,out/02_expression/v06-06_b0033.jsonl
full,2,expression,v06-06_b0034,10,1,10,2392,2401,batches/02_expression/v06-06_b0034.txt,batches/02_expression/v06-06_b0034.json,out/02_expression/v06-06_b0034.jsonl
full,2,expression,v06-06_b0035,10,1,10,2402,2411,batches/02_expression/v06-06_b0035.txt,batches/02_expression/v06-06_b0035.json,out/02_expression/v06-06_b0035.jsonl
full,2,expression,v06-06_b0036,10,1,10,2412,2421,batches/02_expression/v06-06_b0036.txt,batches/02_expression/v06-06_b0036.json,out/02_expression/v06-06_b0036.jsonl
full,2,expression,v06-06_b0037,10,1,10,2422,2431,batches/02_expression/v06-06_b0037.txt,batches/02_expression/v06-06_b0037.json,out/02_expression/v06-06_b0037.jsonl
full,2,expression,v06-06_b0038,10,1,10,2432,2441,batches/02_expression/v06-06_b0038.txt,batches/02_expression/v06-06_b0038.json,out/02_expression/v06-06_b0038.jsonl
full,2,expression,v06-06_b0039,10,1,10,2442,2451,batches/02_expression/v06-06_b0039.txt,batches/02_expression/v06-06_b0039.json,out/02_expression/v06-06_b0039.jsonl
full,2,expression,v06-06_b0040,10,1,10,2452,2461,batches/02_expression/v06-06_b0040.txt,batches/02_expression/v06-06_b0040.json,out/02_expression/v06-06_b0040.jsonl
full,2,expression,v06-06_b0041,10,1,10,2462,2471,batches/02_expression/v06-06_b0041.txt,batches/02_expression/v06-06_b0041.json,out/02_expression/v06-06_b0041.jsonl
full,2,expression,v06-06_b0042,10,1,10,2472,2481,batches/02_expression/v06-06_b0042.txt,batches/02_expression/v06-06_b0042.json,out/02_expression/v06-06_b0042.jsonl
full,2,expression,v06-06_b0043,10,1,10,2482,2491,batches/02_expression/v06-06_b0043.txt,batches/02_expression/v06-06_b0043.json,out/02_expression/v06-06_b0043.jsonl
full,2,expression,v06-06_b0044,10,1,10,2492,2501,batches/02_expression/v06-06_b0044.txt,batches/02_expression/v06-06_b0044.json,out/02_expression/v06-06_b0044.jsonl
full,2,expression,v06-06_b0045,10,1,10,2502,2511,batches/02_expression/v06-06_b0045.txt,batches/02_expression/v06-06_b0045.json,out/02_expression/v06-06_b0045.jsonl
full,2,expression,v06-06_b0046,10,1,10,2512,2521,batches/02_expression/v06-06_b0046.txt,batches/02_expression/v06-06_b0046.json,out/02_expression/v06-06_b0046.jsonl
full,2,expression,v06-06_b0047,10,1,10,2522,2531,batches/02_expression/v06-06_b0047.txt,batches/02_expression/v06-06_b0047.json,out/02_expression/v06-06_b0047.jsonl
full,2,expression,v06-06_b0048,10,1,10,2532,2541,batches/02_expression/v06-06_b0048.txt,batches/02_expression/v06-06_b0048.json,out/02_expression/v06-06_b0048.jsonl
full,2,expression,v06-06_b0049,10,1,10,2542,2551,batches/02_expression/v06-06_b0049.txt,batches/02_expression/v06-06_b0049.json,out/02_expression/v06-06_b0049.jsonl
full,2,expression,v06-06_b0050,10,1,10,2552,2561,batches/02_expression/v06-06_b0050.txt,batches/02_expression/v06-06_b0050.json,out/02_expression/v06-06_b0050.jsonl
full,2,expression,v06-06_b0051,10,1,10,2562,2571,batches/02_expression/v06-06_b0051.txt,batches/02_expression/v06-06_b0051.json,out/02_expression/v06-06_b0051.jsonl
full,2,expression,v06-06_b0052,10,1,10,2572,2581,batches/02_expression/v06-06_b0052.txt,batches/02_expression/v06-06_b0052.json,out/02_expression/v06-06_b0052.jsonl
full,2,expression,v06-06_b0053,10,1,10,2582,2591,batches/02_expression/v06-06_b0053.txt,batches/02_expression/v06-06_b0053.json,out/02_expression/v06-06_b0053.jsonl
full,2,expression,v06-06_b0054,10,1,10,2592,2601,batches/02_expression/v06-06_b0054.txt,batches/02_expression/v06-06_b0054.json,out/02_expression/v06-06_b0054.jsonl
full,2,expression,v06-06_b0055,10,1,10,2602,2611,batches/02_expression/v06-06_b0055.txt,batches/02_expression/v06-06_b0055.json,out/02_expression/v06-06_b0055.jsonl
full,2,expression,v06-06_b0056,10,1,10,2612,2621,batches/02_expression/v06-06_b0056.txt,batches/02_expression/v06-06_b0056.json,out/02_expression/v06-06_b0056.jsonl
full,2,expression,v06-06_b0057,10,1,10,2622,2631,batches/02_expression/v06-06_b0057.txt,batches/02_expression/v06-06_b0057.json,out/02_expression/v06-06_b0057.jsonl
full,2,expression,v06-06_b0058,10,1,10,2632,2641,batches/02_expression/v06-06_b0058.txt,batches/02_expression/v06-06_b0058.json,out/02_expression/v06-06_b0058.jsonl
full,2,expression,v06-06_b0059,10,1,10,2642,2651,batches/02_expression/v06-06_b0059.txt,batches/02_expression/v06-06_b0059.json,out/02_expression/v06-06_b0059.jsonl
full,2,expression,v06-06_b0060,10,1,10,2652,2661,batches/02_expression/v06-06_b0060.txt,batches/02_expression/v06-06_b0060.json,out/02_expression/v06-06_b0060.jsonl
full,2,expression,v06-06_b0061,10,1,10,2662,2671,batches/02_expression/v06-06_b0061.txt,batches/02_expression/v06-06_b0061.json,out/02_expression/v06-06_b0061.jsonl
full,2,expression,v06-06_b0062,10,1,10,2672,2681,batches/02_expression/v06-06_b0062.txt,batches/02_expression/v06-06_b0062.json,out/02_expression/v06-06_b0062.jsonl
full,2,expression,v06-06_b0063,10,1,10,2682,2691,batches/02_expression/v06-06_b0063.txt,batches/02_expression/v06-06_b0063.json,out/02_expression/v06-06_b0063.jsonl
full,2,expression,v06-06_b0064,10,1,10,2692,2701,batches/02_expression/v06-06_b0064.txt,batches/02_expression/v06-06_b0064.json,out/02_expression/v06-06_b0064.jsonl
full,2,expression,v06-06_b0065,10,1,10,2702,2711,batches/02_expression/v06-06_b0065.txt,batches/02_expression/v06-06_b0065.json,out/02_expression/v06-06_b0065.jsonl
full,2,expression,v06-06_b0066,10,1,10,2712,2721,batches/02_expression/v06-06_b0066.txt,batches/02_expression/v06-06_b0066.json,out/02_expression/v06-06_b0066.jsonl
full,2,expression,v06-06_b0067,10,1,10,2722,2731,batches/02_expression/v06-06_b0067.txt,batches/02_expression/v06-06_b0067.json,out/02_expression/v06-06_b0067.jsonl
full,2,expression,v06-06_b0068,10,1,10,2732,2741,batches/02_expression/v06-06_b0068.txt,batches/02_expression/v06-06_b0068.json,out/02_expression/v06-06_b0068.jsonl
full,2,expression,v06-06_b0069,10,1,10,2742,2751,batches/02_expression/v06-06_b0069.txt,batches/02_expression/v06-06_b0069.json,out/02_expression/v06-06_b0069.jsonl
full,2,expression,v06-06_b0070,10,1,10,2752,2761,batches/02_expression/v06-06_b0070.txt,batches/02_expression/v06-06_b0070.json,out/02_expression/v06-06_b0070.jsonl
full,2,expression,v06-06_b0071,10,1,10,2762,2771,batches/02_expression/v06-06_b0071.txt,batches/02_expression/v06-06_b0071.json,out/02_expression/v06-06_b0071.jsonl
full,2,expression,v06-06_b0072,10,1,10,2772,2781,batches/02_expression/v06-06_b0072.txt,batches/02_expression/v06-06_b0072.json,out/02_expression/v06-06_b0072.jsonl
full,2,expression,v06-06_b0073,10,1,10,2782,2791,batches/02_expression/v06-06_b0073.txt,batches/02_expression/v06-06_b0073.json,out/02_expression/v06-06_b0073.jsonl
full,2,expression,v06-06_b0074,10,1,10,2792,2801,batches/02_expression/v06-06_b0074.txt,batches/02_expression/v06-06_b0074.json,out/02_expression/v06-06_b0074.jsonl
full,2,expression,v06-06_b0075,10,1,10,2802,2811,batches/02_expression/v06-06_b0075.txt,batches/02_expression/v06-06_b0075.json,out/02_expression/v06-06_b0075.jsonl
full,2,expression,v06-06_b0076,10,1,10,2812,2821,batches/02_expression/v06-06_b0076.txt,batches/02_expression/v06-06_b0076.json,out/02_expression/v06-06_b0076.jsonl
full,2,expression,v06-06_b0077,10,1,10,2822,2831,batches/02_expression/v06-06_b0077.txt,batches/02_expression/v06-06_b0077.json,out/02_expression/v06-06_b0077.jsonl
full,2,expression,v06-06_b0078,10,1,10,2832,2841,batches/02_expression/v06-06_b0078.txt,batches/02_expression/v06-06_b0078.json,out/02_expression/v06-06_b0078.jsonl
full,2,expression,v06-06_b0079,10,1,10,2842,2851,batches/02_expression/v06-06_b0079.txt,batches/02_expression/v06-06_b0079.json,out/02_expression/v06-06_b0079.jsonl
full,2,expression,v06-06_b0080,10,1,10,2852,2861,batches/02_expression/v06-06_b0080.txt,batches/02_expression/v06-06_b0080.json,out/02_expression/v06-06_b0080.jsonl
full,2,expression,v06-06_b0081,10,1,10,2862,2871,batches/02_expression/v06-06_b0081.txt,batches/02_expression/v06-06_b0081.json,out/02_expression/v06-06_b0081.jsonl
full,2,expression,v06-06_b0082,10,1,10,2872,2881,batches/02_expression/v06-06_b0082.txt,batches/02_expression/v06-06_b0082.json,out/02_expression/v06-06_b0082.jsonl
full,2,expression,v06-06_b0083,10,1,10,2882,2891,batches/02_expression/v06-06_b0083.txt,batches/02_expression/v06-06_b0083.json,out/02_expression/v06-06_b0083.jsonl
full,2,expression,v06-06_b0084,10,1,10,2892,2901,batches/02_expression/v06-06_b0084.txt,batches/02_expression/v06-06_b0084.json,out/02_expression/v06-06_b0084.jsonl
full,2,expression,v06-06_b0085,6,1,6,2902,2907,batches/02_expression/v06-06_b0085.txt,batches/02_expression/v06-06_b0085.json,out/02_expression/v06-06_b0085.jsonl
full,3,situational,v02-03_b0001,10,2,20,318,327,batches/03_situational/v02-03_b0001.txt,batches/03_situational/v02-03_b0001.json,out/03_situational/v02-03_b0001.jsonl
full,3,situational,v02-03_b0002,10,2,20,328,337,batches/03_situational/v02-03_b0002.txt,batches/03_situational/v02-03_b0002.json,out/03_situational/v02-03_b0002.jsonl
full,3,situational,v02-03_b0003,10,2,20,338,347,batches/03_situational/v02-03_b0003.txt,batches/03_situational/v02-03_b0003.json,out/03_situational/v02-03_b0003.jsonl
full,3,situational,v02-03_b0004,10,2,20,348,357,batches/03_situational/v02-03_b0004.txt,batches/03_situational/v02-03_b0004.json,out/03_situational/v02-03_b0004.jsonl
full,3,situational,v02-03_b0005,10,2,20,358,367,batches/03_situational/v02-03_b0005.txt,batches/03_situational/v02-03_b0005.json,out/03_situational/v02-03_b0005.jsonl
full,3,situational,v02-03_b0006,10,2,20,368,377,batches/03_situational/v02-03_b0006.txt,batches/03_situational/v02-03_b0006.json,out/03_situational/v02-03_b0006.jsonl
full,3,situational,v02-03_b0007,10,2,20,378,387,batches/03_situational/v02-03_b0007.txt,batches/03_situational/v02-03_b0007.json,out/03_situational/v02-03_b0007.jsonl
full,3,situational,v02-03_b0008,10,2,20,388,397,batches/03_situational/v02-03_b0008.txt,batches/03_situational/v02-03_b0008.json,out/03_situational/v02-03_b0008.jsonl
full,3,situational,v02-03_b0009,10,2,20,398,407,batches/03_situational/v02-03_b0009.txt,batches/03_situational/v02-03_b0009.json,out/03_situational/v02-03_b0009.jsonl
full,3,situational,v02-03_b0010,10,2,20,408,417,batches/03_situational/v02-03_b0010.txt,batches/03_situational/v02-03_b0010.json,out/03_situational/v02-03_b0010.jsonl
full,3,situational,v02-03_b0011,10,2,20,418,427,batches/03_situational/v02-03_b0011.txt,batches/03_situational/v02-03_b0011.json,out/03_situational/v02-03_b0011.jsonl
full,3,situational,v02-03_b0012,10,2,20,428,437,batches/03_situational/v02-03_b0012.txt,batches/03_situational/v02-03_b0012.json,out/03_situational/v02-03_b0012.jsonl
full,3,situational,v02-03_b0013,10,2,20,438,447,batches/03_situational/v02-03_b0013.txt,batches/03_situational/v02-03_b0013.json,out/03_situational/v02-03_b0013.jsonl
full,3,situational,v02-03_b0014,10,2,20,448,457,batches/03_situational/v02-03_b0014.txt,batches/03_situational/v02-03_b0014.json,out/03_situational/v02-03_b0014.jsonl
full,3,situational,v02-03_b0015,10,2,20,458,467,batches/03_situational/v02-03_b0015.txt,batches/03_situational/v02-03_b0015.json,out/03_situational/v02-03_b0015.jsonl
full,3,situational,v02-03_b0016,10,2,20,468,477,batches/03_situational/v02-03_b0016.txt,batches/03_situational/v02-03_b0016.json,out/03_situational/v02-03_b0016.jsonl
full,3,situational,v02-03_b0017,10,2,20,478,487,batches/03_situational/v02-03_b0017.txt,batches/03_situational/v02-03_b0017.json,out/03_situational/v02-03_b0017.jsonl
full,3,situational,v02-03_b0018,10,2,20,488,497,batches/03_situational/v02-03_b0018.txt,batches/03_situational/v02-03_b0018.json,out/03_situational/v02-03_b0018.jsonl
full,3,situational,v02-03_b0019,10,2,20,498,507,batches/03_situational/v02-03_b0019.txt,batches/03_situational/v02-03_b0019.json,out/03_situational/v02-03_b0019.jsonl
full,3,situational,v02-03_b0020,10,2,20,508,517,batches/03_situational/v02-03_b0020.txt,batches/03_situational/v02-03_b0020.json,out/03_situational/v02-03_b0020.jsonl
full,3,situational,v02-03_b0021,10,2,20,518,527,batches/03_situational/v02-03_b0021.txt,batches/03_situational/v02-03_b0021.json,out/03_situational/v02-03_b0021.jsonl
full,3,situational,v02-03_b0022,10,2,20,528,537,batches/03_situational/v02-03_b0022.txt,batches/03_situational/v02-03_b0022.json,out/03_situational/v02-03_b0022.jsonl
full,3,situational,v02-03_b0023,10,2,20,538,547,batches/03_situational/v02-03_b0023.txt,batches/03_situational/v02-03_b0023.json,out/03_situational/v02-03_b0023.jsonl
full,3,situational,v02-03_b0024,10,2,20,548,557,batches/03_situational/v02-03_b0024.txt,batches/03_situational/v02-03_b0024.json,out/03_situational/v02-03_b0024.jsonl
full,3,situational,v02-03_b0025,10,2,20,558,567,batches/03_situational/v02-03_b0025.txt,batches/03_situational/v02-03_b0025.json,out/03_situational/v02-03_b0025.jsonl
full,3,situational,v02-03_b0026,10,2,20,568,577,batches/03_situational/v02-03_b0026.txt,batches/03_situational/v02-03_b0026.json,out/03_situational/v02-03_b0026.jsonl
full,3,situational,v02-03_b0027,10,2,20,578,587,batches/03_situational/v02-03_b0027.txt,batches/03_situational/v02-03_b0027.json,out/03_situational/v02-03_b0027.jsonl
full,3,situational,v02-03_b0028,10,2,20,588,597,batches/03_situational/v02-03_b0028.txt,batches/03_situational/v02-03_b0028.json,out/03_situational/v02-03_b0028.jsonl
full,3,situational,v02-03_b0029,10,2,20,598,607,batches/03_situational/v02-03_b0029.txt,batches/03_situational/v02-03_b0029.json,out/03_situational/v02-03_b0029.jsonl
full,3,situational,v02-03_b0030,10,2,20,608,617,batches/03_situational/v02-03_b0030.txt,batches/03_situational/v02-03_b0030.json,out/03_situational/v02-03_b0030.jsonl
full,3,situational,v02-03_b0031,10,2,20,618,627,batches/03_situational/v02-03_b0031.txt,batches/03_situational/v02-03_b0031.json,out/03_situational/v02-03_b0031.jsonl
full,3,situational,v02-03_b0032,10,2,20,628,637,batches/03_situational/v02-03_b0032.txt,batches/03_situational/v02-03_b0032.json,out/03_situational/v02-03_b0032.jsonl
full,3,situational,v02-03_b0033,10,2,20,638,647,batches/03_situational/v02-03_b0033.txt,batches/03_situational/v02-03_b0033.json,out/03_situational/v02-03_b0033.jsonl
full,3,situational,v02-03_b0034,10,2,20,648,657,batches/03_situational/v02-03_b0034.txt,batches/03_situational/v02-03_b0034.json,out/03_situational/v02-03_b0034.jsonl
full,3,situational,v02-03_b0035,10,2,20,658,667,batches/03_situational/v02-03_b0035.txt,batches/03_situational/v02-03_b0035.json,out/03_situational/v02-03_b0035.jsonl
full,3,situational,v02-03_b0036,10,2,20,668,677,batches/03_situational/v02-03_b0036.txt,batches/03_situational/v02-03_b0036.json,out/03_situational/v02-03_b0036.jsonl
full,3,situational,v02-03_b0037,10,2,20,678,687,batches/03_situational/v02-03_b0037.txt,batches/03_situational/v02-03_b0037.json,out/03_situational/v02-03_b0037.jsonl
full,3,situational,v02-03_b0038,10,2,20,688,697,batches/03_situational/v02-03_b0038.txt,batches/03_situational/v02-03_b0038.json,out/03_situational/v02-03_b0038.jsonl
full,3,situational,v02-03_b0039,10,2,20,698,707,batches/03_situational/v02-03_b0039.txt,batches/03_situational/v02-03_b0039.json,out/03_situational/v02-03_b0039.jsonl
full,3,situational,v02-03_b0040,10,2,20,708,717,batches/03_situational/v02-03_b0040.txt,batches/03_situational/v02-03_b0040.json,out/03_situational/v02-03_b0040.jsonl
full,3,situational,v02-03_b0041,10,2,20,718,727,batches/03_situational/v02-03_b0041.txt,batches/03_situational/v02-03_b0041.json,out/03_situational/v02-03_b0041.jsonl
full,3,situational,v02-03_b0042,10,2,20,728,737,batches/03_situational/v02-03_b0042.txt,batches/03_situational/v02-03_b0042.json,out/03_situational/v02-03_b0042.jsonl
full,3,situational,v02-03_b0043,10,2,20,738,747,batches/03_situational/v02-03_b0043.txt,batches/03_situational/v02-03_b0043.json,out/03_situational/v02-03_b0043.jsonl
full,3,situational,v02-03_b0044,10,2,20,748,757,batches/03_situational/v02-03_b0044.txt,batches/03_situational/v02-03_b0044.json,out/03_situational/v02-03_b0044.jsonl
full,3,situational,v02-03_b0045,10,2,20,758,767,batches/03_situational/v02-03_b0045.txt,batches/03_situational/v02-03_b0045.json,out/03_situational/v02-03_b0045.jsonl
full,3,situational,v02-03_b0046,10,2,20,768,777,batches/03_situational/v02-03_b0046.txt,batches/03_situational/v02-03_b0046.json,out/03_situational/v02-03_b0046.jsonl
full,3,situational,v02-03_b0047,10,2,20,778,787,batches/03_situational/v02-03_b0047.txt,batches/03_situational/v02-03_b0047.json,out/03_situational/v02-03_b0047.jsonl
full,3,situational,v02-03_b0048,10,2,20,788,797,batches/03_situational/v02-03_b0048.txt,batches/03_situational/v02-03_b0048.json,out/03_situational/v02-03_b0048.jsonl
full,3,situational,v02-03_b0049,10,2,20,798,807,batches/03_situational/v02-03_b0049.txt,batches/03_situational/v02-03_b0049.json,out/03_situational/v02-03_b0049.jsonl
full,3,situational,v02-03_b0050,10,2,20,808,817,batches/03_situational/v02-03_b0050.txt,batches/03_situational/v02-03_b0050.json,out/03_situational/v02-03_b0050.jsonl
full,3,situational,v02-03_b0051,10,2,20,818,827,batches/03_situational/v02-03_b0051.txt,batches/03_situational/v02-03_b0051.json,out/03_situational/v02-03_b0051.jsonl
full,3,situational,v02-03_b0052,10,2,20,828,837,batches/03_situational/v02-03_b0052.txt,batches/03_situational/v02-03_b0052.json,out/03_situational/v02-03_b0052.jsonl
full,3,situational,v02-03_b0053,10,2,20,838,847,batches/03_situational/v02-03_b0053.txt,batches/03_situational/v02-03_b0053.json,out/03_situational/v02-03_b0053.jsonl
full,3,situational,v02-03_b0054,10,2,20,848,857,batches/03_situational/v02-03_b0054.txt,batches/03_situational/v02-03_b0054.json,out/03_situational/v02-03_b0054.jsonl
full,3,situational,v02-03_b0055,10,2,20,858,867,batches/03_situational/v02-03_b0055.txt,batches/03_situational/v02-03_b0055.json,out/03_situational/v02-03_b0055.jsonl
full,3,situational,v02-03_b0056,10,2,20,868,877,batches/03_situational/v02-03_b0056.txt,batches/03_situational/v02-03_b0056.json,out/03_situational/v02-03_b0056.jsonl
full,3,situational,v02-03_b0057,10,2,20,878,887,batches/03_situational/v02-03_b0057.txt,batches/03_situational/v02-03_b0057.json,out/03_situational/v02-03_b0057.jsonl
full,3,situational,v02-03_b0058,10,2,20,888,897,batches/03_situational/v02-03_b0058.txt,batches/03_situational/v02-03_b0058.json,out/03_situational/v02-03_b0058.jsonl
full,3,situational,v02-03_b0059,10,2,20,898,907,batches/03_situational/v02-03_b0059.txt,batches/03_situational/v02-03_b0059.json,out/03_situational/v02-03_b0059.jsonl
full,3,situational,v02-03_b0060,10,2,20,908,917,batches/03_situational/v02-03_b0060.txt,batches/03_situational/v02-03_b0060.json,out/03_situational/v02-03_b0060.jsonl
full,3,situational,v02-03_b0061,10,2,20,918,927,batches/03_situational/v02-03_b0061.txt,batches/03_situational/v02-03_b0061.json,out/03_situational/v02-03_b0061.jsonl
full,3,situational,v02-03_b0062,10,2,20,928,937,batches/03_situational/v02-03_b0062.txt,batches/03_situational/v02-03_b0062.json,out/03_situational/v02-03_b0062.jsonl
full,3,situational,v02-03_b0063,10,2,20,938,947,batches/03_situational/v02-03_b0063.txt,batches/03_situational/v02-03_b0063.json,out/03_situational/v02-03_b0063.jsonl
full,3,situational,v02-03_b0064,10,2,20,948,957,batches/03_situational/v02-03_b0064.txt,batches/03_situational/v02-03_b0064.json,out/03_situational/v02-03_b0064.jsonl
full,3,situational,v02-03_b0065,10,2,20,958,967,batches/03_situational/v02-03_b0065.txt,batches/03_situational/v02-03_b0065.json,out/03_situational/v02-03_b0065.jsonl
full,3,situational,v02-03_b0066,10,2,20,968,977,batches/03_situational/v02-03_b0066.txt,batches/03_situational/v02-03_b0066.json,out/03_situational/v02-03_b0066.jsonl
full,3,situational,v02-03_b0067,10,2,20,978,987,batches/03_situational/v02-03_b0067.txt,batches/03_situational/v02-03_b0067.json,out/03_situational/v02-03_b0067.jsonl
full,3,situational,v02-03_b0068,10,2,20,988,997,batches/03_situational/v02-03_b0068.txt,batches/03_situational/v02-03_b0068.json,out/03_situational/v02-03_b0068.jsonl
full,3,situational,v02-03_b0069,10,2,20,998,1007,batches/03_situational/v02-03_b0069.txt,batches/03_situational/v02-03_b0069.json,out/03_situational/v02-03_b0069.jsonl
full,3,situational,v02-03_b0070,10,2,20,1008,1017,batches/03_situational/v02-03_b0070.txt,batches/03_situational/v02-03_b0070.json,out/03_situational/v02-03_b0070.jsonl
full,3,situational,v02-03_b0071,10,2,20,1018,1027,batches/03_situational/v02-03_b0071.txt,batches/03_situational/v02-03_b0071.json,out/03_situational/v02-03_b0071.jsonl
full,3,situational,v02-03_b0072,10,2,20,1028,1037,batches/03_situational/v02-03_b0072.txt,batches/03_situational/v02-03_b0072.json,out/03_situational/v02-03_b0072.jsonl
full,3,situational,v02-03_b0073,10,2,20,1038,1047,batches/03_situational/v02-03_b0073.txt,batches/03_situational/v02-03_b0073.json,out/03_situational/v02-03_b0073.jsonl
full,3,situational,v02-03_b0074,10,2,20,1048,1057,batches/03_situational/v02-03_b0074.txt,batches/03_situational/v02-03_b0074.json,out/03_situational/v02-03_b0074.jsonl
full,3,situational,v02-03_b0075,10,2,20,1058,1067,batches/03_situational/v02-03_b0075.txt,batches/03_situational/v02-03_b0075.json,out/03_situational/v02-03_b0075.jsonl
full,3,situational,v02-03_b0076,10,2,20,1068,1077,batches/03_situational/v02-03_b0076.txt,batches/03_situational/v02-03_b0076.json,out/03_situational/v02-03_b0076.jsonl
full,3,situational,v02-03_b0077,10,2,20,1078,1087,batches/03_situational/v02-03_b0077.txt,batches/03_situational/v02-03_b0077.json,out/03_situational/v02-03_b0077.jsonl
full,3,situational,v02-03_b0078,10,2,20,1088,1097,batches/03_situational/v02-03_b0078.txt,batches/03_situational/v02-03_b0078.json,out/03_situational/v02-03_b0078.jsonl
full,3,situational,v02-03_b0079,10,2,20,1098,1107,batches/03_situational/v02-03_b0079.txt,batches/03_situational/v02-03_b0079.json,out/03_situational/v02-03_b0079.jsonl
full,3,situational,v02-03_b0080,10,2,20,1108,1117,batches/03_situational/v02-03_b0080.txt,batches/03_situational/v02-03_b0080.json,out/03_situational/v02-03_b0080.jsonl
full,3,situational,v02-03_b0081,10,2,20,1118,1127,batches/03_situational/v02-03_b0081.txt,batches/03_situational/v02-03_b0081.json,out/03_situational/v02-03_b0081.jsonl
full,3,situational,v02-03_b0082,10,2,20,1128,1137,batches/03_situational/v02-03_b0082.txt,batches/03_situational/v02-03_b0082.json,out/03_situational/v02-03_b0082.jsonl
full,3,situational,v02-03_b0083,10,2,20,1138,1147,batches/03_situational/v02-03_b0083.txt,batches/03_situational/v02-03_b0083.json,out/03_situational/v02-03_b0083.jsonl
full,3,situational,v02-03_b0084,10,2,20,1148,1157,batches/03_situational/v02-03_b0084.txt,batches/03_situational/v02-03_b0084.json,out/03_situational/v02-03_b0084.jsonl
full,3,situational,v02-03_b0085,10,2,20,1158,1167,batches/03_situational/v02-03_b0085.txt,batches/03_situational/v02-03_b0085.json,out/03_situational/v02-03_b0085.jsonl
full,3,situational,v02-03_b0086,10,2,20,1168,1177,batches/03_situational/v02-03_b0086.txt,batches/03_situational/v02-03_b0086.json,out/03_situational/v02-03_b0086.jsonl
full,3,situational,v02-03_b0087,10,2,20,1178,1187,batches/03_situational/v02-03_b0087.txt,batches/03_situational/v02-03_b0087.json,out/03_situational/v02-03_b0087.jsonl
full,3,situational,v02-03_b0088,10,2,20,1188,1197,batches/03_situational/v02-03_b0088.txt,batches/03_situational/v02-03_b0088.json,out/03_situational/v02-03_b0088.jsonl
full,3,situational,v02-03_b0089,10,2,20,1198,1207,batches/03_situational/v02-03_b0089.txt,batches/03_situational/v02-03_b0089.json,out/03_situational/v02-03_b0089.jsonl
full,3,situational,v02-03_b0090,10,2,20,1208,1217,batches/03_situational/v02-03_b0090.txt,batches/03_situational/v02-03_b0090.json,out/03_situational/v02-03_b0090.jsonl
full,3,situational,v02-03_b0091,10,2,20,1218,1227,batches/03_situational/v02-03_b0091.txt,batches/03_situational/v02-03_b0091.json,out/03_situational/v02-03_b0091.jsonl
full,3,situational,v02-03_b0092,10,2,20,1228,1237,batches/03_situational/v02-03_b0092.txt,batches/03_situational/v02-03_b0092.json,out/03_situational/v02-03_b0092.jsonl
full,3,situational,v02-03_b0093,10,2,20,1238,1247,batches/03_situational/v02-03_b0093.txt,batches/03_situational/v02-03_b0093.json,out/03_situational/v02-03_b0093.jsonl
full,3,situational,v02-03_b0094,10,2,20,1248,1257,batches/03_situational/v02-03_b0094.txt,batches/03_situational/v02-03_b0094.json,out/03_situational/v02-03_b0094.jsonl
full,3,situational,v02-03_b0095,10,2,20,1258,1267,batches/03_situational/v02-03_b0095.txt,batches/03_situational/v02-03_b0095.json,out/03_situational/v02-03_b0095.jsonl
full,3,situational,v02-03_b0096,10,2,20,1268,1277,batches/03_situational/v02-03_b0096.txt,batches/03_situational/v02-03_b0096.json,out/03_situational/v02-03_b0096.jsonl
full,3,situational,v02-03_b0097,10,2,20,1278,1287,batches/03_situational/v02-03_b0097.txt,batches/03_situational/v02-03_b0097.json,out/03_situational/v02-03_b0097.jsonl
full,3,situational,v02-03_b0098,10,2,20,1288,1297,batches/03_situational/v02-03_b0098.txt,batches/03_situational/v02-03_b0098.json,out/03_situational/v02-03_b0098.jsonl
full,3,situational,v02-03_b0099,10,2,20,1298,1307,batches/03_situational/v02-03_b0099.txt,batches/03_situational/v02-03_b0099.json,out/03_situational/v02-03_b0099.jsonl
full,3,situational,v02-03_b0100,10,2,20,1308,1317,batches/03_situational/v02-03_b0100.txt,batches/03_situational/v02-03_b0100.json,out/03_situational/v02-03_b0100.jsonl
full,3,situational,v02-03_b0101,10,2,20,1318,1327,batches/03_situational/v02-03_b0101.txt,batches/03_situational/v02-03_b0101.json,out/03_situational/v02-03_b0101.jsonl
full,3,situational,v02-03_b0102,10,2,20,1328,1337,batches/03_situational/v02-03_b0102.txt,batches/03_situational/v02-03_b0102.json,out/03_situational/v02-03_b0102.jsonl
full,3,situational,v02-03_b0103,10,2,20,1338,1347,batches/03_situational/v02-03_b0103.txt,batches/03_situational/v02-03_b0103.json,out/03_situational/v02-03_b0103.jsonl
full,3,situational,v02-03_b0104,10,2,20,1348,1357,batches/03_situational/v02-03_b0104.txt,batches/03_situational/v02-03_b0104.json,out/03_situational/v02-03_b0104.jsonl
full,3,situational,v02-03_b0105,10,2,20,1358,1367,batches/03_situational/v02-03_b0105.txt,batches/03_situational/v02-03_b0105.json,out/03_situational/v02-03_b0105.jsonl
full,3,situational,v02-03_b0106,10,2,20,1368,1377,batches/03_situational/v02-03_b0106.txt,batches/03_situational/v02-03_b0106.json,out/03_situational/v02-03_b0106.jsonl
full,3,situational,v02-03_b0107,10,2,20,1378,1387,batches/03_situational/v02-03_b0107.txt,batches/03_situational/v02-03_b0107.json,out/03_situational/v02-03_b0107.jsonl
full,3,situational,v02-03_b0108,10,2,20,1388,1397,batches/03_situational/v02-03_b0108.txt,batches/03_situational/v02-03_b0108.json,out/03_situational/v02-03_b0108.jsonl
full,3,situational,v02-03_b0109,10,2,20,1398,1407,batches/03_situational/v02-03_b0109.txt,batches/03_situational/v02-03_b0109.json,out/03_situational/v02-03_b0109.jsonl
full,3,situational,v02-03_b0110,10,2,20,1408,1417,batches/03_situational/v02-03_b0110.txt,batches/03_situational/v02-03_b0110.json,out/03_situational/v02-03_b0110.jsonl
full,3,situational,v02-03_b0111,10,2,20,1418,1427,batches/03_situational/v02-03_b0111.txt,batches/03_situational/v02-03_b0111.json,out/03_situational/v02-03_b0111.jsonl
full,3,situational,v02-03_b0112,10,2,20,1428,1437,batches/03_situational/v02-03_b0112.txt,batches/03_situational/v02-03_b0112.json,out/03_situational/v02-03_b0112.jsonl
full,3,situational,v02-03_b0113,10,2,20,1438,1447,batches/03_situational/v02-03_b0113.txt,batches/03_situational/v02-03_b0113.json,out/03_situational/v02-03_b0113.jsonl
full,3,situational,v02-03_b0114,10,2,20,1448,1457,batches/03_situational/v02-03_b0114.txt,batches/03_situational/v02-03_b0114.json,out/03_situational/v02-03_b0114.jsonl
full,3,situational,v02-03_b0115,10,2,20,1458,1467,batches/03_situational/v02-03_b0115.txt,batches/03_situational/v02-03_b0115.json,out/03_situational/v02-03_b0115.jsonl
full,3,situational,v02-03_b0116,10,2,20,1468,1477,batches/03_situational/v02-03_b0116.txt,batches/03_situational/v02-03_b0116.json,out/03_situational/v02-03_b0116.jsonl
full,3,situational,v02-03_b0117,10,2,20,1478,1487,batches/03_situational/v02-03_b0117.txt,batches/03_situational/v02-03_b0117.json,out/03_situational/v02-03_b0117.jsonl
full,3,situational,v02-03_b0118,10,2,20,1488,1497,batches/03_situational/v02-03_b0118.txt,batches/03_situational/v02-03_b0118.json,out/03_situational/v02-03_b0118.jsonl
full,3,situational,v02-03_b0119,10,2,20,1498,1507,batches/03_situational/v02-03_b0119.txt,batches/03_situational/v02-03_b0119.json,out/03_situational/v02-03_b0119.jsonl
full,3,situational,v02-03_b0120,10,2,20,1508,1517,batches/03_situational/v02-03_b0120.txt,batches/03_situational/v02-03_b0120.json,out/03_situational/v02-03_b0120.jsonl
full,3,situational,v02-03_b0121,10,2,20,1518,1527,batches/03_situational/v02-03_b0121.txt,batches/03_situational/v02-03_b0121.json,out/03_situational/v02-03_b0121.jsonl
full,3,situational,v02-03_b0122,10,2,20,1528,1537,batches/03_situational/v02-03_b0122.txt,batches/03_situational/v02-03_b0122.json,out/03_situational/v02-03_b0122.jsonl
full,3,situational,v02-03_b0123,10,2,20,1538,1547,batches/03_situational/v02-03_b0123.txt,batches/03_situational/v02-03_b0123.json,out/03_situational/v02-03_b0123.jsonl
full,3,situational,v02-03_b0124,10,2,20,1548,1557,batches/03_situational/v02-03_b0124.txt,batches/03_situational/v02-03_b0124.json,out/03_situational/v02-03_b0124.jsonl
full,3,situational,v02-03_b0125,10,2,20,1558,1567,batches/03_situational/v02-03_b0125.txt,batches/03_situational/v02-03_b0125.json,out/03_situational/v02-03_b0125.jsonl
full,3,situational,v02-03_b0126,10,2,20,1568,1577,batches/03_situational/v02-03_b0126.txt,batches/03_situational/v02-03_b0126.json,out/03_situational/v02-03_b0126.jsonl
full,3,situational,v02-03_b0127,10,2,20,1578,1587,batches/03_situational/v02-03_b0127.txt,batches/03_situational/v02-03_b0127.json,out/03_situational/v02-03_b0127.jsonl
full,3,situational,v02-03_b0128,10,2,20,1588,1597,batches/03_situational/v02-03_b0128.txt,batches/03_situational/v02-03_b0128.json,out/03_situational/v02-03_b0128.jsonl
full,3,situational,v02-03_b0129,10,2,20,1598,1607,batches/03_situational/v02-03_b0129.txt,batches/03_situational/v02-03_b0129.json,out/03_situational/v02-03_b0129.jsonl
full,3,situational,v02-03_b0130,10,2,20,1608,1617,batches/03_situational/v02-03_b0130.txt,batches/03_situational/v02-03_b0130.json,out/03_situational/v02-03_b0130.jsonl
full,3,situational,v02-03_b0131,10,2,20,1618,1627,batches/03_situational/v02-03_b0131.txt,batches/03_situational/v02-03_b0131.json,out/03_situational/v02-03_b0131.jsonl
full,3,situational,v02-03_b0132,10,2,20,1628,1637,batches/03_situational/v02-03_b0132.txt,batches/03_situational/v02-03_b0132.json,out/03_situational/v02-03_b0132.jsonl
full,3,situational,v02-03_b0133,10,2,20,1638,1647,batches/03_situational/v02-03_b0133.txt,batches/03_situational/v02-03_b0133.json,out/03_situational/v02-03_b0133.jsonl
full,3,situational,v02-03_b0134,10,2,20,1648,1657,batches/03_situational/v02-03_b0134.txt,batches/03_situational/v02-03_b0134.json,out/03_situational/v02-03_b0134.jsonl
full,3,situational,v02-03_b0135,10,2,20,1658,1667,batches/03_situational/v02-03_b0135.txt,batches/03_situational/v02-03_b0135.json,out/03_situational/v02-03_b0135.jsonl
full,3,situational,v02-03_b0136,10,2,20,1668,1677,batches/03_situational/v02-03_b0136.txt,batches/03_situational/v02-03_b0136.json,out/03_situational/v02-03_b0136.jsonl
full,3,situational,v02-03_b0137,10,2,20,1678,1687,batches/03_situational/v02-03_b0137.txt,batches/03_situational/v02-03_b0137.json,out/03_situational/v02-03_b0137.jsonl
full,3,situational,v02-03_b0138,10,2,20,1688,1697,batches/03_situational/v02-03_b0138.txt,batches/03_situational/v02-03_b0138.json,out/03_situational/v02-03_b0138.jsonl
full,3,situational,v02-03_b0139,10,2,20,1698,1707,batches/03_situational/v02-03_b0139.txt,batches/03_situational/v02-03_b0139.json,out/03_situational/v02-03_b0139.jsonl
full,3,situational,v02-03_b0140,10,2,20,1708,1717,batches/03_situational/v02-03_b0140.txt,batches/03_situational/v02-03_b0140.json,out/03_situational/v02-03_b0140.jsonl
full,3,situational,v02-03_b0141,10,2,20,1718,1727,batches/03_situational/v02-03_b0141.txt,batches/03_situational/v02-03_b0141.json,out/03_situational/v02-03_b0141.jsonl
full,3,situational,v02-03_b0142,10,2,20,1728,1737,batches/03_situational/v02-03_b0142.txt,batches/03_situational/v02-03_b0142.json,out/03_situational/v02-03_b0142.jsonl
full,3,situational,v02-03_b0143,10,2,20,1738,1747,batches/03_situational/v02-03_b0143.txt,batches/03_situational/v02-03_b0143.json,out/03_situational/v02-03_b0143.jsonl
full,3,situational,v02-03_b0144,10,2,20,1748,1757,batches/03_situational/v02-03_b0144.txt,batches/03_situational/v02-03_b0144.json,out/03_situational/v02-03_b0144.jsonl
full,3,situational,v02-03_b0145,10,2,20,1758,1767,batches/03_situational/v02-03_b0145.txt,batches/03_situational/v02-03_b0145.json,out/03_situational/v02-03_b0145.jsonl
full,3,situational,v02-03_b0146,10,2,20,1768,1777,batches/03_situational/v02-03_b0146.txt,batches/03_situational/v02-03_b0146.json,out/03_situational/v02-03_b0146.jsonl
full,3,situational,v02-03_b0147,10,2,20,1778,1787,batches/03_situational/v02-03_b0147.txt,batches/03_situational/v02-03_b0147.json,out/03_situational/v02-03_b0147.jsonl
full,3,situational,v02-03_b0148,10,2,20,1788,1797,batches/03_situational/v02-03_b0148.txt,batches/03_situational/v02-03_b0148.json,out/03_situational/v02-03_b0148.jsonl
full,3,situational,v02-03_b0149,10,2,20,1798,1807,batches/03_situational/v02-03_b0149.txt,batches/03_situational/v02-03_b0149.json,out/03_situational/v02-03_b0149.jsonl
full,3,situational,v02-03_b0150,10,2,20,1808,1817,batches/03_situational/v02-03_b0150.txt,batches/03_situational/v02-03_b0150.json,out/03_situational/v02-03_b0150.jsonl
full,3,situational,v02-03_b0151,10,2,20,1818,1827,batches/03_situational/v02-03_b0151.txt,batches/03_situational/v02-03_b0151.json,out/03_situational/v02-03_b0151.jsonl
full,3,situational,v02-03_b0152,10,2,20,1828,1837,batches/03_situational/v02-03_b0152.txt,batches/03_situational/v02-03_b0152.json,out/03_situational/v02-03_b0152.jsonl
full,3,situational,v02-03_b0153,10,2,20,1838,1847,batches/03_situational/v02-03_b0153.txt,batches/03_situational/v02-03_b0153.json,out/03_situational/v02-03_b0153.jsonl
full,3,situational,v02-03_b0154,10,2,20,1848,1857,batches/03_situational/v02-03_b0154.txt,batches/03_situational/v02-03_b0154.json,out/03_situational/v02-03_b0154.jsonl
full,3,situational,v02-03_b0155,10,2,20,1858,1867,batches/03_situational/v02-03_b0155.txt,batches/03_situational/v02-03_b0155.json,out/03_situational/v02-03_b0155.jsonl
full,3,situational,v02-03_b0156,10,2,20,1868,1877,batches/03_situational/v02-03_b0156.txt,batches/03_situational/v02-03_b0156.json,out/03_situational/v02-03_b0156.jsonl
full,3,situational,v02-03_b0157,10,2,20,1878,1887,batches/03_situational/v02-03_b0157.txt,batches/03_situational/v02-03_b0157.json,out/03_situational/v02-03_b0157.jsonl
full,3,situational,v02-03_b0158,10,2,20,1888,1897,batches/03_situational/v02-03_b0158.txt,batches/03_situational/v02-03_b0158.json,out/03_situational/v02-03_b0158.jsonl
full,3,situational,v02-03_b0159,10,2,20,1898,1907,batches/03_situational/v02-03_b0159.txt,batches/03_situational/v02-03_b0159.json,out/03_situational/v02-03_b0159.jsonl
full,3,situational,v02-03_b0160,10,2,20,1908,1917,batches/03_situational/v02-03_b0160.txt,batches/03_situational/v02-03_b0160.json,out/03_situational/v02-03_b0160.jsonl
full,3,situational,v02-03_b0161,10,2,20,1918,1927,batches/03_situational/v02-03_b0161.txt,batches/03_situational/v02-03_b0161.json,out/03_situational/v02-03_b0161.jsonl
full,3,situational,v02-03_b0162,10,2,20,1928,1937,batches/03_situational/v02-03_b0162.txt,batches/03_situational/v02-03_b0162.json,out/03_situational/v02-03_b0162.jsonl
full,3,situational,v02-03_b0163,10,2,20,1938,1947,batches/03_situational/v02-03_b0163.txt,batches/03_situational/v02-03_b0163.json,out/03_situational/v02-03_b0163.jsonl
full,3,situational,v02-03_b0164,10,2,20,1948,1957,batches/03_situational/v02-03_b0164.txt,batches/03_situational/v02-03_b0164.json,out/03_situational/v02-03_b0164.jsonl
full,3,situational,v02-03_b0165,10,2,20,1958,1967,batches/03_situational/v02-03_b0165.txt,batches/03_situational/v02-03_b0165.json,out/03_situational/v02-03_b0165.jsonl
full,3,situational,v02-03_b0166,10,2,20,1968,1977,batches/03_situational/v02-03_b0166.txt,batches/03_situational/v02-03_b0166.json,out/03_situational/v02-03_b0166.jsonl
full,3,situational,v02-03_b0167,10,2,20,1978,1987,batches/03_situational/v02-03_b0167.txt,batches/03_situational/v02-03_b0167.json,out/03_situational/v02-03_b0167.jsonl
full,3,situational,v02-03_b0168,10,2,20,1988,1997,batches/03_situational/v02-03_b0168.txt,batches/03_situational/v02-03_b0168.json,out/03_situational/v02-03_b0168.jsonl
full,3,situational,v02-03_b0169,10,2,20,1998,2007,batches/03_situational/v02-03_b0169.txt,batches/03_situational/v02-03_b0169.json,out/03_situational/v02-03_b0169.jsonl
full,3,situational,v02-03_b0170,10,2,20,2008,2017,batches/03_situational/v02-03_b0170.txt,batches/03_situational/v02-03_b0170.json,out/03_situational/v02-03_b0170.jsonl
full,3,situational,v02-03_b0171,10,2,20,2018,2027,batches/03_situational/v02-03_b0171.txt,batches/03_situational/v02-03_b0171.json,out/03_situational/v02-03_b0171.jsonl
full,3,situational,v02-03_b0172,10,2,20,2028,2037,batches/03_situational/v02-03_b0172.txt,batches/03_situational/v02-03_b0172.json,out/03_situational/v02-03_b0172.jsonl
full,3,situational,v02-03_b0173,10,2,20,2038,2047,batches/03_situational/v02-03_b0173.txt,batches/03_situational/v02-03_b0173.json,out/03_situational/v02-03_b0173.jsonl
full,3,situational,v02-03_b0174,10,2,20,2048,2057,batches/03_situational/v02-03_b0174.txt,batches/03_situational/v02-03_b0174.json,out/03_situational/v02-03_b0174.jsonl
full,3,situational,v02-03_b0175,4,2,8,2058,2061,batches/03_situational/v02-03_b0175.txt,batches/03_situational/v02-03_b0175.json,out/03_situational/v02-03_b0175.jsonl
full,4,dynamics,v03-05_b0001,10,3,30,2908,2917,batches/04_dynamics/v03-05_b0001.txt,batches/04_dynamics/v03-05_b0001.json,out/04_dynamics/v03-05_b0001.jsonl
full,4,dynamics,v03-05_b0002,10,3,30,2918,2927,batches/04_dynamics/v03-05_b0002.txt,batches/04_dynamics/v03-05_b0002.json,out/04_dynamics/v03-05_b0002.jsonl
full,4,dynamics,v03-05_b0003,10,3,30,2928,2937,batches/04_dynamics/v03-05_b0003.txt,batches/04_dynamics/v03-05_b0003.json,out/04_dynamics/v03-05_b0003.jsonl
full,4,dynamics,v03-05_b0004,10,3,30,2938,2947,batches/04_dynamics/v03-05_b0004.txt,batches/04_dynamics/v03-05_b0004.json,out/04_dynamics/v03-05_b0004.jsonl
full,4,dynamics,v03-05_b0005,10,3,30,2948,2957,batches/04_dynamics/v03-05_b0005.txt,batches/04_dynamics/v03-05_b0005.json,out/04_dynamics/v03-05_b0005.jsonl
full,4,dynamics,v03-05_b0006,10,3,30,2958,2967,batches/04_dynamics/v03-05_b0006.txt,batches/04_dynamics/v03-05_b0006.json,out/04_dynamics/v03-05_b0006.jsonl
full,4,dynamics,v03-05_b0007,10,3,30,2968,2977,batches/04_dynamics/v03-05_b0007.txt,batches/04_dynamics/v03-05_b0007.json,out/04_dynamics/v03-05_b0007.jsonl
full,4,dynamics,v03-05_b0008,10,3,30,2978,2987,batches/04_dynamics/v03-05_b0008.txt,batches/04_dynamics/v03-05_b0008.json,out/04_dynamics/v03-05_b0008.jsonl
full,4,dynamics,v03-05_b0009,10,3,30,2988,2997,batches/04_dynamics/v03-05_b0009.txt,batches/04_dynamics/v03-05_b0009.json,out/04_dynamics/v03-05_b0009.jsonl
full,4,dynamics,v03-05_b0010,10,3,30,2998,3007,batches/04_dynamics/v03-05_b0010.txt,batches/04_dynamics/v03-05_b0010.json,out/04_dynamics/v03-05_b0010.jsonl
full,4,dynamics,v03-05_b0011,10,3,30,3008,3017,batches/04_dynamics/v03-05_b0011.txt,batches/04_dynamics/v03-05_b0011.json,out/04_dynamics/v03-05_b0011.jsonl
full,4,dynamics,v03-05_b0012,10,3,30,3018,3027,batches/04_dynamics/v03-05_b0012.txt,batches/04_dynamics/v03-05_b0012.json,out/04_dynamics/v03-05_b0012.jsonl
full,4,dynamics,v03-05_b0013,10,3,30,3028,3037,batches/04_dynamics/v03-05_b0013.txt,batches/04_dynamics/v03-05_b0013.json,out/04_dynamics/v03-05_b0013.jsonl
full,4,dynamics,v03-05_b0014,10,3,30,3038,3047,batches/04_dynamics/v03-05_b0014.txt,batches/04_dynamics/v03-05_b0014.json,out/04_dynamics/v03-05_b0014.jsonl
full,4,dynamics,v03-05_b0015,10,3,30,3048,3057,batches/04_dynamics/v03-05_b0015.txt,batches/04_dynamics/v03-05_b0015.json,out/04_dynamics/v03-05_b0015.jsonl
full,4,dynamics,v03-05_b0016,10,3,30,3058,3067,batches/04_dynamics/v03-05_b0016.txt,batches/04_dynamics/v03-05_b0016.json,out/04_dynamics/v03-05_b0016.jsonl
full,4,dynamics,v03-05_b0017,10,3,30,3068,3077,batches/04_dynamics/v03-05_b0017.txt,batches/04_dynamics/v03-05_b0017.json,out/04_dynamics/v03-05_b0017.jsonl
full,4,dynamics,v03-05_b0018,10,3,30,3078,3087,batches/04_dynamics/v03-05_b0018.txt,batches/04_dynamics/v03-05_b0018.json,out/04_dynamics/v03-05_b0018.jsonl
full,4,dynamics,v03-05_b0019,10,3,30,3088,3097,batches/04_dynamics/v03-05_b0019.txt,batches/04_dynamics/v03-05_b0019.json,out/04_dynamics/v03-05_b0019.jsonl
full,4,dynamics,v03-05_b0020,10,3,30,3098,3107,batches/04_dynamics/v03-05_b0020.txt,batches/04_dynamics/v03-05_b0020.json,out/04_dynamics/v03-05_b0020.jsonl
full,4,dynamics,v03-05_b0021,10,3,30,3108,3117,batches/04_dynamics/v03-05_b0021.txt,batches/04_dynamics/v03-05_b0021.json,out/04_dynamics/v03-05_b0021.jsonl
full,4,dynamics,v03-05_b0022,10,3,30,3118,3127,batches/04_dynamics/v03-05_b0022.txt,batches/04_dynamics/v03-05_b0022.json,out/04_dynamics/v03-05_b0022.jsonl
full,4,dynamics,v03-05_b0023,10,3,30,3128,3137,batches/04_dynamics/v03-05_b0023.txt,batches/04_dynamics/v03-05_b0023.json,out/04_dynamics/v03-05_b0023.jsonl
full,4,dynamics,v03-05_b0024,10,3,30,3138,3147,batches/04_dynamics/v03-05_b0024.txt,batches/04_dynamics/v03-05_b0024.json,out/04_dynamics/v03-05_b0024.jsonl
full,4,dynamics,v03-05_b0025,10,3,30,3148,3157,batches/04_dynamics/v03-05_b0025.txt,batches/04_dynamics/v03-05_b0025.json,out/04_dynamics/v03-05_b0025.jsonl
full,4,dynamics,v03-05_b0026,10,3,30,3158,3167,batches/04_dynamics/v03-05_b0026.txt,batches/04_dynamics/v03-05_b0026.json,out/04_dynamics/v03-05_b0026.jsonl
full,4,dynamics,v03-05_b0027,10,3,30,3168,3177,batches/04_dynamics/v03-05_b0027.txt,batches/04_dynamics/v03-05_b0027.json,out/04_dynamics/v03-05_b0027.jsonl
full,4,dynamics,v03-05_b0028,10,3,30,3178,3187,batches/04_dynamics/v03-05_b0028.txt,batches/04_dynamics/v03-05_b0028.json,out/04_dynamics/v03-05_b0028.jsonl
full,4,dynamics,v03-05_b0029,10,3,30,3188,3197,batches/04_dynamics/v03-05_b0029.txt,batches/04_dynamics/v03-05_b0029.json,out/04_dynamics/v03-05_b0029.jsonl
full,4,dynamics,v03-05_b0030,10,3,30,3198,3207,batches/04_dynamics/v03-05_b0030.txt,batches/04_dynamics/v03-05_b0030.json,out/04_dynamics/v03-05_b0030.jsonl
full,4,dynamics,v03-05_b0031,10,3,30,3208,3217,batches/04_dynamics/v03-05_b0031.txt,batches/04_dynamics/v03-05_b0031.json,out/04_dynamics/v03-05_b0031.jsonl
full,4,dynamics,v03-05_b0032,10,3,30,3218,3227,batches/04_dynamics/v03-05_b0032.txt,batches/04_dynamics/v03-05_b0032.json,out/04_dynamics/v03-05_b0032.jsonl
full,4,dynamics,v03-05_b0033,10,3,30,3228,3237,batches/04_dynamics/v03-05_b0033.txt,batches/04_dynamics/v03-05_b0033.json,out/04_dynamics/v03-05_b0033.jsonl
full,4,dynamics,v03-05_b0034,10,3,30,3238,3247,batches/04_dynamics/v03-05_b0034.txt,batches/04_dynamics/v03-05_b0034.json,out/04_dynamics/v03-05_b0034.jsonl
full,4,dynamics,v03-05_b0035,10,3,30,3248,3257,batches/04_dynamics/v03-05_b0035.txt,batches/04_dynamics/v03-05_b0035.json,out/04_dynamics/v03-05_b0035.jsonl
full,4,dynamics,v03-05_b0036,10,3,30,3258,3267,batches/04_dynamics/v03-05_b0036.txt,batches/04_dynamics/v03-05_b0036.json,out/04_dynamics/v03-05_b0036.jsonl
full,4,dynamics,v03-05_b0037,10,3,30,3268,3277,batches/04_dynamics/v03-05_b0037.txt,batches/04_dynamics/v03-05_b0037.json,out/04_dynamics/v03-05_b0037.jsonl
full,4,dynamics,v03-05_b0038,10,3,30,3278,3287,batches/04_dynamics/v03-05_b0038.txt,batches/04_dynamics/v03-05_b0038.json,out/04_dynamics/v03-05_b0038.jsonl
full,4,dynamics,v03-05_b0039,10,3,30,3288,3297,batches/04_dynamics/v03-05_b0039.txt,batches/04_dynamics/v03-05_b0039.json,out/04_dynamics/v03-05_b0039.jsonl
full,4,dynamics,v03-05_b0040,10,3,30,3298,3307,batches/04_dynamics/v03-05_b0040.txt,batches/04_dynamics/v03-05_b0040.json,out/04_dynamics/v03-05_b0040.jsonl
full,4,dynamics,v03-05_b0041,10,3,30,3308,3317,batches/04_dynamics/v03-05_b0041.txt,batches/04_dynamics/v03-05_b0041.json,out/04_dynamics/v03-05_b0041.jsonl
full,4,dynamics,v03-05_b0042,10,3,30,3318,3327,batches/04_dynamics/v03-05_b0042.txt,batches/04_dynamics/v03-05_b0042.json,out/04_dynamics/v03-05_b0042.jsonl
full,4,dynamics,v03-05_b0043,10,3,30,3328,3337,batches/04_dynamics/v03-05_b0043.txt,batches/04_dynamics/v03-05_b0043.json,out/04_dynamics/v03-05_b0043.jsonl
full,4,dynamics,v03-05_b0044,10,3,30,3338,3347,batches/04_dynamics/v03-05_b0044.txt,batches/04_dynamics/v03-05_b0044.json,out/04_dynamics/v03-05_b0044.jsonl
full,4,dynamics,v03-05_b0045,1,3,3,3348,3348,batches/04_dynamics/v03-05_b0045.txt,batches/04_dynamics/v03-05_b0045.json,out/04_dynamics/v03-05_b0045.jsonl
full,4,dynamics,v06-06_b0001,10,1,10,2908,2917,batches/04_dynamics/v06-06_b0001.txt,batches/04_dynamics/v06-06_b0001.json,out/04_dynamics/v06-06_b0001.jsonl
full,4,dynamics,v06-06_b0002,10,1,10,2918,2927,batches/04_dynamics/v06-06_b0002.txt,batches/04_dynamics/v06-06_b0002.json,out/04_dynamics/v06-06_b0002.jsonl
full,4,dynamics,v06-06_b0003,10,1,10,2928,2937,batches/04_dynamics/v06-06_b0003.txt,batches/04_dynamics/v06-06_b0003.json,out/04_dynamics/v06-06_b0003.jsonl
full,4,dynamics,v06-06_b0004,10,1,10,2938,2947,batches/04_dynamics/v06-06_b0004.txt,batches/04_dynamics/v06-06_b0004.json,out/04_dynamics/v06-06_b0004.jsonl
full,4,dynamics,v06-06_b0005,10,1,10,2948,2957,batches/04_dynamics/v06-06_b0005.txt,batches/04_dynamics/v06-06_b0005.json,out/04_dynamics/v06-06_b0005.jsonl
full,4,dynamics,v06-06_b0006,10,1,10,2958,2967,batches/04_dynamics/v06-06_b0006.txt,batches/04_dynamics/v06-06_b0006.json,out/04_dynamics/v06-06_b0006.jsonl
full,4,dynamics,v06-06_b0007,10,1,10,2968,2977,batches/04_dynamics/v06-06_b0007.txt,batches/04_dynamics/v06-06_b0007.json,out/04_dynamics/v06-06_b0007.jsonl
full,4,dynamics,v06-06_b0008,10,1,10,2978,2987,batches/04_dynamics/v06-06_b0008.txt,batches/04_dynamics/v06-06_b0008.json,out/04_dynamics/v06-06_b0008.jsonl
full,4,dynamics,v06-06_b0009,10,1,10,2988,2997,batches/04_dynamics/v06-06_b0009.txt,batches/04_dynamics/v06-06_b0009.json,out/04_dynamics/v06-06_b0009.jsonl
full,4,dynamics,v06-06_b0010,10,1,10,2998,3007,batches/04_dynamics/v06-06_b0010.txt,batches/04_dynamics/v06-06_b0010.json,out/04_dynamics/v06-06_b0010.jsonl
full,4,dynamics,v06-06_b0011,10,1,10,3008,3017,batches/04_dynamics/v06-06_b0011.txt,batches/04_dynamics/v06-06_b0011.json,out/04_dynamics/v06-06_b0011.jsonl
full,4,dynamics,v06-06_b0012,10,1,10,3018,3027,batches/04_dynamics/v06-06_b0012.txt,batches/04_dynamics/v06-06_b0012.json,out/04_dynamics/v06-06_b0012.jsonl
full,4,dynamics,v06-06_b0013,10,1,10,3028,3037,batches/04_dynamics/v06-06_b0013.txt,batches/04_dynamics/v06-06_b0013.json,out/04_dynamics/v06-06_b0013.jsonl
full,4,dynamics,v06-06_b0014,10,1,10,3038,3047,batches/04_dynamics/v06-06_b0014.txt,batches/04_dynamics/v06-06_b0014.json,out/04_dynamics/v06-06_b0014.jsonl
full,4,dynamics,v06-06_b0015,10,1,10,3048,3057,batches/04_dynamics/v06-06_b0015.txt,batches/04_dynamics/v06-06_b0015.json,out/04_dynamics/v06-06_b0015.jsonl
full,4,dynamics,v06-06_b0016,10,1,10,3058,3067,batches/04_dynamics/v06-06_b0016.txt,batches/04_dynamics/v06-06_b0016.json,out/04_dynamics/v06-06_b0016.jsonl
full,4,dynamics,v06-06_b0017,10,1,10,3068,3077,batches/04_dynamics/v06-06_b0017.txt,batches/04_dynamics/v06-06_b0017.json,out/04_dynamics/v06-06_b0017.jsonl
full,4,dynamics,v06-06_b0018,10,1,10,3078,3087,batches/04_dynamics/v06-06_b0018.txt,batches/04_dynamics/v06-06_b0018.json,out/04_dynamics/v06-06_b0018.jsonl
full,4,dynamics,v06-06_b0019,10,1,10,3088,3097,batches/04_dynamics/v06-06_b0019.txt,batches/04_dynamics/v06-06_b0019.json,out/04_dynamics/v06-06_b0019.jsonl
full,4,dynamics,v06-06_b0020,10,1,10,3098,3107,batches/04_dynamics/v06-06_b0020.txt,batches/04_dynamics/v06-06_b0020.json,out/04_dynamics/v06-06_b0020.jsonl
full,4,dynamics,v06-06_b0021,10,1,10,3108,3117,batches/04_dynamics/v06-06_b0021.txt,batches/04_dynamics/v06-06_b0021.json,out/04_dynamics/v06-06_b0021.jsonl
full,4,dynamics,v06-06_b0022,10,1,10,3118,3127,batches/04_dynamics/v06-06_b0022.txt,batches/04_dynamics/v06-06_b0022.json,out/04_dynamics/v06-06_b0022.jsonl
full,4,dynamics,v06-06_b0023,10,1,10,3128,3137,batches/04_dynamics/v06-06_b0023.txt,batches/04_dynamics/v06-06_b0023.json,out/04_dynamics/v06-06_b0023.jsonl
full,4,dynamics,v06-06_b0024,10,1,10,3138,3147,batches/04_dynamics/v06-06_b0024.txt,batches/04_dynamics/v06-06_b0024.json,out/04_dynamics/v06-06_b0024.jsonl
full,4,dynamics,v06-06_b0025,10,1,10,3148,3157,batches/04_dynamics/v06-06_b0025.txt,batches/04_dynamics/v06-06_b0025.json,out/04_dynamics/v06-06_b0025.jsonl
full,4,dynamics,v06-06_b0026,10,1,10,3158,3167,batches/04_dynamics/v06-06_b0026.txt,batches/04_dynamics/v06-06_b0026.json,out/04_dynamics/v06-06_b0026.jsonl
full,4,dynamics,v06-06_b0027,10,1,10,3168,3177,batches/04_dynamics/v06-06_b0027.txt,batches/04_dynamics/v06-06_b0027.json,out/04_dynamics/v06-06_b0027.jsonl
full,4,dynamics,v06-06_b0028,10,1,10,3178,3187,batches/04_dynamics/v06-06_b0028.txt,batches/04_dynamics/v06-06_b0028.json,out/04_dynamics/v06-06_b0028.jsonl
full,4,dynamics,v06-06_b0029,10,1,10,3188,3197,batches/04_dynamics/v06-06_b0029.txt,batches/04_dynamics/v06-06_b0029.json,out/04_dynamics/v06-06_b0029.jsonl
full,4,dynamics,v06-06_b0030,10,1,10,3198,3207,batches/04_dynamics/v06-06_b0030.txt,batches/04_dynamics/v06-06_b0030.json,out/04_dynamics/v06-06_b0030.jsonl
full,4,dynamics,v06-06_b0031,10,1,10,3208,3217,batches/04_dynamics/v06-06_b0031.txt,batches/04_dynamics/v06-06_b0031.json,out/04_dynamics/v06-06_b0031.jsonl
full,4,dynamics,v06-06_b0032,10,1,10,3218,3227,batches/04_dynamics/v06-06_b0032.txt,batches/04_dynamics/v06-06_b0032.json,out/04_dynamics/v06-06_b0032.jsonl
full,4,dynamics,v06-06_b0033,10,1,10,3228,3237,batches/04_dynamics/v06-06_b0033.txt,batches/04_dynamics/v06-06_b0033.json,out/04_dynamics/v06-06_b0033.jsonl
full,4,dynamics,v06-06_b0034,10,1,10,3238,3247,batches/04_dynamics/v06-06_b0034.txt,batches/04_dynamics/v06-06_b0034.json,out/04_dynamics/v06-06_b0034.jsonl
full,4,dynamics,v06-06_b0035,10,1,10,3248,3257,batches/04_dynamics/v06-06_b0035.txt,batches/04_dynamics/v06-06_b0035.json,out/04_dynamics/v06-06_b0035.jsonl
full,4,dynamics,v06-06_b0036,10,1,10,3258,3267,batches/04_dynamics/v06-06_b0036.txt,batches/04_dynamics/v06-06_b0036.json,out/04_dynamics/v06-06_b0036.jsonl
full,4,dynamics,v06-06_b0037,10,1,10,3268,3277,batches/04_dynamics/v06-06_b0037.txt,batches/04_dynamics/v06-06_b0037.json,out/04_dynamics/v06-06_b0037.jsonl
full,4,dynamics,v06-06_b0038,10,1,10,3278,3287,batches/04_dynamics/v06-06_b0038.txt,batches/04_dynamics/v06-06_b0038.json,out/04_dynamics/v06-06_b0038.jsonl
full,4,dynamics,v06-06_b0039,10,1,10,3288,3297,batches/04_dynamics/v06-06_b0039.txt,batches/04_dynamics/v06-06_b0039.json,out/04_dynamics/v06-06_b0039.jsonl
full,4,dynamics,v06-06_b0040,10,1,10,3298,3307,batches/04_dynamics/v06-06_b0040.txt,batches/04_dynamics/v06-06_b0040.json,out/04_dynamics/v06-06_b0040.jsonl
full,4,dynamics,v06-06_b0041,10,1,10,3308,3317,batches/04_dynamics/v06-06_b0041.txt,batches/04_dynamics/v06-06_b0041.json,out/04_dynamics/v06-06_b0041.jsonl
full,4,dynamics,v06-06_b0042,10,1,10,3318,3327,batches/04_dynamics/v06-06_b0042.txt,batches/04_dynamics/v06-06_b0042.json,out/04_dynamics/v06-06_b0042.jsonl
full,4,dynamics,v06-06_b0043,10,1,10,3328,3337,batches/04_dynamics/v06-06_b0043.txt,batches/04_dynamics/v06-06_b0043.json,out/04_dynamics/v06-06_b0043.jsonl
full,4,dynamics,v06-06_b0044,10,1,10,3338,3347,batches/04_dynamics/v06-06_b0044.txt,batches/04_dynamics/v06-06_b0044.json,out/04_dynamics/v06-06_b0044.jsonl
full,4,dynamics,v06-06_b0045,1,1,1,3348,3348,batches/04_dynamics/v06-06_b0045.txt,batches/04_dynamics/v06-06_b0045.json,out/04_dynamics/v06-06_b0045.jsonl
full,5,cognitive,v06-08_b0001,10,3,30,3570,3579,batches/05_cognitive/v06-08_b0001.txt,batches/05_cognitive/v06-08_b0001.json,out/05_cognitive/v06-08_b0001.jsonl
full,5,cognitive,v06-08_b0002,10,3,30,3580,3589,batches/05_cognitive/v06-08_b0002.txt,batches/05_cognitive/v06-08_b0002.json,out/05_cognitive/v06-08_b0002.jsonl
full,5,cognitive,v06-08_b0003,10,3,30,3590,3599,batches/05_cognitive/v06-08_b0003.txt,batches/05_cognitive/v06-08_b0003.json,out/05_cognitive/v06-08_b0003.jsonl
full,5,cognitive,v06-08_b0004,10,3,30,3600,3609,batches/05_cognitive/v06-08_b0004.txt,batches/05_cognitive/v06-08_b0004.json,out/05_cognitive/v06-08_b0004.jsonl
full,5,cognitive,v06-08_b0005,10,3,30,3610,3619,batches/05_cognitive/v06-08_b0005.txt,batches/05_cognitive/v06-08_b0005.json,out/05_cognitive/v06-08_b0005.jsonl
full,5,cognitive,v06-08_b0006,10,3,30,3620,3629,batches/05_cognitive/v06-08_b0006.txt,batches/05_cognitive/v06-08_b0006.json,out/05_cognitive/v06-08_b0006.jsonl
full,5,cognitive,v06-08_b0007,10,3,30,3630,3639,batches/05_cognitive/v06-08_b0007.txt,batches/05_cognitive/v06-08_b0007.json,out/05_cognitive/v06-08_b0007.jsonl
full,5,cognitive,v06-08_b0008,10,3,30,3640,3649,batches/05_cognitive/v06-08_b0008.txt,batches/05_cognitive/v06-08_b0008.json,out/05_cognitive/v06-08_b0008.jsonl
full,5,cognitive,v06-08_b0009,10,3,30,3650,3659,batches/05_cognitive/v06-08_b0009.txt,batches/05_cognitive/v06-08_b0009.json,out/05_cognitive/v06-08_b0009.jsonl
full,5,cognitive,v06-08_b0010,10,3,30,3660,3669,batches/05_cognitive/v06-08_b0010.txt,batches/05_cognitive/v06-08_b0010.json,out/05_cognitive/v06-08_b0010.jsonl
full,5,cognitive,v06-08_b0011,10,3,30,3670,3679,batches/05_cognitive/v06-08_b0011.txt,batches/05_cognitive/v06-08_b0011.json,out/05_cognitive/v06-08_b0011.jsonl
full,5,cognitive,v06-08_b0012,10,3,30,3680,3689,batches/05_cognitive/v06-08_b0012.txt,batches/05_cognitive/v06-08_b0012.json,out/05_cognitive/v06-08_b0012.jsonl
full,5,cognitive,v06-08_b0013,10,3,30,3690,3699,batches/05_cognitive/v06-08_b0013.txt,batches/05_cognitive/v06-08_b0013.json,out/05_cognitive/v06-08_b0013.jsonl
full,5,cognitive,v06-08_b0014,10,3,30,3700,3709,batches/05_cognitive/v06-08_b0014.txt,batches/05_cognitive/v06-08_b0014.json,out/05_cognitive/v06-08_b0014.jsonl
full,5,cognitive,v06-08_b0015,10,3,30,3710,3719,batches/05_cognitive/v06-08_b0015.txt,batches/05_cognitive/v06-08_b0015.json,out/05_cognitive/v06-08_b0015.jsonl
full,5,cognitive,v06-08_b0016,10,3,30,3720,3729,batches/05_cognitive/v06-08_b0016.txt,batches/05_cognitive/v06-08_b0016.json,out/05_cognitive/v06-08_b0016.jsonl
full,5,cognitive,v06-08_b0017,10,3,30,3730,3739,batches/05_cognitive/v06-08_b0017.txt,batches/05_cognitive/v06-08_b0017.json,out/05_cognitive/v06-08_b0017.jsonl
full,5,cognitive,v06-08_b0018,10,3,30,3740,3749,batches/05_cognitive/v06-08_b0018.txt,batches/05_cognitive/v06-08_b0018.json,out/05_cognitive/v06-08_b0018.jsonl
full,5,cognitive,v06-08_b0019,10,3,30,3750,3759,batches/05_cognitive/v06-08_b0019.txt,batches/05_cognitive/v06-08_b0019.json,out/05_cognitive/v06-08_b0019.jsonl
full,5,cognitive,v06-08_b0020,10,3,30,3760,3769,batches/05_cognitive/v06-08_b0020.txt,batches/05_cognitive/v06-08_b0020.json,out/05_cognitive/v06-08_b0020.jsonl
full,5,cognitive,v06-08_b0021,10,3,30,3770,3779,batches/05_cognitive/v06-08_b0021.txt,batches/05_cognitive/v06-08_b0021.json,out/05_cognitive/v06-08_b0021.jsonl
full,5,cognitive,v06-08_b0022,10,3,30,3780,3789,batches/05_cognitive/v06-08_b0022.txt,batches/05_cognitive/v06-08_b0022.json,out/05_cognitive/v06-08_b0022.jsonl
full,5,cognitive,v06-08_b0023,10,3,30,3790,3799,batches/05_cognitive/v06-08_b0023.txt,batches/05_cognitive/v06-08_b0023.json,out/05_cognitive/v06-08_b0023.jsonl
full,5,cognitive,v06-08_b0024,10,3,30,3800,3809,batches/05_cognitive/v06-08_b0024.txt,batches/05_cognitive/v06-08_b0024.json,out/05_cognitive/v06-08_b0024.jsonl
full,5,cognitive,v06-08_b0025,10,3,30,3810,3819,batches/05_cognitive/v06-08_b0025.txt,batches/05_cognitive/v06-08_b0025.json,out/05_cognitive/v06-08_b0025.jsonl
full,5,cognitive,v06-08_b0026,10,3,30,3820,3829,batches/05_cognitive/v06-08_b0026.txt,batches/05_cognitive/v06-08_b0026.json,out/05_cognitive/v06-08_b0026.jsonl
full,5,cognitive,v06-08_b0027,10,3,30,3830,3839,batches/05_cognitive/v06-08_b0027.txt,batches/05_cognitive/v06-08_b0027.json,out/05_cognitive/v06-08_b0027.jsonl
full,5,cognitive,v06-08_b0028,10,3,30,3840,3849,batches/05_cognitive/v06-08_b0028.txt,batches/05_cognitive/v06-08_b0028.json,out/05_cognitive/v06-08_b0028.jsonl
full,5,cognitive,v06-08_b0029,10,3,30,3850,3859,batches/05_cognitive/v06-08_b0029.txt,batches/05_cognitive/v06-08_b0029.json,out/05_cognitive/v06-08_b0029.jsonl
full,5,cognitive,v06-08_b0030,10,3,30,3860,3869,batches/05_cognitive/v06-08_b0030.txt,batches/05_cognitive/v06-08_b0030.json,out/05_cognitive/v06-08_b0030.jsonl
full,5,cognitive,v06-08_b0031,10,3,30,3870,3879,batches/05_cognitive/v06-08_b0031.txt,batches/05_cognitive/v06-08_b0031.json,out/05_cognitive/v06-08_b0031.jsonl
full,5,cognitive,v06-08_b0032,10,3,30,3880,3889,batches/05_cognitive/v06-08_b0032.txt,batches/05_cognitive/v06-08_b0032.json,out/05_cognitive/v06-08_b0032.jsonl
full,5,cognitive,v06-08_b0033,10,3,30,3890,3899,batches/05_cognitive/v06-08_b0033.txt,batches/05_cognitive/v06-08_b0033.json,out/05_cognitive/v06-08_b0033.jsonl
full,5,cognitive,v06-08_b0034,10,3,30,3900,3909,batches/05_cognitive/v06-08_b0034.txt,batches/05_cognitive/v06-08_b0034.json,out/05_cognitive/v06-08_b0034.jsonl
full,5,cognitive,v06-08_b0035,10,3,30,3910,3919,batches/05_cognitive/v06-08_b0035.txt,batches/05_cognitive/v06-08_b0035.json,out/05_cognitive/v06-08_b0035.jsonl
full,5,cognitive,v06-08_b0036,10,3,30,3920,3929,batches/05_cognitive/v06-08_b0036.txt,batches/05_cognitive/v06-08_b0036.json,out/05_cognitive/v06-08_b0036.jsonl
full,5,cognitive,v06-08_b0037,10,3,30,3930,3939,batches/05_cognitive/v06-08_b0037.txt,batches/05_cognitive/v06-08_b0037.json,out/05_cognitive/v06-08_b0037.jsonl
full,5,cognitive,v06-08_b0038,10,3,30,3940,3949,batches/05_cognitive/v06-08_b0038.txt,batches/05_cognitive/v06-08_b0038.json,out/05_cognitive/v06-08_b0038.jsonl
full,5,cognitive,v06-08_b0039,10,3,30,3950,3959,batches/05_cognitive/v06-08_b0039.txt,batches/05_cognitive/v06-08_b0039.json,out/05_cognitive/v06-08_b0039.jsonl
full,5,cognitive,v06-08_b0040,10,3,30,3960,3969,batches/05_cognitive/v06-08_b0040.txt,batches/05_cognitive/v06-08_b0040.json,out/05_cognitive/v06-08_b0040.jsonl
full,5,cognitive,v06-08_b0041,10,3,30,3970,3979,batches/05_cognitive/v06-08_b0041.txt,batches/05_cognitive/v06-08_b0041.json,out/05_cognitive/v06-08_b0041.jsonl
full,5,cognitive,v06-08_b0042,10,3,30,3980,3989,batches/05_cognitive/v06-08_b0042.txt,batches/05_cognitive/v06-08_b0042.json,out/05_cognitive/v06-08_b0042.jsonl
full,5,cognitive,v06-08_b0043,10,3,30,3990,3999,batches/05_cognitive/v06-08_b0043.txt,batches/05_cognitive/v06-08_b0043.json,out/05_cognitive/v06-08_b0043.jsonl
full,5,cognitive,v06-08_b0044,10,3,30,4000,4009,batches/05_cognitive/v06-08_b0044.txt,batches/05_cognitive/v06-08_b0044.json,out/05_cognitive/v06-08_b0044.jsonl
full,5,cognitive,v06-08_b0045,10,3,30,4010,4019,batches/05_cognitive/v06-08_b0045.txt,batches/05_cognitive/v06-08_b0045.json,out/05_cognitive/v06-08_b0045.jsonl
full,5,cognitive,v06-08_b0046,10,3,30,4020,4029,batches/05_cognitive/v06-08_b0046.txt,batches/05_cognitive/v06-08_b0046.json,out/05_cognitive/v06-08_b0046.jsonl
full,5,cognitive,v06-08_b0047,10,3,30,4030,4039,batches/05_cognitive/v06-08_b0047.txt,batches/05_cognitive/v06-08_b0047.json,out/05_cognitive/v06-08_b0047.jsonl
full,5,cognitive,v06-08_b0048,10,3,30,4040,4049,batches/05_cognitive/v06-08_b0048.txt,batches/05_cognitive/v06-08_b0048.json,out/05_cognitive/v06-08_b0048.jsonl
full,5,cognitive,v06-08_b0049,10,3,30,4050,4059,batches/05_cognitive/v06-08_b0049.txt,batches/05_cognitive/v06-08_b0049.json,out/05_cognitive/v06-08_b0049.jsonl
full,5,cognitive,v06-08_b0050,10,3,30,4060,4069,batches/05_cognitive/v06-08_b0050.txt,batches/05_cognitive/v06-08_b0050.json,out/05_cognitive/v06-08_b0050.jsonl
full,5,cognitive,v06-08_b0051,10,3,30,4070,4079,batches/05_cognitive/v06-08_b0051.txt,batches/05_cognitive/v06-08_b0051.json,out/05_cognitive/v06-08_b0051.jsonl
full,5,cognitive,v06-08_b0052,10,3,30,4080,4089,batches/05_cognitive/v06-08_b0052.txt,batches/05_cognitive/v06-08_b0052.json,out/05_cognitive/v06-08_b0052.jsonl
full,5,cognitive,v06-08_b0053,10,3,30,4090,4099,batches/05_cognitive/v06-08_b0053.txt,batches/05_cognitive/v06-08_b0053.json,out/05_cognitive/v06-08_b0053.jsonl
full,5,cognitive,v06-08_b0054,10,3,30,4100,4109,batches/05_cognitive/v06-08_b0054.txt,batches/05_cognitive/v06-08_b0054.json,out/05_cognitive/v06-08_b0054.jsonl
full,5,cognitive,v06-08_b0055,9,3,27,4110,4118,batches/05_cognitive/v06-08_b0055.txt,batches/05_cognitive/v06-08_b0055.json,out/05_cognitive/v06-08_b0055.jsonl
full,5,cognitive,v09-11_b0001,10,3,30,3570,3579,batches/05_cognitive/v09-11_b0001.txt,batches/05_cognitive/v09-11_b0001.json,out/05_cognitive/v09-11_b0001.jsonl
full,5,cognitive,v09-11_b0002,10,3,30,3580,3589,batches/05_cognitive/v09-11_b0002.txt,batches/05_cognitive/v09-11_b0002.json,out/05_cognitive/v09-11_b0002.jsonl
full,5,cognitive,v09-11_b0003,10,3,30,3590,3599,batches/05_cognitive/v09-11_b0003.txt,batches/05_cognitive/v09-11_b0003.json,out/05_cognitive/v09-11_b0003.jsonl
full,5,cognitive,v09-11_b0004,10,3,30,3600,3609,batches/05_cognitive/v09-11_b0004.txt,batches/05_cognitive/v09-11_b0004.json,out/05_cognitive/v09-11_b0004.jsonl
full,5,cognitive,v09-11_b0005,10,3,30,3610,3619,batches/05_cognitive/v09-11_b0005.txt,batches/05_cognitive/v09-11_b0005.json,out/05_cognitive/v09-11_b0005.jsonl
full,5,cognitive,v09-11_b0006,10,3,30,3620,3629,batches/05_cognitive/v09-11_b0006.txt,batches/05_cognitive/v09-11_b0006.json,out/05_cognitive/v09-11_b0006.jsonl
full,5,cognitive,v09-11_b0007,10,3,30,3630,3639,batches/05_cognitive/v09-11_b0007.txt,batches/05_cognitive/v09-11_b0007.json,out/05_cognitive/v09-11_b0007.jsonl
full,5,cognitive,v09-11_b0008,10,3,30,3640,3649,batches/05_cognitive/v09-11_b0008.txt,batches/05_cognitive/v09-11_b0008.json,out/05_cognitive/v09-11_b0008.jsonl
full,5,cognitive,v09-11_b0009,10,3,30,3650,3659,batches/05_cognitive/v09-11_b0009.txt,batches/05_cognitive/v09-11_b0009.json,out/05_cognitive/v09-11_b0009.jsonl
full,5,cognitive,v09-11_b0010,10,3,30,3660,3669,batches/05_cognitive/v09-11_b0010.txt,batches/05_cognitive/v09-11_b0010.json,out/05_cognitive/v09-11_b0010.jsonl
full,5,cognitive,v09-11_b0011,10,3,30,3670,3679,batches/05_cognitive/v09-11_b0011.txt,batches/05_cognitive/v09-11_b0011.json,out/05_cognitive/v09-11_b0011.jsonl
full,5,cognitive,v09-11_b0012,10,3,30,3680,3689,batches/05_cognitive/v09-11_b0012.txt,batches/05_cognitive/v09-11_b0012.json,out/05_cognitive/v09-11_b0012.jsonl
full,5,cognitive,v09-11_b0013,10,3,30,3690,3699,batches/05_cognitive/v09-11_b0013.txt,batches/05_cognitive/v09-11_b0013.json,out/05_cognitive/v09-11_b0013.jsonl
full,5,cognitive,v09-11_b0014,10,3,30,3700,3709,batches/05_cognitive/v09-11_b0014.txt,batches/05_cognitive/v09-11_b0014.json,out/05_cognitive/v09-11_b0014.jsonl
full,5,cognitive,v09-11_b0015,10,3,30,3710,3719,batches/05_cognitive/v09-11_b0015.txt,batches/05_cognitive/v09-11_b0015.json,out/05_cognitive/v09-11_b0015.jsonl
full,5,cognitive,v09-11_b0016,10,3,30,3720,3729,batches/05_cognitive/v09-11_b0016.txt,batches/05_cognitive/v09-11_b0016.json,out/05_cognitive/v09-11_b0016.jsonl
full,5,cognitive,v09-11_b0017,10,3,30,3730,3739,batches/05_cognitive/v09-11_b0017.txt,batches/05_cognitive/v09-11_b0017.json,out/05_cognitive/v09-11_b0017.jsonl
full,5,cognitive,v09-11_b0018,10,3,30,3740,3749,batches/05_cognitive/v09-11_b0018.txt,batches/05_cognitive/v09-11_b0018.json,out/05_cognitive/v09-11_b0018.jsonl
full,5,cognitive,v09-11_b0019,10,3,30,3750,3759,batches/05_cognitive/v09-11_b0019.txt,batches/05_cognitive/v09-11_b0019.json,out/05_cognitive/v09-11_b0019.jsonl
full,5,cognitive,v09-11_b0020,10,3,30,3760,3769,batches/05_cognitive/v09-11_b0020.txt,batches/05_cognitive/v09-11_b0020.json,out/05_cognitive/v09-11_b0020.jsonl
full,5,cognitive,v09-11_b0021,10,3,30,3770,3779,batches/05_cognitive/v09-11_b0021.txt,batches/05_cognitive/v09-11_b0021.json,out/05_cognitive/v09-11_b0021.jsonl
full,5,cognitive,v09-11_b0022,10,3,30,3780,3789,batches/05_cognitive/v09-11_b0022.txt,batches/05_cognitive/v09-11_b0022.json,out/05_cognitive/v09-11_b0022.jsonl
full,5,cognitive,v09-11_b0023,10,3,30,3790,3799,batches/05_cognitive/v09-11_b0023.txt,batches/05_cognitive/v09-11_b0023.json,out/05_cognitive/v09-11_b0023.jsonl
full,5,cognitive,v09-11_b0024,10,3,30,3800,3809,batches/05_cognitive/v09-11_b0024.txt,batches/05_cognitive/v09-11_b0024.json,out/05_cognitive/v09-11_b0024.jsonl
full,5,cognitive,v09-11_b0025,10,3,30,3810,3819,batches/05_cognitive/v09-11_b0025.txt,batches/05_cognitive/v09-11_b0025.json,out/05_cognitive/v09-11_b0025.jsonl
full,5,cognitive,v09-11_b0026,10,3,30,3820,3829,batches/05_cognitive/v09-11_b0026.txt,batches/05_cognitive/v09-11_b0026.json,out/05_cognitive/v09-11_b0026.jsonl
full,5,cognitive,v09-11_b0027,10,3,30,3830,3839,batches/05_cognitive/v09-11_b0027.txt,batches/05_cognitive/v09-11_b0027.json,out/05_cognitive/v09-11_b0027.jsonl
full,5,cognitive,v09-11_b0028,10,3,30,3840,3849,batches/05_cognitive/v09-11_b0028.txt,batches/05_cognitive/v09-11_b0028.json,out/05_cognitive/v09-11_b0028.jsonl
full,5,cognitive,v09-11_b0029,10,3,30,3850,3859,batches/05_cognitive/v09-11_b0029.txt,batches/05_cognitive/v09-11_b0029.json,out/05_cognitive/v09-11_b0029.jsonl
full,5,cognitive,v09-11_b0030,10,3,30,3860,3869,batches/05_cognitive/v09-11_b0030.txt,batches/05_cognitive/v09-11_b0030.json,out/05_cognitive/v09-11_b0030.jsonl
full,5,cognitive,v09-11_b0031,10,3,30,3870,3879,batches/05_cognitive/v09-11_b0031.txt,batches/05_cognitive/v09-11_b0031.json,out/05_cognitive/v09-11_b0031.jsonl
full,5,cognitive,v09-11_b0032,10,3,30,3880,3889,batches/05_cognitive/v09-11_b0032.txt,batches/05_cognitive/v09-11_b0032.json,out/05_cognitive/v09-11_b0032.jsonl
full,5,cognitive,v09-11_b0033,10,3,30,3890,3899,batches/05_cognitive/v09-11_b0033.txt,batches/05_cognitive/v09-11_b0033.json,out/05_cognitive/v09-11_b0033.jsonl
full,5,cognitive,v09-11_b0034,10,3,30,3900,3909,batches/05_cognitive/v09-11_b0034.txt,batches/05_cognitive/v09-11_b0034.json,out/05_cognitive/v09-11_b0034.jsonl
full,5,cognitive,v09-11_b0035,10,3,30,3910,3919,batches/05_cognitive/v09-11_b0035.txt,batches/05_cognitive/v09-11_b0035.json,out/05_cognitive/v09-11_b0035.jsonl
full,5,cognitive,v09-11_b0036,10,3,30,3920,3929,batches/05_cognitive/v09-11_b0036.txt,batches/05_cognitive/v09-11_b0036.json,out/05_cognitive/v09-11_b0036.jsonl
full,5,cognitive,v09-11_b0037,10,3,30,3930,3939,batches/05_cognitive/v09-11_b0037.txt,batches/05_cognitive/v09-11_b0037.json,out/05_cognitive/v09-11_b0037.jsonl
full,5,cognitive,v09-11_b0038,10,3,30,3940,3949,batches/05_cognitive/v09-11_b0038.txt,batches/05_cognitive/v09-11_b0038.json,out/05_cognitive/v09-11_b0038.jsonl
full,5,cognitive,v09-11_b0039,10,3,30,3950,3959,batches/05_cognitive/v09-11_b0039.txt,batches/05_cognitive/v09-11_b0039.json,out/05_cognitive/v09-11_b0039.jsonl
full,5,cognitive,v09-11_b0040,10,3,30,3960,3969,batches/05_cognitive/v09-11_b0040.txt,batches/05_cognitive/v09-11_b0040.json,out/05_cognitive/v09-11_b0040.jsonl
full,5,cognitive,v09-11_b0041,10,3,30,3970,3979,batches/05_cognitive/v09-11_b0041.txt,batches/05_cognitive/v09-11_b0041.json,out/05_cognitive/v09-11_b0041.jsonl
full,5,cognitive,v09-11_b0042,10,3,30,3980,3989,batches/05_cognitive/v09-11_b0042.txt,batches/05_cognitive/v09-11_b0042.json,out/05_cognitive/v09-11_b0042.jsonl
full,5,cognitive,v09-11_b0043,10,3,30,3990,3999,batches/05_cognitive/v09-11_b0043.txt,batches/05_cognitive/v09-11_b0043.json,out/05_cognitive/v09-11_b0043.jsonl
full,5,cognitive,v09-11_b0044,10,3,30,4000,4009,batches/05_cognitive/v09-11_b0044.txt,batches/05_cognitive/v09-11_b0044.json,out/05_cognitive/v09-11_b0044.jsonl
full,5,cognitive,v09-11_b0045,10,3,30,4010,4019,batches/05_cognitive/v09-11_b0045.txt,batches/05_cognitive/v09-11_b0045.json,out/05_cognitive/v09-11_b0045.jsonl
full,5,cognitive,v09-11_b0046,10,3,30,4020,4029,batches/05_cognitive/v09-11_b0046.txt,batches/05_cognitive/v09-11_b0046.json,out/05_cognitive/v09-11_b0046.jsonl
full,5,cognitive,v09-11_b0047,10,3,30,4030,4039,batches/05_cognitive/v09-11_b0047.txt,batches/05_cognitive/v09-11_b0047.json,out/05_cognitive/v09-11_b0047.jsonl
full,5,cognitive,v09-11_b0048,10,3,30,4040,4049,batches/05_cognitive/v09-11_b0048.txt,batches/05_cognitive/v09-11_b0048.json,out/05_cognitive/v09-11_b0048.jsonl
full,5,cognitive,v09-11_b0049,10,3,30,4050,4059,batches/05_cognitive/v09-11_b0049.txt,batches/05_cognitive/v09-11_b0049.json,out/05_cognitive/v09-11_b0049.jsonl
full,5,cognitive,v09-11_b0050,10,3,30,4060,4069,batches/05_cognitive/v09-11_b0050.txt,batches/05_cognitive/v09-11_b0050.json,out/05_cognitive/v09-11_b0050.jsonl
full,5,cognitive,v09-11_b0051,10,3,30,4070,4079,batches/05_cognitive/v09-11_b0051.txt,batches/05_cognitive/v09-11_b0051.json,out/05_cognitive/v09-11_b0051.jsonl
full,5,cognitive,v09-11_b0052,10,3,30,4080,4089,batches/05_cognitive/v09-11_b0052.txt,batches/05_cognitive/v09-11_b0052.json,out/05_cognitive/v09-11_b0052.jsonl
full,5,cognitive,v09-11_b0053,10,3,30,4090,4099,batches/05_cognitive/v09-11_b0053.txt,batches/05_cognitive/v09-11_b0053.json,out/05_cognitive/v09-11_b0053.jsonl
full,5,cognitive,v09-11_b0054,10,3,30,4100,4109,batches/05_cognitive/v09-11_b0054.txt,batches/05_cognitive/v09-11_b0054.json,out/05_cognitive/v09-11_b0054.jsonl
full,5,cognitive,v09-11_b0055,9,3,27,4110,4118,batches/05_cognitive/v09-11_b0055.txt,batches/05_cognitive/v09-11_b0055.json,out/05_cognitive/v09-11_b0055.jsonl
full,5,cognitive,v12-14_b0001,10,3,30,3570,3579,batches/05_cognitive/v12-14_b0001.txt,batches/05_cognitive/v12-14_b0001.json,out/05_cognitive/v12-14_b0001.jsonl
full,5,cognitive,v12-14_b0002,10,3,30,3580,3589,batches/05_cognitive/v12-14_b0002.txt,batches/05_cognitive/v12-14_b0002.json,out/05_cognitive/v12-14_b0002.jsonl
full,5,cognitive,v12-14_b0003,10,3,30,3590,3599,batches/05_cognitive/v12-14_b0003.txt,batches/05_cognitive/v12-14_b0003.json,out/05_cognitive/v12-14_b0003.jsonl
full,5,cognitive,v12-14_b0004,10,3,30,3600,3609,batches/05_cognitive/v12-14_b0004.txt,batches/05_cognitive/v12-14_b0004.json,out/05_cognitive/v12-14_b0004.jsonl
full,5,cognitive,v12-14_b0005,10,3,30,3610,3619,batches/05_cognitive/v12-14_b0005.txt,batches/05_cognitive/v12-14_b0005.json,out/05_cognitive/v12-14_b0005.jsonl
full,5,cognitive,v12-14_b0006,10,3,30,3620,3629,batches/05_cognitive/v12-14_b0006.txt,batches/05_cognitive/v12-14_b0006.json,out/05_cognitive/v12-14_b0006.jsonl
full,5,cognitive,v12-14_b0007,10,3,30,3630,3639,batches/05_cognitive/v12-14_b0007.txt,batches/05_cognitive/v12-14_b0007.json,out/05_cognitive/v12-14_b0007.jsonl
full,5,cognitive,v12-14_b0008,10,3,30,3640,3649,batches/05_cognitive/v12-14_b0008.txt,batches/05_cognitive/v12-14_b0008.json,out/05_cognitive/v12-14_b0008.jsonl
full,5,cognitive,v12-14_b0009,10,3,30,3650,3659,batches/05_cognitive/v12-14_b0009.txt,batches/05_cognitive/v12-14_b0009.json,out/05_cognitive/v12-14_b0009.jsonl
full,5,cognitive,v12-14_b0010,10,3,30,3660,3669,batches/05_cognitive/v12-14_b0010.txt,batches/05_cognitive/v12-14_b0010.json,out/05_cognitive/v12-14_b0010.jsonl
full,5,cognitive,v12-14_b0011,10,3,30,3670,3679,batches/05_cognitive/v12-14_b0011.txt,batches/05_cognitive/v12-14_b0011.json,out/05_cognitive/v12-14_b0011.jsonl
full,5,cognitive,v12-14_b0012,10,3,30,3680,3689,batches/05_cognitive/v12-14_b0012.txt,batches/05_cognitive/v12-14_b0012.json,out/05_cognitive/v12-14_b0012.jsonl
full,5,cognitive,v12-14_b0013,10,3,30,3690,3699,batches/05_cognitive/v12-14_b0013.txt,batches/05_cognitive/v12-14_b0013.json,out/05_cognitive/v12-14_b0013.jsonl
full,5,cognitive,v12-14_b0014,10,3,30,3700,3709,batches/05_cognitive/v12-14_b0014.txt,batches/05_cognitive/v12-14_b0014.json,out/05_cognitive/v12-14_b0014.jsonl
full,5,cognitive,v12-14_b0015,10,3,30,3710,3719,batches/05_cognitive/v12-14_b0015.txt,batches/05_cognitive/v12-14_b0015.json,out/05_cognitive/v12-14_b0015.jsonl
full,5,cognitive,v12-14_b0016,10,3,30,3720,3729,batches/05_cognitive/v12-14_b0016.txt,batches/05_cognitive/v12-14_b0016.json,out/05_cognitive/v12-14_b0016.jsonl
full,5,cognitive,v12-14_b0017,10,3,30,3730,3739,batches/05_cognitive/v12-14_b0017.txt,batches/05_cognitive/v12-14_b0017.json,out/05_cognitive/v12-14_b0017.jsonl
full,5,cognitive,v12-14_b0018,10,3,30,3740,3749,batches/05_cognitive/v12-14_b0018.txt,batches/05_cognitive/v12-14_b0018.json,out/05_cognitive/v12-14_b0018.jsonl
full,5,cognitive,v12-14_b0019,10,3,30,3750,3759,batches/05_cognitive/v12-14_b0019.txt,batches/05_cognitive/v12-14_b0019.json,out/05_cognitive/v12-14_b0019.jsonl
full,5,cognitive,v12-14_b0020,10,3,30,3760,3769,batches/05_cognitive/v12-14_b0020.txt,batches/05_cognitive/v12-14_b0020.json,out/05_cognitive/v12-14_b0020.jsonl
full,5,cognitive,v12-14_b0021,10,3,30,3770,3779,batches/05_cognitive/v12-14_b0021.txt,batches/05_cognitive/v12-14_b0021.json,out/05_cognitive/v12-14_b0021.jsonl
full,5,cognitive,v12-14_b0022,10,3,30,3780,3789,batches/05_cognitive/v12-14_b0022.txt,batches/05_cognitive/v12-14_b0022.json,out/05_cognitive/v12-14_b0022.jsonl
full,5,cognitive,v12-14_b0023,10,3,30,3790,3799,batches/05_cognitive/v12-14_b0023.txt,batches/05_cognitive/v12-14_b0023.json,out/05_cognitive/v12-14_b0023.jsonl
full,5,cognitive,v12-14_b0024,10,3,30,3800,3809,batches/05_cognitive/v12-14_b0024.txt,batches/05_cognitive/v12-14_b0024.json,out/05_cognitive/v12-14_b0024.jsonl
full,5,cognitive,v12-14_b0025,10,3,30,3810,3819,batches/05_cognitive/v12-14_b0025.txt,batches/05_cognitive/v12-14_b0025.json,out/05_cognitive/v12-14_b0025.jsonl
full,5,cognitive,v12-14_b0026,10,3,30,3820,3829,batches/05_cognitive/v12-14_b0026.txt,batches/05_cognitive/v12-14_b0026.json,out/05_cognitive/v12-14_b0026.jsonl
full,5,cognitive,v12-14_b0027,10,3,30,3830,3839,batches/05_cognitive/v12-14_b0027.txt,batches/05_cognitive/v12-14_b0027.json,out/05_cognitive/v12-14_b0027.jsonl
full,5,cognitive,v12-14_b0028,10,3,30,3840,3849,batches/05_cognitive/v12-14_b0028.txt,batches/05_cognitive/v12-14_b0028.json,out/05_cognitive/v12-14_b0028.jsonl
full,5,cognitive,v12-14_b0029,10,3,30,3850,3859,batches/05_cognitive/v12-14_b0029.txt,batches/05_cognitive/v12-14_b0029.json,out/05_cognitive/v12-14_b0029.jsonl
full,5,cognitive,v12-14_b0030,10,3,30,3860,3869,batches/05_cognitive/v12-14_b0030.txt,batches/05_cognitive/v12-14_b0030.json,out/05_cognitive/v12-14_b0030.jsonl
full,5,cognitive,v12-14_b0031,10,3,30,3870,3879,batches/05_cognitive/v12-14_b0031.txt,batches/05_cognitive/v12-14_b0031.json,out/05_cognitive/v12-14_b0031.jsonl
full,5,cognitive,v12-14_b0032,10,3,30,3880,3889,batches/05_cognitive/v12-14_b0032.txt,batches/05_cognitive/v12-14_b0032.json,out/05_cognitive/v12-14_b0032.jsonl
full,5,cognitive,v12-14_b0033,10,3,30,3890,3899,batches/05_cognitive/v12-14_b0033.txt,batches/05_cognitive/v12-14_b0033.json,out/05_cognitive/v12-14_b0033.jsonl
full,5,cognitive,v12-14_b0034,10,3,30,3900,3909,batches/05_cognitive/v12-14_b0034.txt,batches/05_cognitive/v12-14_b0034.json,out/05_cognitive/v12-14_b0034.jsonl
full,5,cognitive,v12-14_b0035,10,3,30,3910,3919,batches/05_cognitive/v12-14_b0035.txt,batches/05_cognitive/v12-14_b0035.json,out/05_cognitive/v12-14_b0035.jsonl
full,5,cognitive,v12-14_b0036,10,3,30,3920,3929,batches/05_cognitive/v12-14_b0036.txt,batches/05_cognitive/v12-14_b0036.json,out/05_cognitive/v12-14_b0036.jsonl
full,5,cognitive,v12-14_b0037,10,3,30,3930,3939,batches/05_cognitive/v12-14_b0037.txt,batches/05_cognitive/v12-14_b0037.json,out/05_cognitive/v12-14_b0037.jsonl
full,5,cognitive,v12-14_b0038,10,3,30,3940,3949,batches/05_cognitive/v12-14_b0038.txt,batches/05_cognitive/v12-14_b0038.json,out/05_cognitive/v12-14_b0038.jsonl
full,5,cognitive,v12-14_b0039,10,3,30,3950,3959,batches/05_cognitive/v12-14_b0039.txt,batches/05_cognitive/v12-14_b0039.json,out/05_cognitive/v12-14_b0039.jsonl
full,5,cognitive,v12-14_b0040,10,3,30,3960,3969,batches/05_cognitive/v12-14_b0040.txt,batches/05_cognitive/v12-14_b0040.json,out/05_cognitive/v12-14_b0040.jsonl
full,5,cognitive,v12-14_b0041,10,3,30,3970,3979,batches/05_cognitive/v12-14_b0041.txt,batches/05_cognitive/v12-14_b0041.json,out/05_cognitive/v12-14_b0041.jsonl
full,5,cognitive,v12-14_b0042,10,3,30,3980,3989,batches/05_cognitive/v12-14_b0042.txt,batches/05_cognitive/v12-14_b0042.json,out/05_cognitive/v12-14_b0042.jsonl
full,5,cognitive,v12-14_b0043,10,3,30,3990,3999,batches/05_cognitive/v12-14_b0043.txt,batches/05_cognitive/v12-14_b0043.json,out/05_cognitive/v12-14_b0043.jsonl
full,5,cognitive,v12-14_b0044,10,3,30,4000,4009,batches/05_cognitive/v12-14_b0044.txt,batches/05_cognitive/v12-14_b0044.json,out/05_cognitive/v12-14_b0044.jsonl
full,5,cognitive,v12-14_b0045,10,3,30,4010,4019,batches/05_cognitive/v12-14_b0045.txt,batches/05_cognitive/v12-14_b0045.json,out/05_cognitive/v12-14_b0045.jsonl
full,5,cognitive,v12-14_b0046,10,3,30,4020,4029,batches/05_cognitive/v12-14_b0046.txt,batches/05_cognitive/v12-14_b0046.json,out/05_cognitive/v12-14_b0046.jsonl
full,5,cognitive,v12-14_b0047,10,3,30,4030,4039,batches/05_cognitive/v12-14_b0047.txt,batches/05_cognitive/v12-14_b0047.json,out/05_cognitive/v12-14_b0047.jsonl
full,5,cognitive,v12-14_b0048,10,3,30,4040,4049,batches/05_cognitive/v12-14_b0048.txt,batches/05_cognitive/v12-14_b0048.json,out/05_cognitive/v12-14_b0048.jsonl
full,5,cognitive,v12-14_b0049,10,3,30,4050,4059,batches/05_cognitive/v12-14_b0049.txt,batches/05_cognitive/v12-14_b0049.json,out/05_cognitive/v12-14_b0049.jsonl
full,5,cognitive,v12-14_b0050,10,3,30,4060,4069,batches/05_cognitive/v12-14_b0050.txt,batches/05_cognitive/v12-14_b0050.json,out/05_cognitive/v12-14_b0050.jsonl
full,5,cognitive,v12-14_b0051,10,3,30,4070,4079,batches/05_cognitive/v12-14_b0051.txt,batches/05_cognitive/v12-14_b0051.json,out/05_cognitive/v12-14_b0051.jsonl
full,5,cognitive,v12-14_b0052,10,3,30,4080,4089,batches/05_cognitive/v12-14_b0052.txt,batches/05_cognitive/v12-14_b0052.json,out/05_cognitive/v12-14_b0052.jsonl
full,5,cognitive,v12-14_b0053,10,3,30,4090,4099,batches/05_cognitive/v12-14_b0053.txt,batches/05_cognitive/v12-14_b0053.json,out/05_cognitive/v12-14_b0053.jsonl
full,5,cognitive,v12-14_b0054,10,3,30,4100,4109,batches/05_cognitive/v12-14_b0054.txt,batches/05_cognitive/v12-14_b0054.json,out/05_cognitive/v12-14_b0054.jsonl
full,5,cognitive,v12-14_b0055,9,3,27,4110,4118,batches/05_cognitive/v12-14_b0055.txt,batches/05_cognitive/v12-14_b0055.json,out/05_cognitive/v12-14_b0055.jsonl
full,5,cognitive,v15-15_b0001,10,1,10,3570,3579,batches/05_cognitive/v15-15_b0001.txt,batches/05_cognitive/v15-15_b0001.json,out/05_cognitive/v15-15_b0001.jsonl
full,5,cognitive,v15-15_b0002,10,1,10,3580,3589,batches/05_cognitive/v15-15_b0002.txt,batches/05_cognitive/v15-15_b0002.json,out/05_cognitive/v15-15_b0002.jsonl
full,5,cognitive,v15-15_b0003,10,1,10,3590,3599,batches/05_cognitive/v15-15_b0003.txt,batches/05_cognitive/v15-15_b0003.json,out/05_cognitive/v15-15_b0003.jsonl
full,5,cognitive,v15-15_b0004,10,1,10,3600,3609,batches/05_cognitive/v15-15_b0004.txt,batches/05_cognitive/v15-15_b0004.json,out/05_cognitive/v15-15_b0004.jsonl
full,5,cognitive,v15-15_b0005,10,1,10,3610,3619,batches/05_cognitive/v15-15_b0005.txt,batches/05_cognitive/v15-15_b0005.json,out/05_cognitive/v15-15_b0005.jsonl
full,5,cognitive,v15-15_b0006,10,1,10,3620,3629,batches/05_cognitive/v15-15_b0006.txt,batches/05_cognitive/v15-15_b0006.json,out/05_cognitive/v15-15_b0006.jsonl
full,5,cognitive,v15-15_b0007,10,1,10,3630,3639,batches/05_cognitive/v15-15_b0007.txt,batches/05_cognitive/v15-15_b0007.json,out/05_cognitive/v15-15_b0007.jsonl
full,5,cognitive,v15-15_b0008,10,1,10,3640,3649,batches/05_cognitive/v15-15_b0008.txt,batches/05_cognitive/v15-15_b0008.json,out/05_cognitive/v15-15_b0008.jsonl
full,5,cognitive,v15-15_b0009,10,1,10,3650,3659,batches/05_cognitive/v15-15_b0009.txt,batches/05_cognitive/v15-15_b0009.json,out/05_cognitive/v15-15_b0009.jsonl
full,5,cognitive,v15-15_b0010,10,1,10,3660,3669,batches/05_cognitive/v15-15_b0010.txt,batches/05_cognitive/v15-15_b0010.json,out/05_cognitive/v15-15_b0010.jsonl
full,5,cognitive,v15-15_b0011,10,1,10,3670,3679,batches/05_cognitive/v15-15_b0011.txt,batches/05_cognitive/v15-15_b0011.json,out/05_cognitive/v15-15_b0011.jsonl
full,5,cognitive,v15-15_b0012,10,1,10,3680,3689,batches/05_cognitive/v15-15_b0012.txt,batches/05_cognitive/v15-15_b0012.json,out/05_cognitive/v15-15_b0012.jsonl
full,5,cognitive,v15-15_b0013,10,1,10,3690,3699,batches/05_cognitive/v15-15_b0013.txt,batches/05_cognitive/v15-15_b0013.json,out/05_cognitive/v15-15_b0013.jsonl
full,5,cognitive,v15-15_b0014,10,1,10,3700,3709,batches/05_cognitive/v15-15_b0014.txt,batches/05_cognitive/v15-15_b0014.json,out/05_cognitive/v15-15_b0014.jsonl
full,5,cognitive,v15-15_b0015,10,1,10,3710,3719,batches/05_cognitive/v15-15_b0015.txt,batches/05_cognitive/v15-15_b0015.json,out/05_cognitive/v15-15_b0015.jsonl
full,5,cognitive,v15-15_b0016,10,1,10,3720,3729,batches/05_cognitive/v15-15_b0016.txt,batches/05_cognitive/v15-15_b0016.json,out/05_cognitive/v15-15_b0016.jsonl
full,5,cognitive,v15-15_b0017,10,1,10,3730,3739,batches/05_cognitive/v15-15_b0017.txt,batches/05_cognitive/v15-15_b0017.json,out/05_cognitive/v15-15_b0017.jsonl
full,5,cognitive,v15-15_b0018,10,1,10,3740,3749,batches/05_cognitive/v15-15_b0018.txt,batches/05_cognitive/v15-15_b0018.json,out/05_cognitive/v15-15_b0018.jsonl
full,5,cognitive,v15-15_b0019,10,1,10,3750,3759,batches/05_cognitive/v15-15_b0019.txt,batches/05_cognitive/v15-15_b0019.json,out/05_cognitive/v15-15_b0019.jsonl
full,5,cognitive,v15-15_b0020,10,1,10,3760,3769,batches/05_cognitive/v15-15_b0020.txt,batches/05_cognitive/v15-15_b0020.json,out/05_cognitive/v15-15_b0020.jsonl
full,5,cognitive,v15-15_b0021,10,1,10,3770,3779,batches/05_cognitive/v15-15_b0021.txt,batches/05_cognitive/v15-15_b0021.json,out/05_cognitive/v15-15_b0021.jsonl
full,5,cognitive,v15-15_b0022,10,1,10,3780,3789,batches/05_cognitive/v15-15_b0022.txt,batches/05_cognitive/v15-15_b0022.json,out/05_cognitive/v15-15_b0022.jsonl
full,5,cognitive,v15-15_b0023,10,1,10,3790,3799,batches/05_cognitive/v15-15_b0023.txt,batches/05_cognitive/v15-15_b0023.json,out/05_cognitive/v15-15_b0023.jsonl
full,5,cognitive,v15-15_b0024,10,1,10,3800,3809,batches/05_cognitive/v15-15_b0024.txt,batches/05_cognitive/v15-15_b0024.json,out/05_cognitive/v15-15_b0024.jsonl
full,5,cognitive,v15-15_b0025,10,1,10,3810,3819,batches/05_cognitive/v15-15_b0025.txt,batches/05_cognitive/v15-15_b0025.json,out/05_cognitive/v15-15_b0025.jsonl
full,5,cognitive,v15-15_b0026,10,1,10,3820,3829,batches/05_cognitive/v15-15_b0026.txt,batches/05_cognitive/v15-15_b0026.json,out/05_cognitive/v15-15_b0026.jsonl
full,5,cognitive,v15-15_b0027,10,1,10,3830,3839,batches/05_cognitive/v15-15_b0027.txt,batches/05_cognitive/v15-15_b0027.json,out/05_cognitive/v15-15_b0027.jsonl
full,5,cognitive,v15-15_b0028,10,1,10,3840,3849,batches/05_cognitive/v15-15_b0028.txt,batches/05_cognitive/v15-15_b0028.json,out/05_cognitive/v15-15_b0028.jsonl
full,5,cognitive,v15-15_b0029,10,1,10,3850,3859,batches/05_cognitive/v15-15_b0029.txt,batches/05_cognitive/v15-15_b0029.json,out/05_cognitive/v15-15_b0029.jsonl
full,5,cognitive,v15-15_b0030,10,1,10,3860,3869,batches/05_cognitive/v15-15_b0030.txt,batches/05_cognitive/v15-15_b0030.json,out/05_cognitive/v15-15_b0030.jsonl
full,5,cognitive,v15-15_b0031,10,1,10,3870,3879,batches/05_cognitive/v15-15_b0031.txt,batches/05_cognitive/v15-15_b0031.json,out/05_cognitive/v15-15_b0031.jsonl
full,5,cognitive,v15-15_b0032,10,1,10,3880,3889,batches/05_cognitive/v15-15_b0032.txt,batches/05_cognitive/v15-15_b0032.json,out/05_cognitive/v15-15_b0032.jsonl
full,5,cognitive,v15-15_b0033,10,1,10,3890,3899,batches/05_cognitive/v15-15_b0033.txt,batches/05_cognitive/v15-15_b0033.json,out/05_cognitive/v15-15_b0033.jsonl
full,5,cognitive,v15-15_b0034,10,1,10,3900,3909,batches/05_cognitive/v15-15_b0034.txt,batches/05_cognitive/v15-15_b0034.json,out/05_cognitive/v15-15_b0034.jsonl
full,5,cognitive,v15-15_b0035,10,1,10,3910,3919,batches/05_cognitive/v15-15_b0035.txt,batches/05_cognitive/v15-15_b0035.json,out/05_cognitive/v15-15_b0035.jsonl
full,5,cognitive,v15-15_b0036,10,1,10,3920,3929,batches/05_cognitive/v15-15_b0036.txt,batches/05_cognitive/v15-15_b0036.json,out/05_cognitive/v15-15_b0036.jsonl
full,5,cognitive,v15-15_b0037,10,1,10,3930,3939,batches/05_cognitive/v15-15_b0037.txt,batches/05_cognitive/v15-15_b0037.json,out/05_cognitive/v15-15_b0037.jsonl
full,5,cognitive,v15-15_b0038,10,1,10,3940,3949,batches/05_cognitive/v15-15_b0038.txt,batches/05_cognitive/v15-15_b0038.json,out/05_cognitive/v15-15_b0038.jsonl
full,5,cognitive,v15-15_b0039,10,1,10,3950,3959,batches/05_cognitive/v15-15_b0039.txt,batches/05_cognitive/v15-15_b0039.json,out/05_cognitive/v15-15_b0039.jsonl
full,5,cognitive,v15-15_b0040,10,1,10,3960,3969,batches/05_cognitive/v15-15_b0040.txt,batches/05_cognitive/v15-15_b0040.json,out/05_cognitive/v15-15_b0040.jsonl
full,5,cognitive,v15-15_b0041,10,1,10,3970,3979,batches/05_cognitive/v15-15_b0041.txt,batches/05_cognitive/v15-15_b0041.json,out/05_cognitive/v15-15_b0041.jsonl
full,5,cognitive,v15-15_b0042,10,1,10,3980,3989,batches/05_cognitive/v15-15_b0042.txt,batches/05_cognitive/v15-15_b0042.json,out/05_cognitive/v15-15_b0042.jsonl
full,5,cognitive,v15-15_b0043,10,1,10,3990,3999,batches/05_cognitive/v15-15_b0043.txt,batches/05_cognitive/v15-15_b0043.json,out/05_cognitive/v15-15_b0043.jsonl
full,5,cognitive,v15-15_b0044,10,1,10,4000,4009,batches/05_cognitive/v15-15_b0044.txt,batches/05_cognitive/v15-15_b0044.json,out/05_cognitive/v15-15_b0044.jsonl
full,5,cognitive,v15-15_b0045,10,1,10,4010,4019,batches/05_cognitive/v15-15_b0045.txt,batches/05_cognitive/v15-15_b0045.json,out/05_cognitive/v15-15_b0045.jsonl
full,5,cognitive,v15-15_b0046,10,1,10,4020,4029,batches/05_cognitive/v15-15_b0046.txt,batches/05_cognitive/v15-15_b0046.json,out/05_cognitive/v15-15_b0046.jsonl
full,5,cognitive,v15-15_b0047,10,1,10,4030,4039,batches/05_cognitive/v15-15_b0047.txt,batches/05_cognitive/v15-15_b0047.json,out/05_cognitive/v15-15_b0047.jsonl
full,5,cognitive,v15-15_b0048,10,1,10,4040,4049,batches/05_cognitive/v15-15_b0048.txt,batches/05_cognitive/v15-15_b0048.json,out/05_cognitive/v15-15_b0048.jsonl
full,5,cognitive,v15-15_b0049,10,1,10,4050,4059,batches/05_cognitive/v15-15_b0049.txt,batches/05_cognitive/v15-15_b0049.json,out/05_cognitive/v15-15_b0049.jsonl
full,5,cognitive,v15-15_b0050,10,1,10,4060,4069,batches/05_cognitive/v15-15_b0050.txt,batches/05_cognitive/v15-15_b0050.json,out/05_cognitive/v15-15_b0050.jsonl
full,5,cognitive,v15-15_b0051,10,1,10,4070,4079,batches/05_cognitive/v15-15_b0051.txt,batches/05_cognitive/v15-15_b0051.json,out/05_cognitive/v15-15_b0051.jsonl
full,5,cognitive,v15-15_b0052,10,1,10,4080,4089,batches/05_cognitive/v15-15_b0052.txt,batches/05_cognitive/v15-15_b0052.json,out/05_cognitive/v15-15_b0052.jsonl
full,5,cognitive,v15-15_b0053,10,1,10,4090,4099,batches/05_cognitive/v15-15_b0053.txt,batches/05_cognitive/v15-15_b0053.json,out/05_cognitive/v15-15_b0053.jsonl
full,5,cognitive,v15-15_b0054,10,1,10,4100,4109,batches/05_cognitive/v15-15_b0054.txt,batches/05_cognitive/v15-15_b0054.json,out/05_cognitive/v15-15_b0054.jsonl
full,5,cognitive,v15-15_b0055,9,1,9,4110,4118,batches/05_cognitive/v15-15_b0055.txt,batches/05_cognitive/v15-15_b0055.json,out/05_cognitive/v15-15_b0055.jsonl
full,6,foundational,v06-08_b0001,10,3,30,5442,5451,batches/06_foundational/v06-08_b0001.txt,batches/06_foundational/v06-08_b0001.json,out/06_foundational/v06-08_b0001.jsonl
full,6,foundational,v06-08_b0002,10,3,30,5452,5461,batches/06_foundational/v06-08_b0002.txt,batches/06_foundational/v06-08_b0002.json,out/06_foundational/v06-08_b0002.jsonl
full,6,foundational,v06-08_b0003,10,3,30,5462,5471,batches/06_foundational/v06-08_b0003.txt,batches/06_foundational/v06-08_b0003.json,out/06_foundational/v06-08_b0003.jsonl
full,6,foundational,v06-08_b0004,10,3,30,5472,5481,batches/06_foundational/v06-08_b0004.txt,batches/06_foundational/v06-08_b0004.json,out/06_foundational/v06-08_b0004.jsonl
full,6,foundational,v06-08_b0005,10,3,30,5482,5491,batches/06_foundational/v06-08_b0005.txt,batches/06_foundational/v06-08_b0005.json,out/06_foundational/v06-08_b0005.jsonl
full,6,foundational,v06-08_b0006,10,3,30,5492,5501,batches/06_foundational/v06-08_b0006.txt,batches/06_foundational/v06-08_b0006.json,out/06_foundational/v06-08_b0006.jsonl
full,6,foundational,v06-08_b0007,10,3,30,5502,5511,batches/06_foundational/v06-08_b0007.txt,batches/06_foundational/v06-08_b0007.json,out/06_foundational/v06-08_b0007.jsonl
full,6,foundational,v06-08_b0008,10,3,30,5512,5521,batches/06_foundational/v06-08_b0008.txt,batches/06_foundational/v06-08_b0008.json,out/06_foundational/v06-08_b0008.jsonl
full,6,foundational,v06-08_b0009,10,3,30,5522,5531,batches/06_foundational/v06-08_b0009.txt,batches/06_foundational/v06-08_b0009.json,out/06_foundational/v06-08_b0009.jsonl
full,6,foundational,v06-08_b0010,10,3,30,5532,5541,batches/06_foundational/v06-08_b0010.txt,batches/06_foundational/v06-08_b0010.json,out/06_foundational/v06-08_b0010.jsonl
full,6,foundational,v06-08_b0011,10,3,30,5542,5551,batches/06_foundational/v06-08_b0011.txt,batches/06_foundational/v06-08_b0011.json,out/06_foundational/v06-08_b0011.jsonl
full,6,foundational,v06-08_b0012,10,3,30,5552,5561,batches/06_foundational/v06-08_b0012.txt,batches/06_foundational/v06-08_b0012.json,out/06_foundational/v06-08_b0012.jsonl
full,6,foundational,v06-08_b0013,10,3,30,5562,5571,batches/06_foundational/v06-08_b0013.txt,batches/06_foundational/v06-08_b0013.json,out/06_foundational/v06-08_b0013.jsonl
full,6,foundational,v06-08_b0014,10,3,30,5572,5581,batches/06_foundational/v06-08_b0014.txt,batches/06_foundational/v06-08_b0014.json,out/06_foundational/v06-08_b0014.jsonl
full,6,foundational,v06-08_b0015,10,3,30,5582,5591,batches/06_foundational/v06-08_b0015.txt,batches/06_foundational/v06-08_b0015.json,out/06_foundational/v06-08_b0015.jsonl
full,6,foundational,v06-08_b0016,10,3,30,5592,5601,batches/06_foundational/v06-08_b0016.txt,batches/06_foundational/v06-08_b0016.json,out/06_foundational/v06-08_b0016.jsonl
full,6,foundational,v06-08_b0017,10,3,30,5602,5611,batches/06_foundational/v06-08_b0017.txt,batches/06_foundational/v06-08_b0017.json,out/06_foundational/v06-08_b0017.jsonl
full,6,foundational,v06-08_b0018,10,3,30,5612,5621,batches/06_foundational/v06-08_b0018.txt,batches/06_foundational/v06-08_b0018.json,out/06_foundational/v06-08_b0018.jsonl
full,6,foundational,v06-08_b0019,10,3,30,5622,5631,batches/06_foundational/v06-08_b0019.txt,batches/06_foundational/v06-08_b0019.json,out/06_foundational/v06-08_b0019.jsonl
full,6,foundational,v06-08_b0020,10,3,30,5632,5641,batches/06_foundational/v06-08_b0020.txt,batches/06_foundational/v06-08_b0020.json,out/06_foundational/v06-08_b0020.jsonl
full,6,foundational,v06-08_b0021,10,3,30,5642,5651,batches/06_foundational/v06-08_b0021.txt,batches/06_foundational/v06-08_b0021.json,out/06_foundational/v06-08_b0021.jsonl
full,6,foundational,v06-08_b0022,10,3,30,5652,5661,batches/06_foundational/v06-08_b0022.txt,batches/06_foundational/v06-08_b0022.json,out/06_foundational/v06-08_b0022.jsonl
full,6,foundational,v06-08_b0023,10,3,30,5662,5671,batches/06_foundational/v06-08_b0023.txt,batches/06_foundational/v06-08_b0023.json,out/06_foundational/v06-08_b0023.jsonl
full,6,foundational,v06-08_b0024,10,3,30,5672,5681,batches/06_foundational/v06-08_b0024.txt,batches/06_foundational/v06-08_b0024.json,out/06_foundational/v06-08_b0024.jsonl
full,6,foundational,v06-08_b0025,10,3,30,5682,5691,batches/06_foundational/v06-08_b0025.txt,batches/06_foundational/v06-08_b0025.json,out/06_foundational/v06-08_b0025.jsonl
full,6,foundational,v06-08_b0026,10,3,30,5692,5701,batches/06_foundational/v06-08_b0026.txt,batches/06_foundational/v06-08_b0026.json,out/06_foundational/v06-08_b0026.jsonl
full,6,foundational,v06-08_b0027,10,3,30,5702,5711,batches/06_foundational/v06-08_b0027.txt,batches/06_foundational/v06-08_b0027.json,out/06_foundational/v06-08_b0027.jsonl
full,6,foundational,v06-08_b0028,10,3,30,5712,5721,batches/06_foundational/v06-08_b0028.txt,batches/06_foundational/v06-08_b0028.json,out/06_foundational/v06-08_b0028.jsonl
full,6,foundational,v06-08_b0029,10,3,30,5722,5731,batches/06_foundational/v06-08_b0029.txt,batches/06_foundational/v06-08_b0029.json,out/06_foundational/v06-08_b0029.jsonl
full,6,foundational,v06-08_b0030,10,3,30,5732,5741,batches/06_foundational/v06-08_b0030.txt,batches/06_foundational/v06-08_b0030.json,out/06_foundational/v06-08_b0030.jsonl
full,6,foundational,v06-08_b0031,10,3,30,5742,5751,batches/06_foundational/v06-08_b0031.txt,batches/06_foundational/v06-08_b0031.json,out/06_foundational/v06-08_b0031.jsonl
full,6,foundational,v06-08_b0032,9,3,27,5752,5760,batches/06_foundational/v06-08_b0032.txt,batches/06_foundational/v06-08_b0032.json,out/06_foundational/v06-08_b0032.jsonl
full,6,foundational,v09-11_b0001,10,3,30,5442,5451,batches/06_foundational/v09-11_b0001.txt,batches/06_foundational/v09-11_b0001.json,out/06_foundational/v09-11_b0001.jsonl
full,6,foundational,v09-11_b0002,10,3,30,5452,5461,batches/06_foundational/v09-11_b0002.txt,batches/06_foundational/v09-11_b0002.json,out/06_foundational/v09-11_b0002.jsonl
full,6,foundational,v09-11_b0003,10,3,30,5462,5471,batches/06_foundational/v09-11_b0003.txt,batches/06_foundational/v09-11_b0003.json,out/06_foundational/v09-11_b0003.jsonl
full,6,foundational,v09-11_b0004,10,3,30,5472,5481,batches/06_foundational/v09-11_b0004.txt,batches/06_foundational/v09-11_b0004.json,out/06_foundational/v09-11_b0004.jsonl
full,6,foundational,v09-11_b0005,10,3,30,5482,5491,batches/06_foundational/v09-11_b0005.txt,batches/06_foundational/v09-11_b0005.json,out/06_foundational/v09-11_b0005.jsonl
full,6,foundational,v09-11_b0006,10,3,30,5492,5501,batches/06_foundational/v09-11_b0006.txt,batches/06_foundational/v09-11_b0006.json,out/06_foundational/v09-11_b0006.jsonl
full,6,foundational,v09-11_b0007,10,3,30,5502,5511,batches/06_foundational/v09-11_b0007.txt,batches/06_foundational/v09-11_b0007.json,out/06_foundational/v09-11_b0007.jsonl
full,6,foundational,v09-11_b0008,10,3,30,5512,5521,batches/06_foundational/v09-11_b0008.txt,batches/06_foundational/v09-11_b0008.json,out/06_foundational/v09-11_b0008.jsonl
full,6,foundational,v09-11_b0009,10,3,30,5522,5531,batches/06_foundational/v09-11_b0009.txt,batches/06_foundational/v09-11_b0009.json,out/06_foundational/v09-11_b0009.jsonl
full,6,foundational,v09-11_b0010,10,3,30,5532,5541,batches/06_foundational/v09-11_b0010.txt,batches/06_foundational/v09-11_b0010.json,out/06_foundational/v09-11_b0010.jsonl
full,6,foundational,v09-11_b0011,10,3,30,5542,5551,batches/06_foundational/v09-11_b0011.txt,batches/06_foundational/v09-11_b0011.json,out/06_foundational/v09-11_b0011.jsonl
full,6,foundational,v09-11_b0012,10,3,30,5552,5561,batches/06_foundational/v09-11_b0012.txt,batches/06_foundational/v09-11_b0012.json,out/06_foundational/v09-11_b0012.jsonl
full,6,foundational,v09-11_b0013,10,3,30,5562,5571,batches/06_foundational/v09-11_b0013.txt,batches/06_foundational/v09-11_b0013.json,out/06_foundational/v09-11_b0013.jsonl
full,6,foundational,v09-11_b0014,10,3,30,5572,5581,batches/06_foundational/v09-11_b0014.txt,batches/06_foundational/v09-11_b0014.json,out/06_foundational/v09-11_b0014.jsonl
full,6,foundational,v09-11_b0015,10,3,30,5582,5591,batches/06_foundational/v09-11_b0015.txt,batches/06_foundational/v09-11_b0015.json,out/06_foundational/v09-11_b0015.jsonl
full,6,foundational,v09-11_b0016,10,3,30,5592,5601,batches/06_foundational/v09-11_b0016.txt,batches/06_foundational/v09-11_b0016.json,out/06_foundational/v09-11_b0016.jsonl
full,6,foundational,v09-11_b0017,10,3,30,5602,5611,batches/06_foundational/v09-11_b0017.txt,batches/06_foundational/v09-11_b0017.json,out/06_foundational/v09-11_b0017.jsonl
full,6,foundational,v09-11_b0018,10,3,30,5612,5621,batches/06_foundational/v09-11_b0018.txt,batches/06_foundational/v09-11_b0018.json,out/06_foundational/v09-11_b0018.jsonl
full,6,foundational,v09-11_b0019,10,3,30,5622,5631,batches/06_foundational/v09-11_b0019.txt,batches/06_foundational/v09-11_b0019.json,out/06_foundational/v09-11_b0019.jsonl
full,6,foundational,v09-11_b0020,10,3,30,5632,5641,batches/06_foundational/v09-11_b0020.txt,batches/06_foundational/v09-11_b0020.json,out/06_foundational/v09-11_b0020.jsonl
full,6,foundational,v09-11_b0021,10,3,30,5642,5651,batches/06_foundational/v09-11_b0021.txt,batches/06_foundational/v09-11_b0021.json,out/06_foundational/v09-11_b0021.jsonl
full,6,foundational,v09-11_b0022,10,3,30,5652,5661,batches/06_foundational/v09-11_b0022.txt,batches/06_foundational/v09-11_b0022.json,out/06_foundational/v09-11_b0022.jsonl
full,6,foundational,v09-11_b0023,10,3,30,5662,5671,batches/06_foundational/v09-11_b0023.txt,batches/06_foundational/v09-11_b0023.json,out/06_foundational/v09-11_b0023.jsonl
full,6,foundational,v09-11_b0024,10,3,30,5672,5681,batches/06_foundational/v09-11_b0024.txt,batches/06_foundational/v09-11_b0024.json,out/06_foundational/v09-11_b0024.jsonl
full,6,foundational,v09-11_b0025,10,3,30,5682,5691,batches/06_foundational/v09-11_b0025.txt,batches/06_foundational/v09-11_b0025.json,out/06_foundational/v09-11_b0025.jsonl
full,6,foundational,v09-11_b0026,10,3,30,5692,5701,batches/06_foundational/v09-11_b0026.txt,batches/06_foundational/v09-11_b0026.json,out/06_foundational/v09-11_b0026.jsonl
full,6,foundational,v09-11_b0027,10,3,30,5702,5711,batches/06_foundational/v09-11_b0027.txt,batches/06_foundational/v09-11_b0027.json,out/06_foundational/v09-11_b0027.jsonl
full,6,foundational,v09-11_b0028,10,3,30,5712,5721,batches/06_foundational/v09-11_b0028.txt,batches/06_foundational/v09-11_b0028.json,out/06_foundational/v09-11_b0028.jsonl
full,6,foundational,v09-11_b0029,10,3,30,5722,5731,batches/06_foundational/v09-11_b0029.txt,batches/06_foundational/v09-11_b0029.json,out/06_foundational/v09-11_b0029.jsonl
full,6,foundational,v09-11_b0030,10,3,30,5732,5741,batches/06_foundational/v09-11_b0030.txt,batches/06_foundational/v09-11_b0030.json,out/06_foundational/v09-11_b0030.jsonl
full,6,foundational,v09-11_b0031,10,3,30,5742,5751,batches/06_foundational/v09-11_b0031.txt,batches/06_foundational/v09-11_b0031.json,out/06_foundational/v09-11_b0031.jsonl
full,6,foundational,v09-11_b0032,9,3,27,5752,5760,batches/06_foundational/v09-11_b0032.txt,batches/06_foundational/v09-11_b0032.json,out/06_foundational/v09-11_b0032.jsonl
full,6,foundational,v12-14_b0001,10,3,30,5442,5451,batches/06_foundational/v12-14_b0001.txt,batches/06_foundational/v12-14_b0001.json,out/06_foundational/v12-14_b0001.jsonl
full,6,foundational,v12-14_b0002,10,3,30,5452,5461,batches/06_foundational/v12-14_b0002.txt,batches/06_foundational/v12-14_b0002.json,out/06_foundational/v12-14_b0002.jsonl
full,6,foundational,v12-14_b0003,10,3,30,5462,5471,batches/06_foundational/v12-14_b0003.txt,batches/06_foundational/v12-14_b0003.json,out/06_foundational/v12-14_b0003.jsonl
full,6,foundational,v12-14_b0004,10,3,30,5472,5481,batches/06_foundational/v12-14_b0004.txt,batches/06_foundational/v12-14_b0004.json,out/06_foundational/v12-14_b0004.jsonl
full,6,foundational,v12-14_b0005,10,3,30,5482,5491,batches/06_foundational/v12-14_b0005.txt,batches/06_foundational/v12-14_b0005.json,out/06_foundational/v12-14_b0005.jsonl
full,6,foundational,v12-14_b0006,10,3,30,5492,5501,batches/06_foundational/v12-14_b0006.txt,batches/06_foundational/v12-14_b0006.json,out/06_foundational/v12-14_b0006.jsonl
full,6,foundational,v12-14_b0007,10,3,30,5502,5511,batches/06_foundational/v12-14_b0007.txt,batches/06_foundational/v12-14_b0007.json,out/06_foundational/v12-14_b0007.jsonl
full,6,foundational,v12-14_b0008,10,3,30,5512,5521,batches/06_foundational/v12-14_b0008.txt,batches/06_foundational/v12-14_b0008.json,out/06_foundational/v12-14_b0008.jsonl
full,6,foundational,v12-14_b0009,10,3,30,5522,5531,batches/06_foundational/v12-14_b0009.txt,batches/06_foundational/v12-14_b0009.json,out/06_foundational/v12-14_b0009.jsonl
full,6,foundational,v12-14_b0010,10,3,30,5532,5541,batches/06_foundational/v12-14_b0010.txt,batches/06_foundational/v12-14_b0010.json,out/06_foundational/v12-14_b0010.jsonl
full,6,foundational,v12-14_b0011,10,3,30,5542,5551,batches/06_foundational/v12-14_b0011.txt,batches/06_foundational/v12-14_b0011.json,out/06_foundational/v12-14_b0011.jsonl
full,6,foundational,v12-14_b0012,10,3,30,5552,5561,batches/06_foundational/v12-14_b0012.txt,batches/06_foundational/v12-14_b0012.json,out/06_foundational/v12-14_b0012.jsonl
full,6,foundational,v12-14_b0013,10,3,30,5562,5571,batches/06_foundational/v12-14_b0013.txt,batches/06_foundational/v12-14_b0013.json,out/06_foundational/v12-14_b0013.jsonl
full,6,foundational,v12-14_b0014,10,3,30,5572,5581,batches/06_foundational/v12-14_b0014.txt,batches/06_foundational/v12-14_b0014.json,out/06_foundational/v12-14_b0014.jsonl
full,6,foundational,v12-14_b0015,10,3,30,5582,5591,batches/06_foundational/v12-14_b0015.txt,batches/06_foundational/v12-14_b0015.json,out/06_foundational/v12-14_b0015.jsonl
full,6,foundational,v12-14_b0016,10,3,30,5592,5601,batches/06_foundational/v12-14_b0016.txt,batches/06_foundational/v12-14_b0016.json,out/06_foundational/v12-14_b0016.jsonl
full,6,foundational,v12-14_b0017,10,3,30,5602,5611,batches/06_foundational/v12-14_b0017.txt,batches/06_foundational/v12-14_b0017.json,out/06_foundational/v12-14_b0017.jsonl
full,6,foundational,v12-14_b0018,10,3,30,5612,5621,batches/06_foundational/v12-14_b0018.txt,batches/06_foundational/v12-14_b0018.json,out/06_foundational/v12-14_b0018.jsonl
full,6,foundational,v12-14_b0019,10,3,30,5622,5631,batches/06_foundational/v12-14_b0019.txt,batches/06_foundational/v12-14_b0019.json,out/06_foundational/v12-14_b0019.jsonl
full,6,foundational,v12-14_b0020,10,3,30,5632,5641,batches/06_foundational/v12-14_b0020.txt,batches/06_foundational/v12-14_b0020.json,out/06_foundational/v12-14_b0020.jsonl
full,6,foundational,v12-14_b0021,10,3,30,5642,5651,batches/06_foundational/v12-14_b0021.txt,batches/06_foundational/v12-14_b0021.json,out/06_foundational/v12-14_b0021.jsonl
full,6,foundational,v12-14_b0022,10,3,30,5652,5661,batches/06_foundational/v12-14_b0022.txt,batches/06_foundational/v12-14_b0022.json,out/06_foundational/v12-14_b0022.jsonl
full,6,foundational,v12-14_b0023,10,3,30,5662,5671,batches/06_foundational/v12-14_b0023.txt,batches/06_foundational/v12-14_b0023.json,out/06_foundational/v12-14_b0023.jsonl
full,6,foundational,v12-14_b0024,10,3,30,5672,5681,batches/06_foundational/v12-14_b0024.txt,batches/06_foundational/v12-14_b0024.json,out/06_foundational/v12-14_b0024.jsonl
full,6,foundational,v12-14_b0025,10,3,30,5682,5691,batches/06_foundational/v12-14_b0025.txt,batches/06_foundational/v12-14_b0025.json,out/06_foundational/v12-14_b0025.jsonl
full,6,foundational,v12-14_b0026,10,3,30,5692,5701,batches/06_foundational/v12-14_b0026.txt,batches/06_foundational/v12-14_b0026.json,out/06_foundational/v12-14_b0026.jsonl
full,6,foundational,v12-14_b0027,10,3,30,5702,5711,batches/06_foundational/v12-14_b0027.txt,batches/06_foundational/v12-14_b0027.json,out/06_foundational/v12-14_b0027.jsonl
full,6,foundational,v12-14_b0028,10,3,30,5712,5721,batches/06_foundational/v12-14_b0028.txt,batches/06_foundational/v12-14_b0028.json,out/06_foundational/v12-14_b0028.jsonl
full,6,foundational,v12-14_b0029,10,3,30,5722,5731,batches/06_foundational/v12-14_b0029.txt,batches/06_foundational/v12-14_b0029.json,out/06_foundational/v12-14_b0029.jsonl
full,6,foundational,v12-14_b0030,10,3,30,5732,5741,batches/06_foundational/v12-14_b0030.txt,batches/06_foundational/v12-14_b0030.json,out/06_foundational/v12-14_b0030.jsonl
full,6,foundational,v12-14_b0031,10,3,30,5742,5751,batches/06_foundational/v12-14_b0031.txt,batches/06_foundational/v12-14_b0031.json,out/06_foundational/v12-14_b0031.jsonl
full,6,foundational,v12-14_b0032,9,3,27,5752,5760,batches/06_foundational/v12-14_b0032.txt,batches/06_foundational/v12-14_b0032.json,out/06_foundational/v12-14_b0032.jsonl
full,6,foundational,v15-15_b0001,10,1,10,5442,5451,batches/06_foundational/v15-15_b0001.txt,batches/06_foundational/v15-15_b0001.json,out/06_foundational/v15-15_b0001.jsonl
full,6,foundational,v15-15_b0002,10,1,10,5452,5461,batches/06_foundational/v15-15_b0002.txt,batches/06_foundational/v15-15_b0002.json,out/06_foundational/v15-15_b0002.jsonl
full,6,foundational,v15-15_b0003,10,1,10,5462,5471,batches/06_foundational/v15-15_b0003.txt,batches/06_foundational/v15-15_b0003.json,out/06_foundational/v15-15_b0003.jsonl
full,6,foundational,v15-15_b0004,10,1,10,5472,5481,batches/06_foundational/v15-15_b0004.txt,batches/06_foundational/v15-15_b0004.json,out/06_foundational/v15-15_b0004.jsonl
full,6,foundational,v15-15_b0005,10,1,10,5482,5491,batches/06_foundational/v15-15_b0005.txt,batches/06_foundational/v15-15_b0005.json,out/06_foundational/v15-15_b0005.jsonl
full,6,foundational,v15-15_b0006,10,1,10,5492,5501,batches/06_foundational/v15-15_b0006.txt,batches/06_foundational/v15-15_b0006.json,out/06_foundational/v15-15_b0006.jsonl
full,6,foundational,v15-15_b0007,10,1,10,5502,5511,batches/06_foundational/v15-15_b0007.txt,batches/06_foundational/v15-15_b0007.json,out/06_foundational/v15-15_b0007.jsonl
full,6,foundational,v15-15_b0008,10,1,10,5512,5521,batches/06_foundational/v15-15_b0008.txt,batches/06_foundational/v15-15_b0008.json,out/06_foundational/v15-15_b0008.jsonl
full,6,foundational,v15-15_b0009,10,1,10,5522,5531,batches/06_foundational/v15-15_b0009.txt,batches/06_foundational/v15-15_b0009.json,out/06_foundational/v15-15_b0009.jsonl
full,6,foundational,v15-15_b0010,10,1,10,5532,5541,batches/06_foundational/v15-15_b0010.txt,batches/06_foundational/v15-15_b0010.json,out/06_foundational/v15-15_b0010.jsonl
full,6,foundational,v15-15_b0011,10,1,10,5542,5551,batches/06_foundational/v15-15_b0011.txt,batches/06_foundational/v15-15_b0011.json,out/06_foundational/v15-15_b0011.jsonl
full,6,foundational,v15-15_b0012,10,1,10,5552,5561,batches/06_foundational/v15-15_b0012.txt,batches/06_foundational/v15-15_b0012.json,out/06_foundational/v15-15_b0012.jsonl
full,6,foundational,v15-15_b0013,10,1,10,5562,5571,batches/06_foundational/v15-15_b0013.txt,batches/06_foundational/v15-15_b0013.json,out/06_foundational/v15-15_b0013.jsonl
full,6,foundational,v15-15_b0014,10,1,10,5572,5581,batches/06_foundational/v15-15_b0014.txt,batches/06_foundational/v15-15_b0014.json,out/06_foundational/v15-15_b0014.jsonl
full,6,foundational,v15-15_b0015,10,1,10,5582,5591,batches/06_foundational/v15-15_b0015.txt,batches/06_foundational/v15-15_b0015.json,out/06_foundational/v15-15_b0015.jsonl
full,6,foundational,v15-15_b0016,10,1,10,5592,5601,batches/06_foundational/v15-15_b0016.txt,batches/06_foundational/v15-15_b0016.json,out/06_foundational/v15-15_b0016.jsonl
full,6,foundational,v15-15_b0017,10,1,10,5602,5611,batches/06_foundational/v15-15_b0017.txt,batches/06_foundational/v15-15_b0017.json,out/06_foundational/v15-15_b0017.jsonl
full,6,foundational,v15-15_b0018,10,1,10,5612,5621,batches/06_foundational/v15-15_b0018.txt,batches/06_foundational/v15-15_b0018.json,out/06_foundational/v15-15_b0018.jsonl
full,6,foundational,v15-15_b0019,10,1,10,5622,5631,batches/06_foundational/v15-15_b0019.txt,batches/06_foundational/v15-15_b0019.json,out/06_foundational/v15-15_b0019.jsonl
full,6,foundational,v15-15_b0020,10,1,10,5632,5641,batches/06_foundational/v15-15_b0020.txt,batches/06_foundational/v15-15_b0020.json,out/06_foundational/v15-15_b0020.jsonl
full,6,foundational,v15-15_b0021,10,1,10,5642,5651,batches/06_foundational/v15-15_b0021.txt,batches/06_foundational/v15-15_b0021.json,out/06_foundational/v15-15_b0021.jsonl
full,6,foundational,v15-15_b0022,10,1,10,5652,5661,batches/06_foundational/v15-15_b0022.txt,batches/06_foundational/v15-15_b0022.json,out/06_foundational/v15-15_b0022.jsonl
full,6,foundational,v15-15_b0023,10,1,10,5662,5671,batches/06_foundational/v15-15_b0023.txt,batches/06_foundational/v15-15_b0023.json,out/06_foundational/v15-15_b0023.jsonl
full,6,foundational,v15-15_b0024,10,1,10,5672,5681,batches/06_foundational/v15-15_b0024.txt,batches/06_foundational/v15-15_b0024.json,out/06_foundational/v15-15_b0024.jsonl
full,6,foundational,v15-15_b0025,10,1,10,5682,5691,batches/06_foundational/v15-15_b0025.txt,batches/06_foundational/v15-15_b0025.json,out/06_foundational/v15-15_b0025.jsonl
full,6,foundational,v15-15_b0026,10,1,10,5692,5701,batches/06_foundational/v15-15_b0026.txt,batches/06_foundational/v15-15_b0026.json,out/06_foundational/v15-15_b0026.jsonl
full,6,foundational,v15-15_b0027,10,1,10,5702,5711,batches/06_foundational/v15-15_b0027.txt,batches/06_foundational/v15-15_b0027.json,out/06_foundational/v15-15_b0027.jsonl
full,6,foundational,v15-15_b0028,10,1,10,5712,5721,batches/06_foundational/v15-15_b0028.txt,batches/06_foundational/v15-15_b0028.json,out/06_foundational/v15-15_b0028.jsonl
full,6,foundational,v15-15_b0029,10,1,10,5722,5731,batches/06_foundational/v15-15_b0029.txt,batches/06_foundational/v15-15_b0029.json,out/06_foundational/v15-15_b0029.jsonl
full,6,foundational,v15-15_b0030,10,1,10,5732,5741,batches/06_foundational/v15-15_b0030.txt,batches/06_foundational/v15-15_b0030.json,out/06_foundational/v15-15_b0030.jsonl
full,6,foundational,v15-15_b0031,10,1,10,5742,5751,batches/06_foundational/v15-15_b0031.txt,batches/06_foundational/v15-15_b0031.json,out/06_foundational/v15-15_b0031.jsonl
full,6,foundational,v15-15_b0032,9,1,9,5752,5760,batches/06_foundational/v15-15_b0032.txt,batches/06_foundational/v15-15_b0032.json,out/06_foundational/v15-15_b0032.jsonl
full,7,personality,v03-05_b0001,10,3,30,4319,4328,batches/07_personality/v03-05_b0001.txt,batches/07_personality/v03-05_b0001.json,out/07_personality/v03-05_b0001.jsonl
full,7,personality,v03-05_b0002,10,3,30,4329,4338,batches/07_personality/v03-05_b0002.txt,batches/07_personality/v03-05_b0002.json,out/07_personality/v03-05_b0002.jsonl
full,7,personality,v03-05_b0003,10,3,30,4339,4348,batches/07_personality/v03-05_b0003.txt,batches/07_personality/v03-05_b0003.json,out/07_personality/v03-05_b0003.jsonl
full,7,personality,v03-05_b0004,10,3,30,4349,4358,batches/07_personality/v03-05_b0004.txt,batches/07_personality/v03-05_b0004.json,out/07_personality/v03-05_b0004.jsonl
full,7,personality,v03-05_b0005,10,3,30,4359,4368,batches/07_personality/v03-05_b0005.txt,batches/07_personality/v03-05_b0005.json,out/07_personality/v03-05_b0005.jsonl
full,7,personality,v03-05_b0006,10,3,30,4369,4378,batches/07_personality/v03-05_b0006.txt,batches/07_personality/v03-05_b0006.json,out/07_personality/v03-05_b0006.jsonl
full,7,personality,v03-05_b0007,10,3,30,4379,4388,batches/07_personality/v03-05_b0007.txt,batches/07_personality/v03-05_b0007.json,out/07_personality/v03-05_b0007.jsonl
full,7,personality,v03-05_b0008,10,3,30,4389,4398,batches/07_personality/v03-05_b0008.txt,batches/07_personality/v03-05_b0008.json,out/07_personality/v03-05_b0008.jsonl
full,7,personality,v03-05_b0009,10,3,30,4399,4408,batches/07_personality/v03-05_b0009.txt,batches/07_personality/v03-05_b0009.json,out/07_personality/v03-05_b0009.jsonl
full,7,personality,v03-05_b0010,10,3,30,4409,4418,batches/07_personality/v03-05_b0010.txt,batches/07_personality/v03-05_b0010.json,out/07_personality/v03-05_b0010.jsonl
full,7,personality,v03-05_b0011,10,3,30,4419,4428,batches/07_personality/v03-05_b0011.txt,batches/07_personality/v03-05_b0011.json,out/07_personality/v03-05_b0011.jsonl
full,7,personality,v03-05_b0012,10,3,30,4429,4438,batches/07_personality/v03-05_b0012.txt,batches/07_personality/v03-05_b0012.json,out/07_personality/v03-05_b0012.jsonl
full,7,personality,v03-05_b0013,10,3,30,4439,4448,batches/07_personality/v03-05_b0013.txt,batches/07_personality/v03-05_b0013.json,out/07_personality/v03-05_b0013.jsonl
full,7,personality,v03-05_b0014,10,3,30,4449,4458,batches/07_personality/v03-05_b0014.txt,batches/07_personality/v03-05_b0014.json,out/07_personality/v03-05_b0014.jsonl
full,7,personality,v03-05_b0015,10,3,30,4459,4468,batches/07_personality/v03-05_b0015.txt,batches/07_personality/v03-05_b0015.json,out/07_personality/v03-05_b0015.jsonl
full,7,personality,v03-05_b0016,10,3,30,4469,4478,batches/07_personality/v03-05_b0016.txt,batches/07_personality/v03-05_b0016.json,out/07_personality/v03-05_b0016.jsonl
full,7,personality,v03-05_b0017,10,3,30,4479,4488,batches/07_personality/v03-05_b0017.txt,batches/07_personality/v03-05_b0017.json,out/07_personality/v03-05_b0017.jsonl
full,7,personality,v03-05_b0018,10,3,30,4489,4498,batches/07_personality/v03-05_b0018.txt,batches/07_personality/v03-05_b0018.json,out/07_personality/v03-05_b0018.jsonl
full,7,personality,v03-05_b0019,10,3,30,4499,4508,batches/07_personality/v03-05_b0019.txt,batches/07_personality/v03-05_b0019.json,out/07_personality/v03-05_b0019.jsonl
full,7,personality,v03-05_b0020,10,3,30,4509,4518,batches/07_personality/v03-05_b0020.txt,batches/07_personality/v03-05_b0020.json,out/07_personality/v03-05_b0020.jsonl
full,7,personality,v03-05_b0021,10,3,30,4519,4528,batches/07_personality/v03-05_b0021.txt,batches/07_personality/v03-05_b0021.json,out/07_personality/v03-05_b0021.jsonl
full,7,personality,v03-05_b0022,10,3,30,4529,4538,batches/07_personality/v03-05_b0022.txt,batches/07_personality/v03-05_b0022.json,out/07_personality/v03-05_b0022.jsonl
full,7,personality,v03-05_b0023,10,3,30,4539,4548,batches/07_personality/v03-05_b0023.txt,batches/07_personality/v03-05_b0023.json,out/07_personality/v03-05_b0023.jsonl
full,7,personality,v03-05_b0024,10,3,30,4549,4558,batches/07_personality/v03-05_b0024.txt,batches/07_personality/v03-05_b0024.json,out/07_personality/v03-05_b0024.jsonl
full,7,personality,v03-05_b0025,10,3,30,4559,4568,batches/07_personality/v03-05_b0025.txt,batches/07_personality/v03-05_b0025.json,out/07_personality/v03-05_b0025.jsonl
full,7,personality,v03-05_b0026,10,3,30,4569,4578,batches/07_personality/v03-05_b0026.txt,batches/07_personality/v03-05_b0026.json,out/07_personality/v03-05_b0026.jsonl
full,7,personality,v03-05_b0027,10,3,30,4579,4588,batches/07_personality/v03-05_b0027.txt,batches/07_personality/v03-05_b0027.json,out/07_personality/v03-05_b0027.jsonl
full,7,personality,v06-06_b0001,10,1,10,4319,4328,batches/07_personality/v06-06_b0001.txt,batches/07_personality/v06-06_b0001.json,out/07_personality/v06-06_b0001.jsonl
full,7,personality,v06-06_b0002,10,1,10,4329,4338,batches/07_personality/v06-06_b0002.txt,batches/07_personality/v06-06_b0002.json,out/07_personality/v06-06_b0002.jsonl
full,7,personality,v06-06_b0003,10,1,10,4339,4348,batches/07_personality/v06-06_b0003.txt,batches/07_personality/v06-06_b0003.json,out/07_personality/v06-06_b0003.jsonl
full,7,personality,v06-06_b0004,10,1,10,4349,4358,batches/07_personality/v06-06_b0004.txt,batches/07_personality/v06-06_b0004.json,out/07_personality/v06-06_b0004.jsonl
full,7,personality,v06-06_b0005,10,1,10,4359,4368,batches/07_personality/v06-06_b0005.txt,batches/07_personality/v06-06_b0005.json,out/07_personality/v06-06_b0005.jsonl
full,7,personality,v06-06_b0006,10,1,10,4369,4378,batches/07_personality/v06-06_b0006.txt,batches/07_personality/v06-06_b0006.json,out/07_personality/v06-06_b0006.jsonl
full,7,personality,v06-06_b0007,10,1,10,4379,4388,batches/07_personality/v06-06_b0007.txt,batches/07_personality/v06-06_b0007.json,out/07_personality/v06-06_b0007.jsonl
full,7,personality,v06-06_b0008,10,1,10,4389,4398,batches/07_personality/v06-06_b0008.txt,batches/07_personality/v06-06_b0008.json,out/07_personality/v06-06_b0008.jsonl
full,7,personality,v06-06_b0009,10,1,10,4399,4408,batches/07_personality/v06-06_b0009.txt,batches/07_personality/v06-06_b0009.json,out/07_personality/v06-06_b0009.jsonl
full,7,personality,v06-06_b0010,10,1,10,4409,4418,batches/07_personality/v06-06_b0010.txt,batches/07_personality/v06-06_b0010.json,out/07_personality/v06-06_b0010.jsonl
full,7,personality,v06-06_b0011,10,1,10,4419,4428,batches/07_personality/v06-06_b0011.txt,batches/07_personality/v06-06_b0011.json,out/07_personality/v06-06_b0011.jsonl
full,7,personality,v06-06_b0012,10,1,10,4429,4438,batches/07_personality/v06-06_b0012.txt,batches/07_personality/v06-06_b0012.json,out/07_personality/v06-06_b0012.jsonl
full,7,personality,v06-06_b0013,10,1,10,4439,4448,batches/07_personality/v06-06_b0013.txt,batches/07_personality/v06-06_b0013.json,out/07_personality/v06-06_b0013.jsonl
full,7,personality,v06-06_b0014,10,1,10,4449,4458,batches/07_personality/v06-06_b0014.txt,batches/07_personality/v06-06_b0014.json,out/07_personality/v06-06_b0014.jsonl
full,7,personality,v06-06_b0015,10,1,10,4459,4468,batches/07_personality/v06-06_b0015.txt,batches/07_personality/v06-06_b0015.json,out/07_personality/v06-06_b0015.jsonl
full,7,personality,v06-06_b0016,10,1,10,4469,4478,batches/07_personality/v06-06_b0016.txt,batches/07_personality/v06-06_b0016.json,out/07_personality/v06-06_b0016.jsonl
full,7,personality,v06-06_b0017,10,1,10,4479,4488,batches/07_personality/v06-06_b0017.txt,batches/07_personality/v06-06_b0017.json,out/07_personality/v06-06_b0017.jsonl
full,7,personality,v06-06_b0018,10,1,10,4489,4498,batches/07_personality/v06-06_b0018.txt,batches/07_personality/v06-06_b0018.json,out/07_personality/v06-06_b0018.jsonl
full,7,personality,v06-06_b0019,10,1,10,4499,4508,batches/07_personality/v06-06_b0019.txt,batches/07_personality/v06-06_b0019.json,out/07_personality/v06-06_b0019.jsonl
full,7,personality,v06-06_b0020,10,1,10,4509,4518,batches/07_personality/v06-06_b0020.txt,batches/07_personality/v06-06_b0020.json,out/07_personality/v06-06_b0020.jsonl
full,7,personality,v06-06_b0021,10,1,10,4519,4528,batches/07_personality/v06-06_b0021.txt,batches/07_personality/v06-06_b0021.json,out/07_personality/v06-06_b0021.jsonl
full,7,personality,v06-06_b0022,10,1,10,4529,4538,batches/07_personality/v06-06_b0022.txt,batches/07_personality/v06-06_b0022.json,out/07_personality/v06-06_b0022.jsonl
full,7,personality,v06-06_b0023,10,1,10,4539,4548,batches/07_personality/v06-06_b0023.txt,batches/07_personality/v06-06_b0023.json,out/07_personality/v06-06_b0023.jsonl
full,7,personality,v06-06_b0024,10,1,10,4549,4558,batches/07_personality/v06-06_b0024.txt,batches/07_personality/v06-06_b0024.json,out/07_personality/v06-06_b0024.jsonl
full,7,personality,v06-06_b0025,10,1,10,4559,4568,batches/07_personality/v06-06_b0025.txt,batches/07_personality/v06-06_b0025.json,out/07_personality/v06-06_b0025.jsonl
full,7,personality,v06-06_b0026,10,1,10,4569,4578,batches/07_personality/v06-06_b0026.txt,batches/07_personality/v06-06_b0026.json,out/07_personality/v06-06_b0026.jsonl
full,7,personality,v06-06_b0027,10,1,10,4579,4588,batches/07_personality/v06-06_b0027.txt,batches/07_personality/v06-06_b0027.json,out/07_personality/v06-06_b0027.jsonl
full,8,group,v03-05_b0001,10,3,30,3349,3358,batches/08_group/v03-05_b0001.txt,batches/08_group/v03-05_b0001.json,out/08_group/v03-05_b0001.jsonl
full,8,group,v03-05_b0002,10,3,30,3359,3368,batches/08_group/v03-05_b0002.txt,batches/08_group/v03-05_b0002.json,out/08_group/v03-05_b0002.jsonl
full,8,group,v03-05_b0003,10,3,30,3369,3378,batches/08_group/v03-05_b0003.txt,batches/08_group/v03-05_b0003.json,out/08_group/v03-05_b0003.jsonl
full,8,group,v03-05_b0004,10,3,30,3379,3388,batches/08_group/v03-05_b0004.txt,batches/08_group/v03-05_b0004.json,out/08_group/v03-05_b0004.jsonl
full,8,group,v03-05_b0005,10,3,30,3389,3398,batches/08_group/v03-05_b0005.txt,batches/08_group/v03-05_b0005.json,out/08_group/v03-05_b0005.jsonl
full,8,group,v03-05_b0006,10,3,30,3399,3408,batches/08_group/v03-05_b0006.txt,batches/08_group/v03-05_b0006.json,out/08_group/v03-05_b0006.jsonl
full,8,group,v03-05_b0007,10,3,30,3409,3418,batches/08_group/v03-05_b0007.txt,batches/08_group/v03-05_b0007.json,out/08_group/v03-05_b0007.jsonl
full,8,group,v03-05_b0008,10,3,30,3419,3428,batches/08_group/v03-05_b0008.txt,batches/08_group/v03-05_b0008.json,out/08_group/v03-05_b0008.jsonl
full,8,group,v03-05_b0009,10,3,30,3429,3438,batches/08_group/v03-05_b0009.txt,batches/08_group/v03-05_b0009.json,out/08_group/v03-05_b0009.jsonl
full,8,group,v03-05_b0010,10,3,30,3439,3448,batches/08_group/v03-05_b0010.txt,batches/08_group/v03-05_b0010.json,out/08_group/v03-05_b0010.jsonl
full,8,group,v03-05_b0011,10,3,30,3449,3458,batches/08_group/v03-05_b0011.txt,batches/08_group/v03-05_b0011.json,out/08_group/v03-05_b0011.jsonl
full,8,group,v03-05_b0012,10,3,30,3459,3468,batches/08_group/v03-05_b0012.txt,batches/08_group/v03-05_b0012.json,out/08_group/v03-05_b0012.jsonl
full,8,group,v03-05_b0013,10,3,30,3469,3478,batches/08_group/v03-05_b0013.txt,batches/08_group/v03-05_b0013.json,out/08_group/v03-05_b0013.jsonl
full,8,group,v03-05_b0014,10,3,30,3479,3488,batches/08_group/v03-05_b0014.txt,batches/08_group/v03-05_b0014.json,out/08_group/v03-05_b0014.jsonl
full,8,group,v03-05_b0015,10,3,30,3489,3498,batches/08_group/v03-05_b0015.txt,batches/08_group/v03-05_b0015.json,out/08_group/v03-05_b0015.jsonl
full,8,group,v03-05_b0016,10,3,30,3499,3508,batches/08_group/v03-05_b0016.txt,batches/08_group/v03-05_b0016.json,out/08_group/v03-05_b0016.jsonl
full,8,group,v03-05_b0017,10,3,30,3509,3518,batches/08_group/v03-05_b0017.txt,batches/08_group/v03-05_b0017.json,out/08_group/v03-05_b0017.jsonl
full,8,group,v03-05_b0018,10,3,30,3519,3528,batches/08_group/v03-05_b0018.txt,batches/08_group/v03-05_b0018.json,out/08_group/v03-05_b0018.jsonl
full,8,group,v03-05_b0019,10,3,30,3529,3538,batches/08_group/v03-05_b0019.txt,batches/08_group/v03-05_b0019.json,out/08_group/v03-05_b0019.jsonl
full,8,group,v03-05_b0020,10,3,30,3539,3548,batches/08_group/v03-05_b0020.txt,batches/08_group/v03-05_b0020.json,out/08_group/v03-05_b0020.jsonl
full,8,group,v03-05_b0021,10,3,30,3549,3558,batches/08_group/v03-05_b0021.txt,batches/08_group/v03-05_b0021.json,out/08_group/v03-05_b0021.jsonl
full,8,group,v03-05_b0022,10,3,30,3559,3568,batches/08_group/v03-05_b0022.txt,batches/08_group/v03-05_b0022.json,out/08_group/v03-05_b0022.jsonl
full,8,group,v03-05_b0023,1,3,3,3569,3569,batches/08_group/v03-05_b0023.txt,batches/08_group/v03-05_b0023.json,out/08_group/v03-05_b0023.jsonl
full,8,group,v06-06_b0001,10,1,10,3349,3358,batches/08_group/v06-06_b0001.txt,batches/08_group/v06-06_b0001.json,out/08_group/v06-06_b0001.jsonl
full,8,group,v06-06_b0002,10,1,10,3359,3368,batches/08_group/v06-06_b0002.txt,batches/08_group/v06-06_b0002.json,out/08_group/v06-06_b0002.jsonl
full,8,group,v06-06_b0003,10,1,10,3369,3378,batches/08_group/v06-06_b0003.txt,batches/08_group/v06-06_b0003.json,out/08_group/v06-06_b0003.jsonl
full,8,group,v06-06_b0004,10,1,10,3379,3388,batches/08_group/v06-06_b0004.txt,batches/08_group/v06-06_b0004.json,out/08_group/v06-06_b0004.jsonl
full,8,group,v06-06_b0005,10,1,10,3389,3398,batches/08_group/v06-06_b0005.txt,batches/08_group/v06-06_b0005.json,out/08_group/v06-06_b0005.jsonl
full,8,group,v06-06_b0006,10,1,10,3399,3408,batches/08_group/v06-06_b0006.txt,batches/08_group/v06-06_b0006.json,out/08_group/v06-06_b0006.jsonl
full,8,group,v06-06_b0007,10,1,10,3409,3418,batches/08_group/v06-06_b0007.txt,batches/08_group/v06-06_b0007.json,out/08_group/v06-06_b0007.jsonl
full,8,group,v06-06_b0008,10,1,10,3419,3428,batches/08_group/v06-06_b0008.txt,batches/08_group/v06-06_b0008.json,out/08_group/v06-06_b0008.jsonl
full,8,group,v06-06_b0009,10,1,10,3429,3438,batches/08_group/v06-06_b0009.txt,batches/08_group/v06-06_b0009.json,out/08_group/v06-06_b0009.jsonl
full,8,group,v06-06_b0010,10,1,10,3439,3448,batches/08_group/v06-06_b0010.txt,batches/08_group/v06-06_b0010.json,out/08_group/v06-06_b0010.jsonl
full,8,group,v06-06_b0011,10,1,10,3449,3458,batches/08_group/v06-06_b0011.txt,batches/08_group/v06-06_b0011.json,out/08_group/v06-06_b0011.jsonl
full,8,group,v06-06_b0012,10,1,10,3459,3468,batches/08_group/v06-06_b0012.txt,batches/08_group/v06-06_b0012.json,out/08_group/v06-06_b0012.jsonl
full,8,group,v06-06_b0013,10,1,10,3469,3478,batches/08_group/v06-06_b0013.txt,batches/08_group/v06-06_b0013.json,out/08_group/v06-06_b0013.jsonl
full,8,group,v06-06_b0014,10,1,10,3479,3488,batches/08_group/v06-06_b0014.txt,batches/08_group/v06-06_b0014.json,out/08_group/v06-06_b0014.jsonl
full,8,group,v06-06_b0015,10,1,10,3489,3498,batches/08_group/v06-06_b0015.txt,batches/08_group/v06-06_b0015.json,out/08_group/v06-06_b0015.jsonl
full,8,group,v06-06_b0016,10,1,10,3499,3508,batches/08_group/v06-06_b0016.txt,batches/08_group/v06-06_b0016.json,out/08_group/v06-06_b0016.jsonl
full,8,group,v06-06_b0017,10,1,10,3509,3518,batches/08_group/v06-06_b0017.txt,batches/08_group/v06-06_b0017.json,out/08_group/v06-06_b0017.jsonl
full,8,group,v06-06_b0018,10,1,10,3519,3528,batches/08_group/v06-06_b0018.txt,batches/08_group/v06-06_b0018.json,out/08_group/v06-06_b0018.jsonl
full,8,group,v06-06_b0019,10,1,10,3529,3538,batches/08_group/v06-06_b0019.txt,batches/08_group/v06-06_b0019.json,out/08_group/v06-06_b0019.jsonl
full,8,group,v06-06_b0020,10,1,10,3539,3548,batches/08_group/v06-06_b0020.txt,batches/08_group/v06-06_b0020.json,out/08_group/v06-06_b0020.jsonl
full,8,group,v06-06_b0021,10,1,10,3549,3558,batches/08_group/v06-06_b0021.txt,batches/08_group/v06-06_b0021.json,out/08_group/v06-06_b0021.jsonl
full,8,group,v06-06_b0022,10,1,10,3559,3568,batches/08_group/v06-06_b0022.txt,batches/08_group/v06-06_b0022.json,out/08_group/v06-06_b0022.jsonl
full,8,group,v06-06_b0023,1,1,1,3569,3569,batches/08_group/v06-06_b0023.txt,batches/08_group/v06-06_b0023.json,out/08_group/v06-06_b0023.jsonl
full,9,deception,v03-05_b0001,10,3,30,4589,4598,batches/09_deception/v03-05_b0001.txt,batches/09_deception/v03-05_b0001.json,out/09_deception/v03-05_b0001.jsonl
full,9,deception,v03-05_b0002,10,3,30,4599,4608,batches/09_deception/v03-05_b0002.txt,batches/09_deception/v03-05_b0002.json,out/09_deception/v03-05_b0002.jsonl
full,9,deception,v03-05_b0003,10,3,30,4609,4618,batches/09_deception/v03-05_b0003.txt,batches/09_deception/v03-05_b0003.json,out/09_deception/v03-05_b0003.jsonl
full,9,deception,v03-05_b0004,10,3,30,4619,4628,batches/09_deception/v03-05_b0004.txt,batches/09_deception/v03-05_b0004.json,out/09_deception/v03-05_b0004.jsonl
full,9,deception,v03-05_b0005,10,3,30,4629,4638,batches/09_deception/v03-05_b0005.txt,batches/09_deception/v03-05_b0005.json,out/09_deception/v03-05_b0005.jsonl
full,9,deception,v03-05_b0006,10,3,30,4639,4648,batches/09_deception/v03-05_b0006.txt,batches/09_deception/v03-05_b0006.json,out/09_deception/v03-05_b0006.jsonl
full,9,deception,v03-05_b0007,10,3,30,4649,4658,batches/09_deception/v03-05_b0007.txt,batches/09_deception/v03-05_b0007.json,out/09_deception/v03-05_b0007.jsonl
full,9,deception,v03-05_b0008,10,3,30,4659,4668,batches/09_deception/v03-05_b0008.txt,batches/09_deception/v03-05_b0008.json,out/09_deception/v03-05_b0008.jsonl
full,9,deception,v03-05_b0009,10,3,30,4669,4678,batches/09_deception/v03-05_b0009.txt,batches/09_deception/v03-05_b0009.json,out/09_deception/v03-05_b0009.jsonl
full,9,deception,v03-05_b0010,10,3,30,4679,4688,batches/09_deception/v03-05_b0010.txt,batches/09_deception/v03-05_b0010.json,out/09_deception/v03-05_b0010.jsonl
full,9,deception,v03-05_b0011,10,3,30,4689,4698,batches/09_deception/v03-05_b0011.txt,batches/09_deception/v03-05_b0011.json,out/09_deception/v03-05_b0011.jsonl
full,9,deception,v03-05_b0012,10,3,30,4699,4708,batches/09_deception/v03-05_b0012.txt,batches/09_deception/v03-05_b0012.json,out/09_deception/v03-05_b0012.jsonl
full,9,deception,v03-05_b0013,10,3,30,4709,4718,batches/09_deception/v03-05_b0013.txt,batches/09_deception/v03-05_b0013.json,out/09_deception/v03-05_b0013.jsonl
full,9,deception,v03-05_b0014,10,3,30,4719,4728,batches/09_deception/v03-05_b0014.txt,batches/09_deception/v03-05_b0014.json,out/09_deception/v03-05_b0014.jsonl
full,9,deception,v03-05_b0015,10,3,30,4729,4738,batches/09_deception/v03-05_b0015.txt,batches/09_deception/v03-05_b0015.json,out/09_deception/v03-05_b0015.jsonl
full,9,deception,v03-05_b0016,10,3,30,4739,4748,batches/09_deception/v03-05_b0016.txt,batches/09_deception/v03-05_b0016.json,out/09_deception/v03-05_b0016.jsonl
full,9,deception,v03-05_b0017,10,3,30,4749,4758,batches/09_deception/v03-05_b0017.txt,batches/09_deception/v03-05_b0017.json,out/09_deception/v03-05_b0017.jsonl
full,9,deception,v03-05_b0018,10,3,30,4759,4768,batches/09_deception/v03-05_b0018.txt,batches/09_deception/v03-05_b0018.json,out/09_deception/v03-05_b0018.jsonl
full,9,deception,v03-05_b0019,3,3,9,4769,4771,batches/09_deception/v03-05_b0019.txt,batches/09_deception/v03-05_b0019.json,out/09_deception/v03-05_b0019.jsonl
full,9,deception,v06-06_b0001,10,1,10,4589,4598,batches/09_deception/v06-06_b0001.txt,batches/09_deception/v06-06_b0001.json,out/09_deception/v06-06_b0001.jsonl
full,9,deception,v06-06_b0002,10,1,10,4599,4608,batches/09_deception/v06-06_b0002.txt,batches/09_deception/v06-06_b0002.json,out/09_deception/v06-06_b0002.jsonl
full,9,deception,v06-06_b0003,10,1,10,4609,4618,batches/09_deception/v06-06_b0003.txt,batches/09_deception/v06-06_b0003.json,out/09_deception/v06-06_b0003.jsonl
full,9,deception,v06-06_b0004,10,1,10,4619,4628,batches/09_deception/v06-06_b0004.txt,batches/09_deception/v06-06_b0004.json,out/09_deception/v06-06_b0004.jsonl
full,9,deception,v06-06_b0005,10,1,10,4629,4638,batches/09_deception/v06-06_b0005.txt,batches/09_deception/v06-06_b0005.json,out/09_deception/v06-06_b0005.jsonl
full,9,deception,v06-06_b0006,10,1,10,4639,4648,batches/09_deception/v06-06_b0006.txt,batches/09_deception/v06-06_b0006.json,out/09_deception/v06-06_b0006.jsonl
full,9,deception,v06-06_b0007,10,1,10,4649,4658,batches/09_deception/v06-06_b0007.txt,batches/09_deception/v06-06_b0007.json,out/09_deception/v06-06_b0007.jsonl
full,9,deception,v06-06_b0008,10,1,10,4659,4668,batches/09_deception/v06-06_b0008.txt,batches/09_deception/v06-06_b0008.json,out/09_deception/v06-06_b0008.jsonl
full,9,deception,v06-06_b0009,10,1,10,4669,4678,batches/09_deception/v06-06_b0009.txt,batches/09_deception/v06-06_b0009.json,out/09_deception/v06-06_b0009.jsonl
full,9,deception,v06-06_b0010,10,1,10,4679,4688,batches/09_deception/v06-06_b0010.txt,batches/09_deception/v06-06_b0010.json,out/09_deception/v06-06_b0010.jsonl
full,9,deception,v06-06_b0011,10,1,10,4689,4698,batches/09_deception/v06-06_b0011.txt,batches/09_deception/v06-06_b0011.json,out/09_deception/v06-06_b0011.jsonl
full,9,deception,v06-06_b0012,10,1,10,4699,4708,batches/09_deception/v06-06_b0012.txt,batches/09_deception/v06-06_b0012.json,out/09_deception/v06-06_b0012.jsonl
full,9,deception,v06-06_b0013,10,1,10,4709,4718,batches/09_deception/v06-06_b0013.txt,batches/09_deception/v06-06_b0013.json,out/09_deception/v06-06_b0013.jsonl
full,9,deception,v06-06_b0014,10,1,10,4719,4728,batches/09_deception/v06-06_b0014.txt,batches/09_deception/v06-06_b0014.json,out/09_deception/v06-06_b0014.jsonl
full,9,deception,v06-06_b0015,10,1,10,4729,4738,batches/09_deception/v06-06_b0015.txt,batches/09_deception/v06-06_b0015.json,out/09_deception/v06-06_b0015.jsonl
full,9,deception,v06-06_b0016,10,1,10,4739,4748,batches/09_deception/v06-06_b0016.txt,batches/09_deception/v06-06_b0016.json,out/09_deception/v06-06_b0016.jsonl
full,9,deception,v06-06_b0017,10,1,10,4749,4758,batches/09_deception/v06-06_b0017.txt,batches/09_deception/v06-06_b0017.json,out/09_deception/v06-06_b0017.jsonl
full,9,deception,v06-06_b0018,10,1,10,4759,4768,batches/09_deception/v06-06_b0018.txt,batches/09_deception/v06-06_b0018.json,out/09_deception/v06-06_b0018.jsonl
full,9,deception,v06-06_b0019,3,1,3,4769,4771,batches/09_deception/v06-06_b0019.txt,batches/09_deception/v06-06_b0019.json,out/09_deception/v06-06_b0019.jsonl
full,10,culture,v03-05_b0001,10,3,30,4772,4781,batches/10_culture/v03-05_b0001.txt,batches/10_culture/v03-05_b0001.json,out/10_culture/v03-05_b0001.jsonl
full,10,culture,v03-05_b0002,10,3,30,4782,4791,batches/10_culture/v03-05_b0002.txt,batches/10_culture/v03-05_b0002.json,out/10_culture/v03-05_b0002.jsonl
full,10,culture,v03-05_b0003,10,3,30,4792,4801,batches/10_culture/v03-05_b0003.txt,batches/10_culture/v03-05_b0003.json,out/10_culture/v03-05_b0003.jsonl
full,10,culture,v03-05_b0004,10,3,30,4802,4811,batches/10_culture/v03-05_b0004.txt,batches/10_culture/v03-05_b0004.json,out/10_culture/v03-05_b0004.jsonl
full,10,culture,v03-05_b0005,10,3,30,4812,4821,batches/10_culture/v03-05_b0005.txt,batches/10_culture/v03-05_b0005.json,out/10_culture/v03-05_b0005.jsonl
full,10,culture,v03-05_b0006,10,3,30,4822,4831,batches/10_culture/v03-05_b0006.txt,batches/10_culture/v03-05_b0006.json,out/10_culture/v03-05_b0006.jsonl
full,10,culture,v03-05_b0007,10,3,30,4832,4841,batches/10_culture/v03-05_b0007.txt,batches/10_culture/v03-05_b0007.json,out/10_culture/v03-05_b0007.jsonl
full,10,culture,v03-05_b0008,10,3,30,4842,4851,batches/10_culture/v03-05_b0008.txt,batches/10_culture/v03-05_b0008.json,out/10_culture/v03-05_b0008.jsonl
full,10,culture,v03-05_b0009,10,3,30,4852,4861,batches/10_culture/v03-05_b0009.txt,batches/10_culture/v03-05_b0009.json,out/10_culture/v03-05_b0009.jsonl
full,10,culture,v03-05_b0010,10,3,30,4862,4871,batches/10_culture/v03-05_b0010.txt,batches/10_culture/v03-05_b0010.json,out/10_culture/v03-05_b0010.jsonl
full,10,culture,v03-05_b0011,10,3,30,4872,4881,batches/10_culture/v03-05_b0011.txt,batches/10_culture/v03-05_b0011.json,out/10_culture/v03-05_b0011.jsonl
full,10,culture,v03-05_b0012,10,3,30,4882,4891,batches/10_culture/v03-05_b0012.txt,batches/10_culture/v03-05_b0012.json,out/10_culture/v03-05_b0012.jsonl
full,10,culture,v03-05_b0013,10,3,30,4892,4901,batches/10_culture/v03-05_b0013.txt,batches/10_culture/v03-05_b0013.json,out/10_culture/v03-05_b0013.jsonl
full,10,culture,v03-05_b0014,10,3,30,4902,4911,batches/10_culture/v03-05_b0014.txt,batches/10_culture/v03-05_b0014.json,out/10_culture/v03-05_b0014.jsonl
full,10,culture,v03-05_b0015,10,3,30,4912,4921,batches/10_culture/v03-05_b0015.txt,batches/10_culture/v03-05_b0015.json,out/10_culture/v03-05_b0015.jsonl
full,10,culture,v03-05_b0016,10,3,30,4922,4931,batches/10_culture/v03-05_b0016.txt,batches/10_culture/v03-05_b0016.json,out/10_culture/v03-05_b0016.jsonl
full,10,culture,v03-05_b0017,10,3,30,4932,4941,batches/10_culture/v03-05_b0017.txt,batches/10_culture/v03-05_b0017.json,out/10_culture/v03-05_b0017.jsonl
full,10,culture,v03-05_b0018,10,3,30,4942,4951,batches/10_culture/v03-05_b0018.txt,batches/10_culture/v03-05_b0018.json,out/10_culture/v03-05_b0018.jsonl
full,10,culture,v03-05_b0019,10,3,30,4952,4961,batches/10_culture/v03-05_b0019.txt,batches/10_culture/v03-05_b0019.json,out/10_culture/v03-05_b0019.jsonl
full,10,culture,v03-05_b0020,10,3,30,4962,4971,batches/10_culture/v03-05_b0020.txt,batches/10_culture/v03-05_b0020.json,out/10_culture/v03-05_b0020.jsonl
full,10,culture,v03-05_b0021,10,3,30,4972,4981,batches/10_culture/v03-05_b0021.txt,batches/10_culture/v03-05_b0021.json,out/10_culture/v03-05_b0021.jsonl
full,10,culture,v03-05_b0022,10,3,30,4982,4991,batches/10_culture/v03-05_b0022.txt,batches/10_culture/v03-05_b0022.json,out/10_culture/v03-05_b0022.jsonl
full,10,culture,v06-06_b0001,10,1,10,4772,4781,batches/10_culture/v06-06_b0001.txt,batches/10_culture/v06-06_b0001.json,out/10_culture/v06-06_b0001.jsonl
full,10,culture,v06-06_b0002,10,1,10,4782,4791,batches/10_culture/v06-06_b0002.txt,batches/10_culture/v06-06_b0002.json,out/10_culture/v06-06_b0002.jsonl
full,10,culture,v06-06_b0003,10,1,10,4792,4801,batches/10_culture/v06-06_b0003.txt,batches/10_culture/v06-06_b0003.json,out/10_culture/v06-06_b0003.jsonl
full,10,culture,v06-06_b0004,10,1,10,4802,4811,batches/10_culture/v06-06_b0004.txt,batches/10_culture/v06-06_b0004.json,out/10_culture/v06-06_b0004.jsonl
full,10,culture,v06-06_b0005,10,1,10,4812,4821,batches/10_culture/v06-06_b0005.txt,batches/10_culture/v06-06_b0005.json,out/10_culture/v06-06_b0005.jsonl
full,10,culture,v06-06_b0006,10,1,10,4822,4831,batches/10_culture/v06-06_b0006.txt,batches/10_culture/v06-06_b0006.json,out/10_culture/v06-06_b0006.jsonl
full,10,culture,v06-06_b0007,10,1,10,4832,4841,batches/10_culture/v06-06_b0007.txt,batches/10_culture/v06-06_b0007.json,out/10_culture/v06-06_b0007.jsonl
full,10,culture,v06-06_b0008,10,1,10,4842,4851,batches/10_culture/v06-06_b0008.txt,batches/10_culture/v06-06_b0008.json,out/10_culture/v06-06_b0008.jsonl
full,10,culture,v06-06_b0009,10,1,10,4852,4861,batches/10_culture/v06-06_b0009.txt,batches/10_culture/v06-06_b0009.json,out/10_culture/v06-06_b0009.jsonl
full,10,culture,v06-06_b0010,10,1,10,4862,4871,batches/10_culture/v06-06_b0010.txt,batches/10_culture/v06-06_b0010.json,out/10_culture/v06-06_b0010.jsonl
full,10,culture,v06-06_b0011,10,1,10,4872,4881,batches/10_culture/v06-06_b0011.txt,batches/10_culture/v06-06_b0011.json,out/10_culture/v06-06_b0011.jsonl
full,10,culture,v06-06_b0012,10,1,10,4882,4891,batches/10_culture/v06-06_b0012.txt,batches/10_culture/v06-06_b0012.json,out/10_culture/v06-06_b0012.jsonl
full,10,culture,v06-06_b0013,10,1,10,4892,4901,batches/10_culture/v06-06_b0013.txt,batches/10_culture/v06-06_b0013.json,out/10_culture/v06-06_b0013.jsonl
full,10,culture,v06-06_b0014,10,1,10,4902,4911,batches/10_culture/v06-06_b0014.txt,batches/10_culture/v06-06_b0014.json,out/10_culture/v06-06_b0014.jsonl
full,10,culture,v06-06_b0015,10,1,10,4912,4921,batches/10_culture/v06-06_b0015.txt,batches/10_culture/v06-06_b0015.json,out/10_culture/v06-06_b0015.jsonl
full,10,culture,v06-06_b0016,10,1,10,4922,4931,batches/10_culture/v06-06_b0016.txt,batches/10_culture/v06-06_b0016.json,out/10_culture/v06-06_b0016.jsonl
full,10,culture,v06-06_b0017,10,1,10,4932,4941,batches/10_culture/v06-06_b0017.txt,batches/10_culture/v06-06_b0017.json,out/10_culture/v06-06_b0017.jsonl
full,10,culture,v06-06_b0018,10,1,10,4942,4951,batches/10_culture/v06-06_b0018.txt,batches/10_culture/v06-06_b0018.json,out/10_culture/v06-06_b0018.jsonl
full,10,culture,v06-06_b0019,10,1,10,4952,4961,batches/10_culture/v06-06_b0019.txt,batches/10_culture/v06-06_b0019.json,out/10_culture/v06-06_b0019.jsonl
full,10,culture,v06-06_b0020,10,1,10,4962,4971,batches/10_culture/v06-06_b0020.txt,batches/10_culture/v06-06_b0020.json,out/10_culture/v06-06_b0020.jsonl
full,10,culture,v06-06_b0021,10,1,10,4972,4981,batches/10_culture/v06-06_b0021.txt,batches/10_culture/v06-06_b0021.json,out/10_culture/v06-06_b0021.jsonl
full,10,culture,v06-06_b0022,10,1,10,4982,4991,batches/10_culture/v06-06_b0022.txt,batches/10_culture/v06-06_b0022.json,out/10_culture/v06-06_b0022.jsonl
full,11,body,v03-05_b0001,10,3,30,4119,4128,batches/11_body/v03-05_b0001.txt,batches/11_body/v03-05_b0001.json,out/11_body/v03-05_b0001.jsonl
full,11,body,v03-05_b0002,10,3,30,4129,4138,batches/11_body/v03-05_b0002.txt,batches/11_body/v03-05_b0002.json,out/11_body/v03-05_b0002.jsonl
full,11,body,v03-05_b0003,10,3,30,4139,4148,batches/11_body/v03-05_b0003.txt,batches/11_body/v03-05_b0003.json,out/11_body/v03-05_b0003.jsonl
full,11,body,v03-05_b0004,10,3,30,4149,4158,batches/11_body/v03-05_b0004.txt,batches/11_body/v03-05_b0004.json,out/11_body/v03-05_b0004.jsonl
full,11,body,v03-05_b0005,10,3,30,4159,4168,batches/11_body/v03-05_b0005.txt,batches/11_body/v03-05_b0005.json,out/11_body/v03-05_b0005.jsonl
full,11,body,v03-05_b0006,10,3,30,4169,4178,batches/11_body/v03-05_b0006.txt,batches/11_body/v03-05_b0006.json,out/11_body/v03-05_b0006.jsonl
full,11,body,v03-05_b0007,10,3,30,4179,4188,batches/11_body/v03-05_b0007.txt,batches/11_body/v03-05_b0007.json,out/11_body/v03-05_b0007.jsonl
full,11,body,v03-05_b0008,10,3,30,4189,4198,batches/11_body/v03-05_b0008.txt,batches/11_body/v03-05_b0008.json,out/11_body/v03-05_b0008.jsonl
full,11,body,v03-05_b0009,10,3,30,4199,4208,batches/11_body/v03-05_b0009.txt,batches/11_body/v03-05_b0009.json,out/11_body/v03-05_b0009.jsonl
full,11,body,v03-05_b0010,10,3,30,4209,4218,batches/11_body/v03-05_b0010.txt,batches/11_body/v03-05_b0010.json,out/11_body/v03-05_b0010.jsonl
full,11,body,v03-05_b0011,10,3,30,4219,4228,batches/11_body/v03-05_b0011.txt,batches/11_body/v03-05_b0011.json,out/11_body/v03-05_b0011.jsonl
full,11,body,v03-05_b0012,10,3,30,4229,4238,batches/11_body/v03-05_b0012.txt,batches/11_body/v03-05_b0012.json,out/11_body/v03-05_b0012.jsonl
full,11,body,v03-05_b0013,10,3,30,4239,4248,batches/11_body/v03-05_b0013.txt,batches/11_body/v03-05_b0013.json,out/11_body/v03-05_b0013.jsonl
full,11,body,v03-05_b0014,10,3,30,4249,4258,batches/11_body/v03-05_b0014.txt,batches/11_body/v03-05_b0014.json,out/11_body/v03-05_b0014.jsonl
full,11,body,v03-05_b0015,10,3,30,4259,4268,batches/11_body/v03-05_b0015.txt,batches/11_body/v03-05_b0015.json,out/11_body/v03-05_b0015.jsonl
full,11,body,v03-05_b0016,10,3,30,4269,4278,batches/11_body/v03-05_b0016.txt,batches/11_body/v03-05_b0016.json,out/11_body/v03-05_b0016.jsonl
full,11,body,v03-05_b0017,10,3,30,4279,4288,batches/11_body/v03-05_b0017.txt,batches/11_body/v03-05_b0017.json,out/11_body/v03-05_b0017.jsonl
full,11,body,v03-05_b0018,10,3,30,4289,4298,batches/11_body/v03-05_b0018.txt,batches/11_body/v03-05_b0018.json,out/11_body/v03-05_b0018.jsonl
full,11,body,v03-05_b0019,10,3,30,4299,4308,batches/11_body/v03-05_b0019.txt,batches/11_body/v03-05_b0019.json,out/11_body/v03-05_b0019.jsonl
full,11,body,v03-05_b0020,10,3,30,4309,4318,batches/11_body/v03-05_b0020.txt,batches/11_body/v03-05_b0020.json,out/11_body/v03-05_b0020.jsonl
full,11,body,v06-06_b0001,10,1,10,4119,4128,batches/11_body/v06-06_b0001.txt,batches/11_body/v06-06_b0001.json,out/11_body/v06-06_b0001.jsonl
full,11,body,v06-06_b0002,10,1,10,4129,4138,batches/11_body/v06-06_b0002.txt,batches/11_body/v06-06_b0002.json,out/11_body/v06-06_b0002.jsonl
full,11,body,v06-06_b0003,10,1,10,4139,4148,batches/11_body/v06-06_b0003.txt,batches/11_body/v06-06_b0003.json,out/11_body/v06-06_b0003.jsonl
full,11,body,v06-06_b0004,10,1,10,4149,4158,batches/11_body/v06-06_b0004.txt,batches/11_body/v06-06_b0004.json,out/11_body/v06-06_b0004.jsonl
full,11,body,v06-06_b0005,10,1,10,4159,4168,batches/11_body/v06-06_b0005.txt,batches/11_body/v06-06_b0005.json,out/11_body/v06-06_b0005.jsonl
full,11,body,v06-06_b0006,10,1,10,4169,4178,batches/11_body/v06-06_b0006.txt,batches/11_body/v06-06_b0006.json,out/11_body/v06-06_b0006.jsonl
full,11,body,v06-06_b0007,10,1,10,4179,4188,batches/11_body/v06-06_b0007.txt,batches/11_body/v06-06_b0007.json,out/11_body/v06-06_b0007.jsonl
full,11,body,v06-06_b0008,10,1,10,4189,4198,batches/11_body/v06-06_b0008.txt,batches/11_body/v06-06_b0008.json,out/11_body/v06-06_b0008.jsonl
full,11,body,v06-06_b0009,10,1,10,4199,4208,batches/11_body/v06-06_b0009.txt,batches/11_body/v06-06_b0009.json,out/11_body/v06-06_b0009.jsonl
full,11,body,v06-06_b0010,10,1,10,4209,4218,batches/11_body/v06-06_b0010.txt,batches/11_body/v06-06_b0010.json,out/11_body/v06-06_b0010.jsonl
full,11,body,v06-06_b0011,10,1,10,4219,4228,batches/11_body/v06-06_b0011.txt,batches/11_body/v06-06_b0011.json,out/11_body/v06-06_b0011.jsonl
full,11,body,v06-06_b0012,10,1,10,4229,4238,batches/11_body/v06-06_b0012.txt,batches/11_body/v06-06_b0012.json,out/11_body/v06-06_b0012.jsonl
full,11,body,v06-06_b0013,10,1,10,4239,4248,batches/11_body/v06-06_b0013.txt,batches/11_body/v06-06_b0013.json,out/11_body/v06-06_b0013.jsonl
full,11,body,v06-06_b0014,10,1,10,4249,4258,batches/11_body/v06-06_b0014.txt,batches/11_body/v06-06_b0014.json,out/11_body/v06-06_b0014.jsonl
full,11,body,v06-06_b0015,10,1,10,4259,4268,batches/11_body/v06-06_b0015.txt,batches/11_body/v06-06_b0015.json,out/11_body/v06-06_b0015.jsonl
full,11,body,v06-06_b0016,10,1,10,4269,4278,batches/11_body/v06-06_b0016.txt,batches/11_body/v06-06_b0016.json,out/11_body/v06-06_b0016.jsonl
full,11,body,v06-06_b0017,10,1,10,4279,4288,batches/11_body/v06-06_b0017.txt,batches/11_body/v06-06_b0017.json,out/11_body/v06-06_b0017.jsonl
full,11,body,v06-06_b0018,10,1,10,4289,4298,batches/11_body/v06-06_b0018.txt,batches/11_body/v06-06_b0018.json,out/11_body/v06-06_b0018.jsonl
full,11,body,v06-06_b0019,10,1,10,4299,4308,batches/11_body/v06-06_b0019.txt,batches/11_body/v06-06_b0019.json,out/11_body/v06-06_b0019.jsonl
full,11,body,v06-06_b0020,10,1,10,4309,4318,batches/11_body/v06-06_b0020.txt,batches/11_body/v06-06_b0020.json,out/11_body/v06-06_b0020.jsonl
full,12,execution,v03-05_b0001,10,3,30,4992,5001,batches/12_execution/v03-05_b0001.txt,batches/12_execution/v03-05_b0001.json,out/12_execution/v03-05_b0001.jsonl
full,12,execution,v03-05_b0002,10,3,30,5002,5011,batches/12_execution/v03-05_b0002.txt,batches/12_execution/v03-05_b0002.json,out/12_execution/v03-05_b0002.jsonl
full,12,execution,v03-05_b0003,10,3,30,5012,5021,batches/12_execution/v03-05_b0003.txt,batches/12_execution/v03-05_b0003.json,out/12_execution/v03-05_b0003.jsonl
full,12,execution,v03-05_b0004,10,3,30,5022,5031,batches/12_execution/v03-05_b0004.txt,batches/12_execution/v03-05_b0004.json,out/12_execution/v03-05_b0004.jsonl
full,12,execution,v03-05_b0005,10,3,30,5032,5041,batches/12_execution/v03-05_b0005.txt,batches/12_execution/v03-05_b0005.json,out/12_execution/v03-05_b0005.jsonl
full,12,execution,v03-05_b0006,10,3,30,5042,5051,batches/12_execution/v03-05_b0006.txt,batches/12_execution/v03-05_b0006.json,out/12_execution/v03-05_b0006.jsonl
full,12,execution,v03-05_b0007,10,3,30,5052,5061,batches/12_execution/v03-05_b0007.txt,batches/12_execution/v03-05_b0007.json,out/12_execution/v03-05_b0007.jsonl
full,12,execution,v03-05_b0008,10,3,30,5062,5071,batches/12_execution/v03-05_b0008.txt,batches/12_execution/v03-05_b0008.json,out/12_execution/v03-05_b0008.jsonl
full,12,execution,v03-05_b0009,10,3,30,5072,5081,batches/12_execution/v03-05_b0009.txt,batches/12_execution/v03-05_b0009.json,out/12_execution/v03-05_b0009.jsonl
full,12,execution,v03-05_b0010,10,3,30,5082,5091,batches/12_execution/v03-05_b0010.txt,batches/12_execution/v03-05_b0010.json,out/12_execution/v03-05_b0010.jsonl
full,12,execution,v03-05_b0011,10,3,30,5092,5101,batches/12_execution/v03-05_b0011.txt,batches/12_execution/v03-05_b0011.json,out/12_execution/v03-05_b0011.jsonl
full,12,execution,v03-05_b0012,10,3,30,5102,5111,batches/12_execution/v03-05_b0012.txt,batches/12_execution/v03-05_b0012.json,out/12_execution/v03-05_b0012.jsonl
full,12,execution,v03-05_b0013,10,3,30,5112,5121,batches/12_execution/v03-05_b0013.txt,batches/12_execution/v03-05_b0013.json,out/12_execution/v03-05_b0013.jsonl
full,12,execution,v03-05_b0014,10,3,30,5122,5131,batches/12_execution/v03-05_b0014.txt,batches/12_execution/v03-05_b0014.json,out/12_execution/v03-05_b0014.jsonl
full,12,execution,v03-05_b0015,10,3,30,5132,5141,batches/12_execution/v03-05_b0015.txt,batches/12_execution/v03-05_b0015.json,out/12_execution/v03-05_b0015.jsonl
full,12,execution,v03-05_b0016,10,3,30,5142,5151,batches/12_execution/v03-05_b0016.txt,batches/12_execution/v03-05_b0016.json,out/12_execution/v03-05_b0016.jsonl
full,12,execution,v03-05_b0017,10,3,30,5152,5161,batches/12_execution/v03-05_b0017.txt,batches/12_execution/v03-05_b0017.json,out/12_execution/v03-05_b0017.jsonl
full,12,execution,v03-05_b0018,10,3,30,5162,5171,batches/12_execution/v03-05_b0018.txt,batches/12_execution/v03-05_b0018.json,out/12_execution/v03-05_b0018.jsonl
full,12,execution,v03-05_b0019,10,3,30,5172,5181,batches/12_execution/v03-05_b0019.txt,batches/12_execution/v03-05_b0019.json,out/12_execution/v03-05_b0019.jsonl
full,12,execution,v03-05_b0020,10,3,30,5182,5191,batches/12_execution/v03-05_b0020.txt,batches/12_execution/v03-05_b0020.json,out/12_execution/v03-05_b0020.jsonl
full,12,execution,v03-05_b0021,4,3,12,5192,5195,batches/12_execution/v03-05_b0021.txt,batches/12_execution/v03-05_b0021.json,out/12_execution/v03-05_b0021.jsonl
full,12,execution,v06-06_b0001,10,1,10,4992,5001,batches/12_execution/v06-06_b0001.txt,batches/12_execution/v06-06_b0001.json,out/12_execution/v06-06_b0001.jsonl
full,12,execution,v06-06_b0002,10,1,10,5002,5011,batches/12_execution/v06-06_b0002.txt,batches/12_execution/v06-06_b0002.json,out/12_execution/v06-06_b0002.jsonl
full,12,execution,v06-06_b0003,10,1,10,5012,5021,batches/12_execution/v06-06_b0003.txt,batches/12_execution/v06-06_b0003.json,out/12_execution/v06-06_b0003.jsonl
full,12,execution,v06-06_b0004,10,1,10,5022,5031,batches/12_execution/v06-06_b0004.txt,batches/12_execution/v06-06_b0004.json,out/12_execution/v06-06_b0004.jsonl
full,12,execution,v06-06_b0005,10,1,10,5032,5041,batches/12_execution/v06-06_b0005.txt,batches/12_execution/v06-06_b0005.json,out/12_execution/v06-06_b0005.jsonl
full,12,execution,v06-06_b0006,10,1,10,5042,5051,batches/12_execution/v06-06_b0006.txt,batches/12_execution/v06-06_b0006.json,out/12_execution/v06-06_b0006.jsonl
full,12,execution,v06-06_b0007,10,1,10,5052,5061,batches/12_execution/v06-06_b0007.txt,batches/12_execution/v06-06_b0007.json,out/12_execution/v06-06_b0007.jsonl
full,12,execution,v06-06_b0008,10,1,10,5062,5071,batches/12_execution/v06-06_b0008.txt,batches/12_execution/v06-06_b0008.json,out/12_execution/v06-06_b0008.jsonl
full,12,execution,v06-06_b0009,10,1,10,5072,5081,batches/12_execution/v06-06_b0009.txt,batches/12_execution/v06-06_b0009.json,out/12_execution/v06-06_b0009.jsonl
full,12,execution,v06-06_b0010,10,1,10,5082,5091,batches/12_execution/v06-06_b0010.txt,batches/12_execution/v06-06_b0010.json,out/12_execution/v06-06_b0010.jsonl
full,12,execution,v06-06_b0011,10,1,10,5092,5101,batches/12_execution/v06-06_b0011.txt,batches/12_execution/v06-06_b0011.json,out/12_execution/v06-06_b0011.jsonl
full,12,execution,v06-06_b0012,10,1,10,5102,5111,batches/12_execution/v06-06_b0012.txt,batches/12_execution/v06-06_b0012.json,out/12_execution/v06-06_b0012.jsonl
full,12,execution,v06-06_b0013,10,1,10,5112,5121,batches/12_execution/v06-06_b0013.txt,batches/12_execution/v06-06_b0013.json,out/12_execution/v06-06_b0013.jsonl
full,12,execution,v06-06_b0014,10,1,10,5122,5131,batches/12_execution/v06-06_b0014.txt,batches/12_execution/v06-06_b0014.json,out/12_execution/v06-06_b0014.jsonl
full,12,execution,v06-06_b0015,10,1,10,5132,5141,batches/12_execution/v06-06_b0015.txt,batches/12_execution/v06-06_b0015.json,out/12_execution/v06-06_b0015.jsonl
full,12,execution,v06-06_b0016,10,1,10,5142,5151,batches/12_execution/v06-06_b0016.txt,batches/12_execution/v06-06_b0016.json,out/12_execution/v06-06_b0016.jsonl
full,12,execution,v06-06_b0017,10,1,10,5152,5161,batches/12_execution/v06-06_b0017.txt,batches/12_execution/v06-06_b0017.json,out/12_execution/v06-06_b0017.jsonl
full,12,execution,v06-06_b0018,10,1,10,5162,5171,batches/12_execution/v06-06_b0018.txt,batches/12_execution/v06-06_b0018.json,out/12_execution/v06-06_b0018.jsonl
full,12,execution,v06-06_b0019,10,1,10,5172,5181,batches/12_execution/v06-06_b0019.txt,batches/12_execution/v06-06_b0019.json,out/12_execution/v06-06_b0019.jsonl
full,12,execution,v06-06_b0020,10,1,10,5182,5191,batches/12_execution/v06-06_b0020.txt,batches/12_execution/v06-06_b0020.json,out/12_execution/v06-06_b0020.jsonl
full,12,execution,v06-06_b0021,4,1,4,5192,5195,batches/12_execution/v06-06_b0021.txt,batches/12_execution/v06-06_b0021.json,out/12_execution/v06-06_b0021.jsonl
full,13,wellbeing,v03-05_b0001,10,3,30,5196,5205,batches/13_wellbeing/v03-05_b0001.txt,batches/13_wellbeing/v03-05_b0001.json,out/13_wellbeing/v03-05_b0001.jsonl
full,13,wellbeing,v03-05_b0002,10,3,30,5206,5215,batches/13_wellbeing/v03-05_b0002.txt,batches/13_wellbeing/v03-05_b0002.json,out/13_wellbeing/v03-05_b0002.jsonl
full,13,wellbeing,v03-05_b0003,10,3,30,5216,5225,batches/13_wellbeing/v03-05_b0003.txt,batches/13_wellbeing/v03-05_b0003.json,out/13_wellbeing/v03-05_b0003.jsonl
full,13,wellbeing,v03-05_b0004,10,3,30,5226,5235,batches/13_wellbeing/v03-05_b0004.txt,batches/13_wellbeing/v03-05_b0004.json,out/13_wellbeing/v03-05_b0004.jsonl
full,13,wellbeing,v03-05_b0005,10,3,30,5236,5245,batches/13_wellbeing/v03-05_b0005.txt,batches/13_wellbeing/v03-05_b0005.json,out/13_wellbeing/v03-05_b0005.jsonl
full,13,wellbeing,v03-05_b0006,10,3,30,5246,5255,batches/13_wellbeing/v03-05_b0006.txt,batches/13_wellbeing/v03-05_b0006.json,out/13_wellbeing/v03-05_b0006.jsonl
full,13,wellbeing,v03-05_b0007,10,3,30,5256,5265,batches/13_wellbeing/v03-05_b0007.txt,batches/13_wellbeing/v03-05_b0007.json,out/13_wellbeing/v03-05_b0007.jsonl
full,13,wellbeing,v03-05_b0008,10,3,30,5266,5275,batches/13_wellbeing/v03-05_b0008.txt,batches/13_wellbeing/v03-05_b0008.json,out/13_wellbeing/v03-05_b0008.jsonl
full,13,wellbeing,v03-05_b0009,10,3,30,5276,5285,batches/13_wellbeing/v03-05_b0009.txt,batches/13_wellbeing/v03-05_b0009.json,out/13_wellbeing/v03-05_b0009.jsonl
full,13,wellbeing,v03-05_b0010,10,3,30,5286,5295,batches/13_wellbeing/v03-05_b0010.txt,batches/13_wellbeing/v03-05_b0010.json,out/13_wellbeing/v03-05_b0010.jsonl
full,13,wellbeing,v03-05_b0011,10,3,30,5296,5305,batches/13_wellbeing/v03-05_b0011.txt,batches/13_wellbeing/v03-05_b0011.json,out/13_wellbeing/v03-05_b0011.jsonl
full,13,wellbeing,v03-05_b0012,10,3,30,5306,5315,batches/13_wellbeing/v03-05_b0012.txt,batches/13_wellbeing/v03-05_b0012.json,out/13_wellbeing/v03-05_b0012.jsonl
full,13,wellbeing,v03-05_b0013,10,3,30,5316,5325,batches/13_wellbeing/v03-05_b0013.txt,batches/13_wellbeing/v03-05_b0013.json,out/13_wellbeing/v03-05_b0013.jsonl
full,13,wellbeing,v03-05_b0014,10,3,30,5326,5335,batches/13_wellbeing/v03-05_b0014.txt,batches/13_wellbeing/v03-05_b0014.json,out/13_wellbeing/v03-05_b0014.jsonl
full,13,wellbeing,v03-05_b0015,10,3,30,5336,5345,batches/13_wellbeing/v03-05_b0015.txt,batches/13_wellbeing/v03-05_b0015.json,out/13_wellbeing/v03-05_b0015.jsonl
full,13,wellbeing,v03-05_b0016,10,3,30,5346,5355,batches/13_wellbeing/v03-05_b0016.txt,batches/13_wellbeing/v03-05_b0016.json,out/13_wellbeing/v03-05_b0016.jsonl
full,13,wellbeing,v03-05_b0017,10,3,30,5356,5365,batches/13_wellbeing/v03-05_b0017.txt,batches/13_wellbeing/v03-05_b0017.json,out/13_wellbeing/v03-05_b0017.jsonl
full,13,wellbeing,v03-05_b0018,10,3,30,5366,5375,batches/13_wellbeing/v03-05_b0018.txt,batches/13_wellbeing/v03-05_b0018.json,out/13_wellbeing/v03-05_b0018.jsonl
full,13,wellbeing,v03-05_b0019,10,3,30,5376,5385,batches/13_wellbeing/v03-05_b0019.txt,batches/13_wellbeing/v03-05_b0019.json,out/13_wellbeing/v03-05_b0019.jsonl
full,13,wellbeing,v03-05_b0020,10,3,30,5386,5395,batches/13_wellbeing/v03-05_b0020.txt,batches/13_wellbeing/v03-05_b0020.json,out/13_wellbeing/v03-05_b0020.jsonl
full,13,wellbeing,v03-05_b0021,10,3,30,5396,5405,batches/13_wellbeing/v03-05_b0021.txt,batches/13_wellbeing/v03-05_b0021.json,out/13_wellbeing/v03-05_b0021.jsonl
full,13,wellbeing,v03-05_b0022,10,3,30,5406,5415,batches/13_wellbeing/v03-05_b0022.txt,batches/13_wellbeing/v03-05_b0022.json,out/13_wellbeing/v03-05_b0022.jsonl
full,13,wellbeing,v03-05_b0023,10,3,30,5416,5425,batches/13_wellbeing/v03-05_b0023.txt,batches/13_wellbeing/v03-05_b0023.json,out/13_wellbeing/v03-05_b0023.jsonl
full,13,wellbeing,v03-05_b0024,10,3,30,5426,5435,batches/13_wellbeing/v03-05_b0024.txt,batches/13_wellbeing/v03-05_b0024.json,out/13_wellbeing/v03-05_b0024.jsonl
full,13,wellbeing,v03-05_b0025,6,3,18,5436,5441,batches/13_wellbeing/v03-05_b0025.txt,batches/13_wellbeing/v03-05_b0025.json,out/13_wellbeing/v03-05_b0025.jsonl
full,13,wellbeing,v06-06_b0001,10,1,10,5196,5205,batches/13_wellbeing/v06-06_b0001.txt,batches/13_wellbeing/v06-06_b0001.json,out/13_wellbeing/v06-06_b0001.jsonl
full,13,wellbeing,v06-06_b0002,10,1,10,5206,5215,batches/13_wellbeing/v06-06_b0002.txt,batches/13_wellbeing/v06-06_b0002.json,out/13_wellbeing/v06-06_b0002.jsonl
full,13,wellbeing,v06-06_b0003,10,1,10,5216,5225,batches/13_wellbeing/v06-06_b0003.txt,batches/13_wellbeing/v06-06_b0003.json,out/13_wellbeing/v06-06_b0003.jsonl
full,13,wellbeing,v06-06_b0004,10,1,10,5226,5235,batches/13_wellbeing/v06-06_b0004.txt,batches/13_wellbeing/v06-06_b0004.json,out/13_wellbeing/v06-06_b0004.jsonl
full,13,wellbeing,v06-06_b0005,10,1,10,5236,5245,batches/13_wellbeing/v06-06_b0005.txt,batches/13_wellbeing/v06-06_b0005.json,out/13_wellbeing/v06-06_b0005.jsonl
full,13,wellbeing,v06-06_b0006,10,1,10,5246,5255,batches/13_wellbeing/v06-06_b0006.txt,batches/13_wellbeing/v06-06_b0006.json,out/13_wellbeing/v06-06_b0006.jsonl
full,13,wellbeing,v06-06_b0007,10,1,10,5256,5265,batches/13_wellbeing/v06-06_b0007.txt,batches/13_wellbeing/v06-06_b0007.json,out/13_wellbeing/v06-06_b0007.jsonl
full,13,wellbeing,v06-06_b0008,10,1,10,5266,5275,batches/13_wellbeing/v06-06_b0008.txt,batches/13_wellbeing/v06-06_b0008.json,out/13_wellbeing/v06-06_b0008.jsonl
full,13,wellbeing,v06-06_b0009,10,1,10,5276,5285,batches/13_wellbeing/v06-06_b0009.txt,batches/13_wellbeing/v06-06_b0009.json,out/13_wellbeing/v06-06_b0009.jsonl
full,13,wellbeing,v06-06_b0010,10,1,10,5286,5295,batches/13_wellbeing/v06-06_b0010.txt,batches/13_wellbeing/v06-06_b0010.json,out/13_wellbeing/v06-06_b0010.jsonl
full,13,wellbeing,v06-06_b0011,10,1,10,5296,5305,batches/13_wellbeing/v06-06_b0011.txt,batches/13_wellbeing/v06-06_b0011.json,out/13_wellbeing/v06-06_b0011.jsonl
full,13,wellbeing,v06-06_b0012,10,1,10,5306,5315,batches/13_wellbeing/v06-06_b0012.txt,batches/13_wellbeing/v06-06_b0012.json,out/13_wellbeing/v06-06_b0012.jsonl
full,13,wellbeing,v06-06_b0013,10,1,10,5316,5325,batches/13_wellbeing/v06-06_b0013.txt,batches/13_wellbeing/v06-06_b0013.json,out/13_wellbeing/v06-06_b0013.jsonl
full,13,wellbeing,v06-06_b0014,10,1,10,5326,5335,batches/13_wellbeing/v06-06_b0014.txt,batches/13_wellbeing/v06-06_b0014.json,out/13_wellbeing/v06-06_b0014.jsonl
full,13,wellbeing,v06-06_b0015,10,1,10,5336,5345,batches/13_wellbeing/v06-06_b0015.txt,batches/13_wellbeing/v06-06_b0015.json,out/13_wellbeing/v06-06_b0015.jsonl
full,13,wellbeing,v06-06_b0016,10,1,10,5346,5355,batches/13_wellbeing/v06-06_b0016.txt,batches/13_wellbeing/v06-06_b0016.json,out/13_wellbeing/v06-06_b0016.jsonl
full,13,wellbeing,v06-06_b0017,10,1,10,5356,5365,batches/13_wellbeing/v06-06_b0017.txt,batches/13_wellbeing/v06-06_b0017.json,out/13_wellbeing/v06-06_b0017.jsonl
full,13,wellbeing,v06-06_b0018,10,1,10,5366,5375,batches/13_wellbeing/v06-06_b0018.txt,batches/13_wellbeing/v06-06_b0018.json,out/13_wellbeing/v06-06_b0018.jsonl
full,13,wellbeing,v06-06_b0019,10,1,10,5376,5385,batches/13_wellbeing/v06-06_b0019.txt,batches/13_wellbeing/v06-06_b0019.json,out/13_wellbeing/v06-06_b0019.jsonl
full,13,wellbeing,v06-06_b0020,10,1,10,5386,5395,batches/13_wellbeing/v06-06_b0020.txt,batches/13_wellbeing/v06-06_b0020.json,out/13_wellbeing/v06-06_b0020.jsonl
full,13,wellbeing,v06-06_b0021,10,1,10,5396,5405,batches/13_wellbeing/v06-06_b0021.txt,batches/13_wellbeing/v06-06_b0021.json,out/13_wellbeing/v06-06_b0021.jsonl
full,13,wellbeing,v06-06_b0022,10,1,10,5406,5415,batches/13_wellbeing/v06-06_b0022.txt,batches/13_wellbeing/v06-06_b0022.json,out/13_wellbeing/v06-06_b0022.jsonl
full,13,wellbeing,v06-06_b0023,10,1,10,5416,5425,batches/13_wellbeing/v06-06_b0023.txt,batches/13_wellbeing/v06-06_b0023.json,out/13_wellbeing/v06-06_b0023.jsonl
full,13,wellbeing,v06-06_b0024,10,1,10,5426,5435,batches/13_wellbeing/v06-06_b0024.txt,batches/13_wellbeing/v06-06_b0024.json,out/13_wellbeing/v06-06_b0024.jsonl
full,13,wellbeing,v06-06_b0025,6,1,6,5436,5441,batches/13_wellbeing/v06-06_b0025.txt,batches/13_wellbeing/v06-06_b0025.json,out/13_wellbeing/v06-06_b0025.jsonl
full,14,planning,v02-03_b0001,10,2,20,5761,5770,batches/14_planning/v02-03_b0001.txt,batches/14_planning/v02-03_b0001.json,out/14_planning/v02-03_b0001.jsonl
full,14,planning,v02-03_b0002,10,2,20,5771,5780,batches/14_planning/v02-03_b0002.txt,batches/14_planning/v02-03_b0002.json,out/14_planning/v02-03_b0002.jsonl
full,14,planning,v02-03_b0003,10,2,20,5781,5790,batches/14_planning/v02-03_b0003.txt,batches/14_planning/v02-03_b0003.json,out/14_planning/v02-03_b0003.jsonl
full,14,planning,v02-03_b0004,10,2,20,5791,5800,batches/14_planning/v02-03_b0004.txt,batches/14_planning/v02-03_b0004.json,out/14_planning/v02-03_b0004.jsonl
full,14,planning,v02-03_b0005,10,2,20,5801,5810,batches/14_planning/v02-03_b0005.txt,batches/14_planning/v02-03_b0005.json,out/14_planning/v02-03_b0005.jsonl
full,14,planning,v02-03_b0006,10,2,20,5811,5820,batches/14_planning/v02-03_b0006.txt,batches/14_planning/v02-03_b0006.json,out/14_planning/v02-03_b0006.jsonl
full,14,planning,v02-03_b0007,10,2,20,5821,5830,batches/14_planning/v02-03_b0007.txt,batches/14_planning/v02-03_b0007.json,out/14_planning/v02-03_b0007.jsonl
full,14,planning,v02-03_b0008,10,2,20,5831,5840,batches/14_planning/v02-03_b0008.txt,batches/14_planning/v02-03_b0008.json,out/14_planning/v02-03_b0008.jsonl
full,14,planning,v02-03_b0009,10,2,20,5841,5850,batches/14_planning/v02-03_b0009.txt,batches/14_planning/v02-03_b0009.json,out/14_planning/v02-03_b0009.jsonl
full,14,planning,v02-03_b0010,10,2,20,5851,5860,batches/14_planning/v02-03_b0010.txt,batches/14_planning/v02-03_b0010.json,out/14_planning/v02-03_b0010.jsonl
full,14,planning,v02-03_b0011,10,2,20,5861,5870,batches/14_planning/v02-03_b0011.txt,batches/14_planning/v02-03_b0011.json,out/14_planning/v02-03_b0011.jsonl
full,14,planning,v02-03_b0012,10,2,20,5871,5880,batches/14_planning/v02-03_b0012.txt,batches/14_planning/v02-03_b0012.json,out/14_planning/v02-03_b0012.jsonl
full,14,planning,v02-03_b0013,10,2,20,5881,5890,batches/14_planning/v02-03_b0013.txt,batches/14_planning/v02-03_b0013.json,out/14_planning/v02-03_b0013.jsonl
full,14,planning,v02-03_b0014,10,2,20,5891,5900,batches/14_planning/v02-03_b0014.txt,batches/14_planning/v02-03_b0014.json,out/14_planning/v02-03_b0014.jsonl
full,14,planning,v02-03_b0015,10,2,20,5901,5910,batches/14_planning/v02-03_b0015.txt,batches/14_planning/v02-03_b0015.json,out/14_planning/v02-03_b0015.jsonl
full,14,planning,v02-03_b0016,10,2,20,5911,5920,batches/14_planning/v02-03_b0016.txt,batches/14_planning/v02-03_b0016.json,out/14_planning/v02-03_b0016.jsonl
full,14,planning,v02-03_b0017,10,2,20,5921,5930,batches/14_planning/v02-03_b0017.txt,batches/14_planning/v02-03_b0017.json,out/14_planning/v02-03_b0017.jsonl
full,14,planning,v02-03_b0018,10,2,20,5931,5940,batches/14_planning/v02-03_b0018.txt,batches/14_planning/v02-03_b0018.json,out/14_planning/v02-03_b0018.jsonl
full,14,planning,v02-03_b0019,10,2,20,5941,5950,batches/14_planning/v02-03_b0019.txt,batches/14_planning/v02-03_b0019.json,out/14_planning/v02-03_b0019.jsonl
full,14,planning,v02-03_b0020,10,2,20,5951,5960,batches/14_planning/v02-03_b0020.txt,batches/14_planning/v02-03_b0020.json,out/14_planning/v02-03_b0020.jsonl
full,14,planning,v02-03_b0021,10,2,20,5961,5970,batches/14_planning/v02-03_b0021.txt,batches/14_planning/v02-03_b0021.json,out/14_planning/v02-03_b0021.jsonl
full,14,planning,v02-03_b0022,10,2,20,5971,5980,batches/14_planning/v02-03_b0022.txt,batches/14_planning/v02-03_b0022.json,out/14_planning/v02-03_b0022.jsonl
full,14,planning,v02-03_b0023,10,2,20,5981,5990,batches/14_planning/v02-03_b0023.txt,batches/14_planning/v02-03_b0023.json,out/14_planning/v02-03_b0023.jsonl
full,14,planning,v02-03_b0024,10,2,20,5991,6000,batches/14_planning/v02-03_b0024.txt,batches/14_planning/v02-03_b0024.json,out/14_planning/v02-03_b0024.jsonl
full,14,planning,v02-03_b0025,10,2,20,6001,6010,batches/14_planning/v02-03_b0025.txt,batches/14_planning/v02-03_b0025.json,out/14_planning/v02-03_b0025.jsonl
full,14,planning,v02-03_b0026,10,2,20,6011,6020,batches/14_planning/v02-03_b0026.txt,batches/14_planning/v02-03_b0026.json,out/14_planning/v02-03_b0026.jsonl
full,14,planning,v02-03_b0027,10,2,20,6021,6030,batches/14_planning/v02-03_b0027.txt,batches/14_planning/v02-03_b0027.json,out/14_planning/v02-03_b0027.jsonl
full,14,planning,v02-03_b0028,10,2,20,6031,6040,batches/14_planning/v02-03_b0028.txt,batches/14_planning/v02-03_b0028.json,out/14_planning/v02-03_b0028.jsonl
full,14,planning,v02-03_b0029,10,2,20,6041,6050,batches/14_planning/v02-03_b0029.txt,batches/14_planning/v02-03_b0029.json,out/14_planning/v02-03_b0029.jsonl
full,14,planning,v02-03_b0030,10,2,20,6051,6060,batches/14_planning/v02-03_b0030.txt,batches/14_planning/v02-03_b0030.json,out/14_planning/v02-03_b0030.jsonl
full,14,planning,v02-03_b0031,10,2,20,6061,6070,batches/14_planning/v02-03_b0031.txt,batches/14_planning/v02-03_b0031.json,out/14_planning/v02-03_b0031.jsonl
full,14,planning,v02-03_b0032,10,2,20,6071,6080,batches/14_planning/v02-03_b0032.txt,batches/14_planning/v02-03_b0032.json,out/14_planning/v02-03_b0032.jsonl
full,14,planning,v02-03_b0033,10,2,20,6081,6090,batches/14_planning/v02-03_b0033.txt,batches/14_planning/v02-03_b0033.json,out/14_planning/v02-03_b0033.jsonl
full,14,planning,v02-03_b0034,10,2,20,6091,6100,batches/14_planning/v02-03_b0034.txt,batches/14_planning/v02-03_b0034.json,out/14_planning/v02-03_b0034.jsonl
full,14,planning,v02-03_b0035,10,2,20,6101,6110,batches/14_planning/v02-03_b0035.txt,batches/14_planning/v02-03_b0035.json,out/14_planning/v02-03_b0035.jsonl
full,14,planning,v02-03_b0036,10,2,20,6111,6120,batches/14_planning/v02-03_b0036.txt,batches/14_planning/v02-03_b0036.json,out/14_planning/v02-03_b0036.jsonl
full,14,planning,v02-03_b0037,10,2,20,6121,6130,batches/14_planning/v02-03_b0037.txt,batches/14_planning/v02-03_b0037.json,out/14_planning/v02-03_b0037.jsonl
full,14,planning,v02-03_b0038,10,2,20,6131,6140,batches/14_planning/v02-03_b0038.txt,batches/14_planning/v02-03_b0038.json,out/14_planning/v02-03_b0038.jsonl
full,14,planning,v02-03_b0039,10,2,20,6141,6150,batches/14_planning/v02-03_b0039.txt,batches/14_planning/v02-03_b0039.json,out/14_planning/v02-03_b0039.jsonl
full,14,planning,v02-03_b0040,10,2,20,6151,6160,batches/14_planning/v02-03_b0040.txt,batches/14_planning/v02-03_b0040.json,out/14_planning/v02-03_b0040.jsonl
full,14,planning,v02-03_b0041,10,2,20,6161,6170,batches/14_planning/v02-03_b0041.txt,batches/14_planning/v02-03_b0041.json,out/14_planning/v02-03_b0041.jsonl
full,14,planning,v02-03_b0042,10,2,20,6171,6180,batches/14_planning/v02-03_b0042.txt,batches/14_planning/v02-03_b0042.json,out/14_planning/v02-03_b0042.jsonl
full,14,planning,v02-03_b0043,10,2,20,6181,6190,batches/14_planning/v02-03_b0043.txt,batches/14_planning/v02-03_b0043.json,out/14_planning/v02-03_b0043.jsonl
full,14,planning,v02-03_b0044,10,2,20,6191,6200,batches/14_planning/v02-03_b0044.txt,batches/14_planning/v02-03_b0044.json,out/14_planning/v02-03_b0044.jsonl
full,14,planning,v02-03_b0045,10,2,20,6201,6210,batches/14_planning/v02-03_b0045.txt,batches/14_planning/v02-03_b0045.json,out/14_planning/v02-03_b0045.jsonl
full,14,planning,v02-03_b0046,10,2,20,6211,6220,batches/14_planning/v02-03_b0046.txt,batches/14_planning/v02-03_b0046.json,out/14_planning/v02-03_b0046.jsonl
full,14,planning,v02-03_b0047,10,2,20,6221,6230,batches/14_planning/v02-03_b0047.txt,batches/14_planning/v02-03_b0047.json,out/14_planning/v02-03_b0047.jsonl
full,14,planning,v02-03_b0048,10,2,20,6231,6240,batches/14_planning/v02-03_b0048.txt,batches/14_planning/v02-03_b0048.json,out/14_planning/v02-03_b0048.jsonl
full,14,planning,v02-03_b0049,10,2,20,6241,6250,batches/14_planning/v02-03_b0049.txt,batches/14_planning/v02-03_b0049.json,out/14_planning/v02-03_b0049.jsonl
full,14,planning,v02-03_b0050,10,2,20,6251,6260,batches/14_planning/v02-03_b0050.txt,batches/14_planning/v02-03_b0050.json,out/14_planning/v02-03_b0050.jsonl
full,14,planning,v02-03_b0051,10,2,20,6261,6270,batches/14_planning/v02-03_b0051.txt,batches/14_planning/v02-03_b0051.json,out/14_planning/v02-03_b0051.jsonl
full,14,planning,v02-03_b0052,10,2,20,6271,6280,batches/14_planning/v02-03_b0052.txt,batches/14_planning/v02-03_b0052.json,out/14_planning/v02-03_b0052.jsonl
full,14,planning,v02-03_b0053,10,2,20,6281,6290,batches/14_planning/v02-03_b0053.txt,batches/14_planning/v02-03_b0053.json,out/14_planning/v02-03_b0053.jsonl
full,14,planning,v02-03_b0054,10,2,20,6291,6300,batches/14_planning/v02-03_b0054.txt,batches/14_planning/v02-03_b0054.json,out/14_planning/v02-03_b0054.jsonl
full,14,planning,v02-03_b0055,10,2,20,6301,6310,batches/14_planning/v02-03_b0055.txt,batches/14_planning/v02-03_b0055.json,out/14_planning/v02-03_b0055.jsonl
full,14,planning,v02-03_b0056,10,2,20,6311,6320,batches/14_planning/v02-03_b0056.txt,batches/14_planning/v02-03_b0056.json,out/14_planning/v02-03_b0056.jsonl
full,14,planning,v02-03_b0057,10,2,20,6321,6330,batches/14_planning/v02-03_b0057.txt,batches/14_planning/v02-03_b0057.json,out/14_planning/v02-03_b0057.jsonl
full,14,planning,v02-03_b0058,10,2,20,6331,6340,batches/14_planning/v02-03_b0058.txt,batches/14_planning/v02-03_b0058.json,out/14_planning/v02-03_b0058.jsonl
full,14,planning,v02-03_b0059,10,2,20,6341,6350,batches/14_planning/v02-03_b0059.txt,batches/14_planning/v02-03_b0059.json,out/14_planning/v02-03_b0059.jsonl
full,14,planning,v02-03_b0060,10,2,20,6351,6360,batches/14_planning/v02-03_b0060.txt,batches/14_planning/v02-03_b0060.json,out/14_planning/v02-03_b0060.jsonl
full,14,planning,v02-03_b0061,10,2,20,6361,6370,batches/14_planning/v02-03_b0061.txt,batches/14_planning/v02-03_b0061.json,out/14_planning/v02-03_b0061.jsonl
full,14,planning,v02-03_b0062,10,2,20,6371,6380,batches/14_planning/v02-03_b0062.txt,batches/14_planning/v02-03_b0062.json,out/14_planning/v02-03_b0062.jsonl
full,14,planning,v02-03_b0063,10,2,20,6381,6390,batches/14_planning/v02-03_b0063.txt,batches/14_planning/v02-03_b0063.json,out/14_planning/v02-03_b0063.jsonl
full,14,planning,v02-03_b0064,10,2,20,6391,6400,batches/14_planning/v02-03_b0064.txt,batches/14_planning/v02-03_b0064.json,out/14_planning/v02-03_b0064.jsonl
full,14,planning,v02-03_b0065,10,2,20,6401,6410,batches/14_planning/v02-03_b0065.txt,batches/14_planning/v02-03_b0065.json,out/14_planning/v02-03_b0065.jsonl
full,14,planning,v02-03_b0066,10,2,20,6411,6420,batches/14_planning/v02-03_b0066.txt,batches/14_planning/v02-03_b0066.json,out/14_planning/v02-03_b0066.jsonl
full,14,planning,v02-03_b0067,10,2,20,6421,6430,batches/14_planning/v02-03_b0067.txt,batches/14_planning/v02-03_b0067.json,out/14_planning/v02-03_b0067.jsonl
full,14,planning,v02-03_b0068,10,2,20,6431,6440,batches/14_planning/v02-03_b0068.txt,batches/14_planning/v02-03_b0068.json,out/14_planning/v02-03_b0068.jsonl
full,14,planning,v02-03_b0069,10,2,20,6441,6450,batches/14_planning/v02-03_b0069.txt,batches/14_planning/v02-03_b0069.json,out/14_planning/v02-03_b0069.jsonl
full,14,planning,v02-03_b0070,10,2,20,6451,6460,batches/14_planning/v02-03_b0070.txt,batches/14_planning/v02-03_b0070.json,out/14_planning/v02-03_b0070.jsonl
full,14,planning,v02-03_b0071,10,2,20,6461,6470,batches/14_planning/v02-03_b0071.txt,batches/14_planning/v02-03_b0071.json,out/14_planning/v02-03_b0071.jsonl
full,14,planning,v02-03_b0072,10,2,20,6471,6480,batches/14_planning/v02-03_b0072.txt,batches/14_planning/v02-03_b0072.json,out/14_planning/v02-03_b0072.jsonl
full,14,planning,v02-03_b0073,10,2,20,6481,6490,batches/14_planning/v02-03_b0073.txt,batches/14_planning/v02-03_b0073.json,out/14_planning/v02-03_b0073.jsonl
full,14,planning,v02-03_b0074,10,2,20,6491,6500,batches/14_planning/v02-03_b0074.txt,batches/14_planning/v02-03_b0074.json,out/14_planning/v02-03_b0074.jsonl
full,14,planning,v02-03_b0075,10,2,20,6501,6510,batches/14_planning/v02-03_b0075.txt,batches/14_planning/v02-03_b0075.json,out/14_planning/v02-03_b0075.jsonl
full,14,planning,v02-03_b0076,10,2,20,6511,6520,batches/14_planning/v02-03_b0076.txt,batches/14_planning/v02-03_b0076.json,out/14_planning/v02-03_b0076.jsonl
full,14,planning,v02-03_b0077,10,2,20,6521,6530,batches/14_planning/v02-03_b0077.txt,batches/14_planning/v02-03_b0077.json,out/14_planning/v02-03_b0077.jsonl
full,14,planning,v02-03_b0078,10,2,20,6531,6540,batches/14_planning/v02-03_b0078.txt,batches/14_planning/v02-03_b0078.json,out/14_planning/v02-03_b0078.jsonl
full,14,planning,v02-03_b0079,10,2,20,6541,6550,batches/14_planning/v02-03_b0079.txt,batches/14_planning/v02-03_b0079.json,out/14_planning/v02-03_b0079.jsonl
full,14,planning,v02-03_b0080,10,2,20,6551,6560,batches/14_planning/v02-03_b0080.txt,batches/14_planning/v02-03_b0080.json,out/14_planning/v02-03_b0080.jsonl
full,14,planning,v02-03_b0081,10,2,20,6561,6570,batches/14_planning/v02-03_b0081.txt,batches/14_planning/v02-03_b0081.json,out/14_planning/v02-03_b0081.jsonl
full,14,planning,v02-03_b0082,10,2,20,6571,6580,batches/14_planning/v02-03_b0082.txt,batches/14_planning/v02-03_b0082.json,out/14_planning/v02-03_b0082.jsonl
full,14,planning,v02-03_b0083,10,2,20,6581,6590,batches/14_planning/v02-03_b0083.txt,batches/14_planning/v02-03_b0083.json,out/14_planning/v02-03_b0083.jsonl
full,14,planning,v02-03_b0084,10,2,20,6591,6600,batches/14_planning/v02-03_b0084.txt,batches/14_planning/v02-03_b0084.json,out/14_planning/v02-03_b0084.jsonl
full,14,planning,v02-03_b0085,10,2,20,6601,6610,batches/14_planning/v02-03_b0085.txt,batches/14_planning/v02-03_b0085.json,out/14_planning/v02-03_b0085.jsonl
full,14,planning,v02-03_b0086,10,2,20,6611,6620,batches/14_planning/v02-03_b0086.txt,batches/14_planning/v02-03_b0086.json,out/14_planning/v02-03_b0086.jsonl
full,14,planning,v02-03_b0087,10,2,20,6621,6630,batches/14_planning/v02-03_b0087.txt,batches/14_planning/v02-03_b0087.json,out/14_planning/v02-03_b0087.jsonl
full,14,planning,v02-03_b0088,10,2,20,6631,6640,batches/14_planning/v02-03_b0088.txt,batches/14_planning/v02-03_b0088.json,out/14_planning/v02-03_b0088.jsonl
full,14,planning,v02-03_b0089,10,2,20,6641,6650,batches/14_planning/v02-03_b0089.txt,batches/14_planning/v02-03_b0089.json,out/14_planning/v02-03_b0089.jsonl
full,14,planning,v02-03_b0090,10,2,20,6651,6660,batches/14_planning/v02-03_b0090.txt,batches/14_planning/v02-03_b0090.json,out/14_planning/v02-03_b0090.jsonl
full,14,planning,v02-03_b0091,10,2,20,6661,6670,batches/14_planning/v02-03_b0091.txt,batches/14_planning/v02-03_b0091.json,out/14_planning/v02-03_b0091.jsonl
full,14,planning,v02-03_b0092,10,2,20,6671,6680,batches/14_planning/v02-03_b0092.txt,batches/14_planning/v02-03_b0092.json,out/14_planning/v02-03_b0092.jsonl
full,14,planning,v02-03_b0093,10,2,20,6681,6690,batches/14_planning/v02-03_b0093.txt,batches/14_planning/v02-03_b0093.json,out/14_planning/v02-03_b0093.jsonl
full,14,planning,v02-03_b0094,10,2,20,6691,6700,batches/14_planning/v02-03_b0094.txt,batches/14_planning/v02-03_b0094.json,out/14_planning/v02-03_b0094.jsonl
full,14,planning,v02-03_b0095,10,2,20,6701,6710,batches/14_planning/v02-03_b0095.txt,batches/14_planning/v02-03_b0095.json,out/14_planning/v02-03_b0095.jsonl
full,14,planning,v02-03_b0096,10,2,20,6711,6720,batches/14_planning/v02-03_b0096.txt,batches/14_planning/v02-03_b0096.json,out/14_planning/v02-03_b0096.jsonl
full,14,planning,v02-03_b0097,10,2,20,6721,6730,batches/14_planning/v02-03_b0097.txt,batches/14_planning/v02-03_b0097.json,out/14_planning/v02-03_b0097.jsonl
full,14,planning,v02-03_b0098,10,2,20,6731,6740,batches/14_planning/v02-03_b0098.txt,batches/14_planning/v02-03_b0098.json,out/14_planning/v02-03_b0098.jsonl
full,14,planning,v02-03_b0099,10,2,20,6741,6750,batches/14_planning/v02-03_b0099.txt,batches/14_planning/v02-03_b0099.json,out/14_planning/v02-03_b0099.jsonl
full,14,planning,v02-03_b0100,10,2,20,6751,6760,batches/14_planning/v02-03_b0100.txt,batches/14_planning/v02-03_b0100.json,out/14_planning/v02-03_b0100.jsonl
full,14,planning,v02-03_b0101,10,2,20,6761,6770,batches/14_planning/v02-03_b0101.txt,batches/14_planning/v02-03_b0101.json,out/14_planning/v02-03_b0101.jsonl
full,14,planning,v02-03_b0102,10,2,20,6771,6780,batches/14_planning/v02-03_b0102.txt,batches/14_planning/v02-03_b0102.json,out/14_planning/v02-03_b0102.jsonl
full,14,planning,v02-03_b0103,10,2,20,6781,6790,batches/14_planning/v02-03_b0103.txt,batches/14_planning/v02-03_b0103.json,out/14_planning/v02-03_b0103.jsonl
full,14,planning,v02-03_b0104,10,2,20,6791,6800,batches/14_planning/v02-03_b0104.txt,batches/14_planning/v02-03_b0104.json,out/14_planning/v02-03_b0104.jsonl
full,14,planning,v02-03_b0105,10,2,20,6801,6810,batches/14_planning/v02-03_b0105.txt,batches/14_planning/v02-03_b0105.json,out/14_planning/v02-03_b0105.jsonl
full,14,planning,v02-03_b0106,10,2,20,6811,6820,batches/14_planning/v02-03_b0106.txt,batches/14_planning/v02-03_b0106.json,out/14_planning/v02-03_b0106.jsonl
full,14,planning,v02-03_b0107,10,2,20,6821,6830,batches/14_planning/v02-03_b0107.txt,batches/14_planning/v02-03_b0107.json,out/14_planning/v02-03_b0107.jsonl
full,14,planning,v02-03_b0108,10,2,20,6831,6840,batches/14_planning/v02-03_b0108.txt,batches/14_planning/v02-03_b0108.json,out/14_planning/v02-03_b0108.jsonl
full,14,planning,v02-03_b0109,10,2,20,6841,6850,batches/14_planning/v02-03_b0109.txt,batches/14_planning/v02-03_b0109.json,out/14_planning/v02-03_b0109.jsonl
full,14,planning,v02-03_b0110,10,2,20,6851,6860,batches/14_planning/v02-03_b0110.txt,batches/14_planning/v02-03_b0110.json,out/14_planning/v02-03_b0110.jsonl
full,14,planning,v02-03_b0111,10,2,20,6861,6870,batches/14_planning/v02-03_b0111.txt,batches/14_planning/v02-03_b0111.json,out/14_planning/v02-03_b0111.jsonl
full,14,planning,v02-03_b0112,10,2,20,6871,6880,batches/14_planning/v02-03_b0112.txt,batches/14_planning/v02-03_b0112.json,out/14_planning/v02-03_b0112.jsonl
full,14,planning,v02-03_b0113,10,2,20,6881,6890,batches/14_planning/v02-03_b0113.txt,batches/14_planning/v02-03_b0113.json,out/14_planning/v02-03_b0113.jsonl
full,14,planning,v02-03_b0114,10,2,20,6891,6900,batches/14_planning/v02-03_b0114.txt,batches/14_planning/v02-03_b0114.json,out/14_planning/v02-03_b0114.jsonl
full,14,planning,v02-03_b0115,10,2,20,6901,6910,batches/14_planning/v02-03_b0115.txt,batches/14_planning/v02-03_b0115.json,out/14_planning/v02-03_b0115.jsonl
full,14,planning,v02-03_b0116,10,2,20,6911,6920,batches/14_planning/v02-03_b0116.txt,batches/14_planning/v02-03_b0116.json,out/14_planning/v02-03_b0116.jsonl
full,14,planning,v02-03_b0117,10,2,20,6921,6930,batches/14_planning/v02-03_b0117.txt,batches/14_planning/v02-03_b0117.json,out/14_planning/v02-03_b0117.jsonl
full,14,planning,v02-03_b0118,10,2,20,6931,6940,batches/14_planning/v02-03_b0118.txt,batches/14_planning/v02-03_b0118.json,out/14_planning/v02-03_b0118.jsonl
full,14,planning,v02-03_b0119,10,2,20,6941,6950,batches/14_planning/v02-03_b0119.txt,batches/14_planning/v02-03_b0119.json,out/14_planning/v02-03_b0119.jsonl
full,14,planning,v02-03_b0120,10,2,20,6951,6960,batches/14_planning/v02-03_b0120.txt,batches/14_planning/v02-03_b0120.json,out/14_planning/v02-03_b0120.jsonl
full,14,planning,v02-03_b0121,10,2,20,6961,6970,batches/14_planning/v02-03_b0121.txt,batches/14_planning/v02-03_b0121.json,out/14_planning/v02-03_b0121.jsonl
full,14,planning,v02-03_b0122,10,2,20,6971,6980,batches/14_planning/v02-03_b0122.txt,batches/14_planning/v02-03_b0122.json,out/14_planning/v02-03_b0122.jsonl
full,14,planning,v02-03_b0123,10,2,20,6981,6990,batches/14_planning/v02-03_b0123.txt,batches/14_planning/v02-03_b0123.json,out/14_planning/v02-03_b0123.jsonl
full,14,planning,v02-03_b0124,10,2,20,6991,7000,batches/14_planning/v02-03_b0124.txt,batches/14_planning/v02-03_b0124.json,out/14_planning/v02-03_b0124.jsonl
full,14,planning,v02-03_b0125,10,2,20,7001,7010,batches/14_planning/v02-03_b0125.txt,batches/14_planning/v02-03_b0125.json,out/14_planning/v02-03_b0125.jsonl
full,14,planning,v02-03_b0126,10,2,20,7011,7020,batches/14_planning/v02-03_b0126.txt,batches/14_planning/v02-03_b0126.json,out/14_planning/v02-03_b0126.jsonl
full,14,planning,v02-03_b0127,10,2,20,7021,7030,batches/14_planning/v02-03_b0127.txt,batches/14_planning/v02-03_b0127.json,out/14_planning/v02-03_b0127.jsonl
full,14,planning,v02-03_b0128,10,2,20,7031,7040,batches/14_planning/v02-03_b0128.txt,batches/14_planning/v02-03_b0128.json,out/14_planning/v02-03_b0128.jsonl
full,14,planning,v02-03_b0129,10,2,20,7041,7050,batches/14_planning/v02-03_b0129.txt,batches/14_planning/v02-03_b0129.json,out/14_planning/v02-03_b0129.jsonl
full,14,planning,v02-03_b0130,10,2,20,7051,7060,batches/14_planning/v02-03_b0130.txt,batches/14_planning/v02-03_b0130.json,out/14_planning/v02-03_b0130.jsonl
full,14,planning,v02-03_b0131,10,2,20,7061,7070,batches/14_planning/v02-03_b0131.txt,batches/14_planning/v02-03_b0131.json,out/14_planning/v02-03_b0131.jsonl
full,14,planning,v02-03_b0132,10,2,20,7071,7080,batches/14_planning/v02-03_b0132.txt,batches/14_planning/v02-03_b0132.json,out/14_planning/v02-03_b0132.jsonl
full,14,planning,v02-03_b0133,10,2,20,7081,7090,batches/14_planning/v02-03_b0133.txt,batches/14_planning/v02-03_b0133.json,out/14_planning/v02-03_b0133.jsonl
full,14,planning,v02-03_b0134,10,2,20,7091,7100,batches/14_planning/v02-03_b0134.txt,batches/14_planning/v02-03_b0134.json,out/14_planning/v02-03_b0134.jsonl
full,14,planning,v02-03_b0135,10,2,20,7101,7110,batches/14_planning/v02-03_b0135.txt,batches/14_planning/v02-03_b0135.json,out/14_planning/v02-03_b0135.jsonl
full,14,planning,v02-03_b0136,10,2,20,7111,7120,batches/14_planning/v02-03_b0136.txt,batches/14_planning/v02-03_b0136.json,out/14_planning/v02-03_b0136.jsonl
full,14,planning,v02-03_b0137,10,2,20,7121,7130,batches/14_planning/v02-03_b0137.txt,batches/14_planning/v02-03_b0137.json,out/14_planning/v02-03_b0137.jsonl
full,14,planning,v02-03_b0138,10,2,20,7131,7140,batches/14_planning/v02-03_b0138.txt,batches/14_planning/v02-03_b0138.json,out/14_planning/v02-03_b0138.jsonl
full,14,planning,v02-03_b0139,10,2,20,7141,7150,batches/14_planning/v02-03_b0139.txt,batches/14_planning/v02-03_b0139.json,out/14_planning/v02-03_b0139.jsonl
full,14,planning,v02-03_b0140,10,2,20,7151,7160,batches/14_planning/v02-03_b0140.txt,batches/14_planning/v02-03_b0140.json,out/14_planning/v02-03_b0140.jsonl
full,14,planning,v02-03_b0141,10,2,20,7161,7170,batches/14_planning/v02-03_b0141.txt,batches/14_planning/v02-03_b0141.json,out/14_planning/v02-03_b0141.jsonl
full,14,planning,v02-03_b0142,10,2,20,7171,7180,batches/14_planning/v02-03_b0142.txt,batches/14_planning/v02-03_b0142.json,out/14_planning/v02-03_b0142.jsonl
full,14,planning,v02-03_b0143,10,2,20,7181,7190,batches/14_planning/v02-03_b0143.txt,batches/14_planning/v02-03_b0143.json,out/14_planning/v02-03_b0143.jsonl
full,14,planning,v02-03_b0144,10,2,20,7191,7200,batches/14_planning/v02-03_b0144.txt,batches/14_planning/v02-03_b0144.json,out/14_planning/v02-03_b0144.jsonl
full,14,planning,v02-03_b0145,10,2,20,7201,7210,batches/14_planning/v02-03_b0145.txt,batches/14_planning/v02-03_b0145.json,out/14_planning/v02-03_b0145.jsonl
full,14,planning,v02-03_b0146,10,2,20,7211,7220,batches/14_planning/v02-03_b0146.txt,batches/14_planning/v02-03_b0146.json,out/14_planning/v02-03_b0146.jsonl
full,14,planning,v02-03_b0147,10,2,20,7221,7230,batches/14_planning/v02-03_b0147.txt,batches/14_planning/v02-03_b0147.json,out/14_planning/v02-03_b0147.jsonl
full,14,planning,v02-03_b0148,10,2,20,7231,7240,batches/14_planning/v02-03_b0148.txt,batches/14_planning/v02-03_b0148.json,out/14_planning/v02-03_b0148.jsonl
full,14,planning,v02-03_b0149,10,2,20,7241,7250,batches/14_planning/v02-03_b0149.txt,batches/14_planning/v02-03_b0149.json,out/14_planning/v02-03_b0149.jsonl
full,14,planning,v02-03_b0150,10,2,20,7251,7260,batches/14_planning/v02-03_b0150.txt,batches/14_planning/v02-03_b0150.json,out/14_planning/v02-03_b0150.jsonl
full,14,planning,v02-03_b0151,10,2,20,7261,7270,batches/14_planning/v02-03_b0151.txt,batches/14_planning/v02-03_b0151.json,out/14_planning/v02-03_b0151.jsonl
full,14,planning,v02-03_b0152,10,2,20,7271,7280,batches/14_planning/v02-03_b0152.txt,batches/14_planning/v02-03_b0152.json,out/14_planning/v02-03_b0152.jsonl
full,14,planning,v02-03_b0153,10,2,20,7281,7290,batches/14_planning/v02-03_b0153.txt,batches/14_planning/v02-03_b0153.json,out/14_planning/v02-03_b0153.jsonl
full,14,planning,v02-03_b0154,10,2,20,7291,7300,batches/14_planning/v02-03_b0154.txt,batches/14_planning/v02-03_b0154.json,out/14_planning/v02-03_b0154.jsonl
full,14,planning,v02-03_b0155,10,2,20,7301,7310,batches/14_planning/v02-03_b0155.txt,batches/14_planning/v02-03_b0155.json,out/14_planning/v02-03_b0155.jsonl
full,14,planning,v02-03_b0156,10,2,20,7311,7320,batches/14_planning/v02-03_b0156.txt,batches/14_planning/v02-03_b0156.json,out/14_planning/v02-03_b0156.jsonl
full,14,planning,v02-03_b0157,10,2,20,7321,7330,batches/14_planning/v02-03_b0157.txt,batches/14_planning/v02-03_b0157.json,out/14_planning/v02-03_b0157.jsonl
full,14,planning,v02-03_b0158,10,2,20,7331,7340,batches/14_planning/v02-03_b0158.txt,batches/14_planning/v02-03_b0158.json,out/14_planning/v02-03_b0158.jsonl
full,14,planning,v02-03_b0159,10,2,20,7341,7350,batches/14_planning/v02-03_b0159.txt,batches/14_planning/v02-03_b0159.json,out/14_planning/v02-03_b0159.jsonl
full,14,planning,v02-03_b0160,10,2,20,7351,7360,batches/14_planning/v02-03_b0160.txt,batches/14_planning/v02-03_b0160.json,out/14_planning/v02-03_b0160.jsonl
full,14,planning,v02-03_b0161,10,2,20,7361,7370,batches/14_planning/v02-03_b0161.txt,batches/14_planning/v02-03_b0161.json,out/14_planning/v02-03_b0161.jsonl
full,14,planning,v02-03_b0162,10,2,20,7371,7380,batches/14_planning/v02-03_b0162.txt,batches/14_planning/v02-03_b0162.json,out/14_planning/v02-03_b0162.jsonl
full,14,planning,v02-03_b0163,10,2,20,7381,7390,batches/14_planning/v02-03_b0163.txt,batches/14_planning/v02-03_b0163.json,out/14_planning/v02-03_b0163.jsonl
full,14,planning,v02-03_b0164,10,2,20,7391,7400,batches/14_planning/v02-03_b0164.txt,batches/14_planning/v02-03_b0164.json,out/14_planning/v02-03_b0164.jsonl
full,14,planning,v02-03_b0165,10,2,20,7401,7410,batches/14_planning/v02-03_b0165.txt,batches/14_planning/v02-03_b0165.json,out/14_planning/v02-03_b0165.jsonl
full,14,planning,v02-03_b0166,10,2,20,7411,7420,batches/14_planning/v02-03_b0166.txt,batches/14_planning/v02-03_b0166.json,out/14_planning/v02-03_b0166.jsonl
full,14,planning,v02-03_b0167,10,2,20,7421,7430,batches/14_planning/v02-03_b0167.txt,batches/14_planning/v02-03_b0167.json,out/14_planning/v02-03_b0167.jsonl
full,14,planning,v02-03_b0168,10,2,20,7431,7440,batches/14_planning/v02-03_b0168.txt,batches/14_planning/v02-03_b0168.json,out/14_planning/v02-03_b0168.jsonl
full,14,planning,v02-03_b0169,10,2,20,7441,7450,batches/14_planning/v02-03_b0169.txt,batches/14_planning/v02-03_b0169.json,out/14_planning/v02-03_b0169.jsonl
full,14,planning,v02-03_b0170,10,2,20,7451,7460,batches/14_planning/v02-03_b0170.txt,batches/14_planning/v02-03_b0170.json,out/14_planning/v02-03_b0170.jsonl
full,14,planning,v02-03_b0171,10,2,20,7461,7470,batches/14_planning/v02-03_b0171.txt,batches/14_planning/v02-03_b0171.json,out/14_planning/v02-03_b0171.jsonl
full,14,planning,v02-03_b0172,10,2,20,7471,7480,batches/14_planning/v02-03_b0172.txt,batches/14_planning/v02-03_b0172.json,out/14_planning/v02-03_b0172.jsonl
full,14,planning,v02-03_b0173,10,2,20,7481,7490,batches/14_planning/v02-03_b0173.txt,batches/14_planning/v02-03_b0173.json,out/14_planning/v02-03_b0173.jsonl
full,14,planning,v02-03_b0174,10,2,20,7491,7500,batches/14_planning/v02-03_b0174.txt,batches/14_planning/v02-03_b0174.json,out/14_planning/v02-03_b0174.jsonl
full,14,planning,v02-03_b0175,10,2,20,7501,7510,batches/14_planning/v02-03_b0175.txt,batches/14_planning/v02-03_b0175.json,out/14_planning/v02-03_b0175.jsonl
full,14,planning,v02-03_b0176,10,2,20,7511,7520,batches/14_planning/v02-03_b0176.txt,batches/14_planning/v02-03_b0176.json,out/14_planning/v02-03_b0176.jsonl
full,14,planning,v02-03_b0177,10,2,20,7521,7530,batches/14_planning/v02-03_b0177.txt,batches/14_planning/v02-03_b0177.json,out/14_planning/v02-03_b0177.jsonl
full,14,planning,v02-03_b0178,10,2,20,7531,7540,batches/14_planning/v02-03_b0178.txt,batches/14_planning/v02-03_b0178.json,out/14_planning/v02-03_b0178.jsonl
full,14,planning,v02-03_b0179,10,2,20,7541,7550,batches/14_planning/v02-03_b0179.txt,batches/14_planning/v02-03_b0179.json,out/14_planning/v02-03_b0179.jsonl
full,14,planning,v02-03_b0180,10,2,20,7551,7560,batches/14_planning/v02-03_b0180.txt,batches/14_planning/v02-03_b0180.json,out/14_planning/v02-03_b0180.jsonl
full,14,planning,v02-03_b0181,10,2,20,7561,7570,batches/14_planning/v02-03_b0181.txt,batches/14_planning/v02-03_b0181.json,out/14_planning/v02-03_b0181.jsonl
full,14,planning,v02-03_b0182,10,2,20,7571,7580,batches/14_planning/v02-03_b0182.txt,batches/14_planning/v02-03_b0182.json,out/14_planning/v02-03_b0182.jsonl
full,14,planning,v02-03_b0183,10,2,20,7581,7590,batches/14_planning/v02-03_b0183.txt,batches/14_planning/v02-03_b0183.json,out/14_planning/v02-03_b0183.jsonl
full,14,planning,v02-03_b0184,10,2,20,7591,7600,batches/14_planning/v02-03_b0184.txt,batches/14_planning/v02-03_b0184.json,out/14_planning/v02-03_b0184.jsonl
full,14,planning,v02-03_b0185,10,2,20,7601,7610,batches/14_planning/v02-03_b0185.txt,batches/14_planning/v02-03_b0185.json,out/14_planning/v02-03_b0185.jsonl
full,14,planning,v02-03_b0186,10,2,20,7611,7620,batches/14_planning/v02-03_b0186.txt,batches/14_planning/v02-03_b0186.json,out/14_planning/v02-03_b0186.jsonl
full,14,planning,v02-03_b0187,10,2,20,7621,7630,batches/14_planning/v02-03_b0187.txt,batches/14_planning/v02-03_b0187.json,out/14_planning/v02-03_b0187.jsonl
full,14,planning,v02-03_b0188,10,2,20,7631,7640,batches/14_planning/v02-03_b0188.txt,batches/14_planning/v02-03_b0188.json,out/14_planning/v02-03_b0188.jsonl
full,14,planning,v02-03_b0189,10,2,20,7641,7650,batches/14_planning/v02-03_b0189.txt,batches/14_planning/v02-03_b0189.json,out/14_planning/v02-03_b0189.jsonl
full,14,planning,v02-03_b0190,10,2,20,7651,7660,batches/14_planning/v02-03_b0190.txt,batches/14_planning/v02-03_b0190.json,out/14_planning/v02-03_b0190.jsonl
full,14,planning,v02-03_b0191,10,2,20,7661,7670,batches/14_planning/v02-03_b0191.txt,batches/14_planning/v02-03_b0191.json,out/14_planning/v02-03_b0191.jsonl
full,14,planning,v02-03_b0192,10,2,20,7671,7680,batches/14_planning/v02-03_b0192.txt,batches/14_planning/v02-03_b0192.json,out/14_planning/v02-03_b0192.jsonl
full,14,planning,v02-03_b0193,9,2,18,7681,7689,batches/14_planning/v02-03_b0193.txt,batches/14_planning/v02-03_b0193.json,out/14_planning/v02-03_b0193.jsonl
